record_id,year_be,month,amphoe,sector,scope,activity_data,activity_unit,emission_tCO2e
1,2563,6,บ้านม่วง,การปลูกข้าว (Rice),1,104.5,ไร่ (rai),117.13
2,2563,7,นิคมน้ำอูน,การขนส่งทางถนน (On-road),1,5.0,1000 L,13.15
3,2563,11,เต่างอย,การปลูกข้าว (Rice),1,65.4,ไร่ (rai),81.23
4,2562,4,โคกศรีสุพรรณ,การปลูกข้าว (Rice),1,110.9,ไร่ (rai),116.24
5,2563,9,เต่างอย,การปลูกข้าว (Rice),1,63.1,ไร่ (rai),70.07
6,2562,7,เจริญศิลป์,การปลูกข้าว (Rice),1,70.4,ไร่ (rai),78.07
7,2563,3,อากาศอำนวย,ปศุสัตว์ (Livestock),1,216.2,unit,174.51
8,2562,1,วานรนิวาส,การขนส่งทางถนน (On-road),1,46.3,1000 L,121.95
9,2563,6,สว่างแดนดิน,การขนส่งทางถนน (On-road),1,26.4,1000 L,76.75
10,2563,1,พังโคน,ปศุสัตว์ (Livestock),1,165.3,unit,139.03
11,2564,8,สว่างแดนดิน,ดินที่จัดการ (Managed soil),1,170.3,unit,91.86
12,2564,10,ส่องดาว,การปลูกข้าว (Rice),1,70.1,ไร่ (rai),88.52
13,2564,5,อากาศอำนวย,การปลูกข้าว (Rice),1,85.7,ไร่ (rai),110.63
14,2563,6,ค้อวัง,การปลูกข้าว (Rice),1,101.0,ไร่ (rai),125.1
15,2562,10,พังโคน,ปศุสัตว์ (Livestock),1,74.6,unit,61.46
16,2564,5,เต่างอย,การปลูกข้าว (Rice),1,24.1,ไร่ (rai),26.25
17,2564,7,โคกศรีสุพรรณ,การขนส่งทางถนน (On-road),1,28.7,1000 L,74.49
18,2564,5,เต่างอย,ฝังกลบขยะ (Landfill),1,227.9,unit,191.43
19,2563,12,คำตากล้า,การปลูกข้าว (Rice),1,76.0,ไร่ (rai),91.32
20,2562,9,เมืองสกลนคร,การปลูกข้าว (Rice),1,71.5,ไร่ (rai),95.9
21,2562,4,นิคมน้ำอูน,การปลูกข้าว (Rice),1,70.9,ไร่ (rai),97.36
22,2563,10,ส่องดาว,การปลูกข้าว (Rice),1,88.7,ไร่ (rai),92.44
23,2563,7,สว่างแดนดิน,การปลูกข้าว (Rice),1,80.5,ไร่ (rai),94.19
24,2562,9,ค้อวัง,การปลูกข้าว (Rice),1,15.8,ไร่ (rai),21.72
25,2564,10,สว่างแดนดิน,ปศุสัตว์ (Livestock),1,17.8,unit,13.23
26,2562,7,พรรณานิคม,การปลูกข้าว (Rice),1,156.1,ไร่ (rai),176.42
27,2563,5,พรรณานิคม,พลังงานธุรกิจ (Commercial),2,164.0,unit,92.72
28,2564,11,โพนนาแก้ว,การปลูกข้าว (Rice),1,8.9,ไร่ (rai),9.16
29,2562,6,ส่องดาว,การปลูกข้าว (Rice),1,46.9,ไร่ (rai),63.97
30,2564,11,เต่างอย,การปลูกข้าว (Rice),1,98.5,ไร่ (rai),120.78
31,2562,4,วานรนิวาส,ปศุสัตว์ (Livestock),1,86.8,unit,72.11
32,2562,12,โคกศรีสุพรรณ,การขนส่งทางถนน (On-road),1,5.3,1000 L,13.42
33,2563,8,บ้านม่วง,การปลูกข้าว (Rice),1,119.3,ไร่ (rai),139.83
34,2564,1,กุสุมาลย์,การปลูกข้าว (Rice),1,43.8,ไร่ (rai),59.96
35,2563,3,คำตากล้า,ฝังกลบขยะ (Landfill),1,96.6,unit,73.14
36,2563,9,ส่องดาว,การปลูกข้าว (Rice),1,113.5,ไร่ (rai),154.33
37,2563,9,คำตากล้า,การขนส่งทางถนน (On-road),1,59.9,1000 L,183.82
38,2563,6,บ้านม่วง,การปลูกข้าว (Rice),1,116.8,ไร่ (rai),140.31
39,2564,2,กุสุมาลย์,การปลูกข้าว (Rice),1,124.3,ไร่ (rai),145.75
40,2563,3,เมืองสกลนคร,การขนส่งทางถนน (On-road),1,41.5,1000 L,114.63
41,2563,11,โคกศรีสุพรรณ,ปศุสัตว์ (Livestock),1,136.2,unit,99.09
42,2564,5,วานรนิวาส,การขนส่งทางถนน (On-road),1,38.3,1000 L,89.85
43,2563,9,คำตากล้า,การปลูกข้าว (Rice),1,36.5,ไร่ (rai),48.58
44,2563,7,เมืองสกลนคร,การขนส่งทางถนน (On-road),1,35.5,1000 L,90.05
45,2564,8,คำตากล้า,การขนส่งทางถนน (On-road),1,36.2,1000 L,108.65
46,2564,5,วาริชภูมิ,การปลูกข้าว (Rice),1,111.7,ไร่ (rai),131.03
47,2564,9,นิคมน้ำอูน,การขนส่งทางถนน (On-road),1,57.3,1000 L,146.39
48,2564,3,คำตากล้า,การปลูกข้าว (Rice),1,81.6,ไร่ (rai),91.57
49,2562,2,บ้านม่วง,การปลูกข้าว (Rice),1,106.4,ไร่ (rai),134.23
50,2562,5,เจริญศิลป์,การขนส่งทางถนน (On-road),1,31.2,1000 L,78.58
51,2563,6,โพนนาแก้ว,การปลูกข้าว (Rice),1,135.4,ไร่ (rai),163.26
52,2563,11,ค้อวัง,การปลูกข้าว (Rice),1,113.3,ไร่ (rai),149.57
53,2562,10,เมืองสกลนคร,พลังงานที่พักอาศัย (Residential),2,153.8,1000 kWh,73.02
54,2562,4,พรรณานิคม,การปลูกข้าว (Rice),1,99.9,ไร่ (rai),128.34
55,2562,6,พรรณานิคม,การขนส่งทางถนน (On-road),1,43.7,1000 L,111.44
56,2564,3,อากาศอำนวย,การปลูกข้าว (Rice),1,97.4,ไร่ (rai),118.84
57,2562,8,วาริชภูมิ,การปลูกข้าว (Rice),1,75.8,ไร่ (rai),92.6
58,2563,5,พรรณานิคม,การปลูกข้าว (Rice),1,89.7,ไร่ (rai),99.02
59,2562,2,เมืองสกลนคร,การปลูกข้าว (Rice),1,125.7,ไร่ (rai),159.12
60,2562,5,กุสุมาลย์,การปลูกข้าว (Rice),1,116.7,ไร่ (rai),123.1
61,2562,6,ภูพาน,น้ำเสีย (Wastewater),1,216.6,unit,109.21
62,2563,9,กุสุมาลย์,ปศุสัตว์ (Livestock),1,89.3,unit,75.01
63,2564,8,นิคมน้ำอูน,การปลูกข้าว (Rice),1,13.2,ไร่ (rai),14.57
64,2563,6,ค้อวัง,การปลูกข้าว (Rice),1,155.2,ไร่ (rai),180.75
65,2562,5,พังโคน,พลังงานที่พักอาศัย (Residential),2,226.6,1000 kWh,116.28
66,2563,10,โพนนาแก้ว,การปลูกข้าว (Rice),1,96.5,ไร่ (rai),109.14
67,2564,9,เจริญศิลป์,การขนส่งทางถนน (On-road),1,41.6,1000 L,116.3
68,2563,8,กุสุมาลย์,การปลูกข้าว (Rice),1,85.0,ไร่ (rai),95.58
69,2563,1,เมืองสกลนคร,การปลูกข้าว (Rice),1,124.4,ไร่ (rai),138.11
70,2562,11,สว่างแดนดิน,การปลูกข้าว (Rice),1,180.7,ไร่ (rai),207.95
71,2562,12,เมืองสกลนคร,ปศุสัตว์ (Livestock),1,45.9,unit,41.3
72,2564,10,ค้อวัง,การปลูกข้าว (Rice),1,91.6,ไร่ (rai),119.08
73,2563,8,เมืองสกลนคร,ฝังกลบขยะ (Landfill),1,160.4,unit,147.33
74,2564,6,เมืองสกลนคร,การปลูกข้าว (Rice),1,127.0,ไร่ (rai),161.7
75,2562,5,วาริชภูมิ,พลังงานที่พักอาศัย (Residential),2,294.8,1000 kWh,137.64
76,2562,9,เต่างอย,การปลูกข้าว (Rice),1,74.5,ไร่ (rai),79.65
77,2562,9,โคกศรีสุพรรณ,การขนส่งทางถนน (On-road),1,56.7,1000 L,135.65
78,2564,3,พังโคน,การปลูกข้าว (Rice),1,42.5,ไร่ (rai),48.41
79,2563,3,สว่างแดนดิน,น้ำเสีย (Wastewater),1,209.8,unit,105.15
80,2564,6,เจริญศิลป์,การปลูกข้าว (Rice),1,26.5,ไร่ (rai),31.71
81,2562,12,พรรณานิคม,การปลูกข้าว (Rice),1,124.3,ไร่ (rai),146.05
82,2562,12,โพนนาแก้ว,การปลูกข้าว (Rice),1,103.2,ไร่ (rai),140.59
83,2562,8,กุสุมาลย์,ดินที่จัดการ (Managed soil),1,267.8,unit,141.68
84,2562,3,สว่างแดนดิน,การขนส่งทางถนน (On-road),1,84.7,1000 L,232.13
85,2562,10,พรรณานิคม,การปลูกข้าว (Rice),1,60.0,ไร่ (rai),69.17
86,2562,9,ภูพาน,การปลูกข้าว (Rice),1,91.9,ไร่ (rai),97.33
87,2564,4,เต่างอย,การปลูกข้าว (Rice),1,56.6,ไร่ (rai),65.57
88,2563,4,เมืองสกลนคร,การขนส่งทางถนน (On-road),1,32.0,1000 L,89.51
89,2563,9,นิคมน้ำอูน,การปลูกข้าว (Rice),1,122.1,ไร่ (rai),160.19
90,2562,3,โคกศรีสุพรรณ,การปลูกข้าว (Rice),1,74.1,ไร่ (rai),86.57
91,2564,6,สว่างแดนดิน,ฝังกลบขยะ (Landfill),1,179.7,unit,135.01
92,2564,1,บ้านม่วง,การปลูกข้าว (Rice),1,62.4,ไร่ (rai),68.18
93,2563,2,เต่างอย,การขนส่งทางถนน (On-road),1,26.0,1000 L,71.25
94,2564,11,เต่างอย,การปลูกข้าว (Rice),1,99.4,ไร่ (rai),123.35
95,2564,8,เจริญศิลป์,พลังงานที่พักอาศัย (Residential),2,161.1,1000 kWh,80.84
96,2562,4,คำตากล้า,การปลูกข้าว (Rice),1,142.2,ไร่ (rai),148.67
97,2562,8,สว่างแดนดิน,การปลูกข้าว (Rice),1,70.6,ไร่ (rai),89.33
98,2564,10,วาริชภูมิ,การขนส่งทางถนน (On-road),1,5.0,1000 L,15.2
99,2564,11,กุสุมาลย์,การขนส่งทางถนน (On-road),1,34.4,1000 L,80.76
100,2564,12,ภูพาน,การปลูกข้าว (Rice),1,112.8,ไร่ (rai),146.02
101,2563,10,คำตากล้า,การปลูกข้าว (Rice),1,107.0,ไร่ (rai),112.0
102,2563,10,กุสุมาลย์,การปลูกข้าว (Rice),1,120.8,ไร่ (rai),123.68
103,2563,8,กุสุมาลย์,การปลูกข้าว (Rice),1,89.7,ไร่ (rai),109.54
104,2562,6,สว่างแดนดิน,การขนส่งทางถนน (On-road),1,60.6,1000 L,184.77
105,2563,7,วานรนิวาส,การปลูกข้าว (Rice),1,64.7,ไร่ (rai),81.48
106,2564,6,คำตากล้า,การปลูกข้าว (Rice),1,108.7,ไร่ (rai),147.39
107,2563,9,เมืองสกลนคร,การขนส่งทางถนน (On-road),1,35.0,1000 L,88.12
108,2564,1,เต่างอย,การปลูกข้าว (Rice),1,63.4,ไร่ (rai),71.9
109,2562,6,กุสุมาลย์,การปลูกข้าว (Rice),1,39.0,ไร่ (rai),44.34
110,2562,12,พังโคน,ปศุสัตว์ (Livestock),1,89.8,unit,75.86
111,2562,7,โพนนาแก้ว,พลังงานที่พักอาศัย (Residential),2,121.5,1000 kWh,66.37
112,2562,8,ส่องดาว,การขนส่งทางถนน (On-road),1,32.1,1000 L,77.8
113,2562,11,กุสุมาลย์,การปลูกข้าว (Rice),1,65.6,ไร่ (rai),70.03
114,2562,7,เจริญศิลป์,การขนส่งทางถนน (On-road),1,14.7,1000 L,38.31
115,2562,6,วาริชภูมิ,การปลูกข้าว (Rice),1,75.1,ไร่ (rai),94.26
116,2564,2,สว่างแดนดิน,การปลูกข้าว (Rice),1,80.7,ไร่ (rai),93.17
117,2562,11,ส่องดาว,การขนส่งทางถนน (On-road),1,39.5,1000 L,104.14
118,2562,10,โพนนาแก้ว,การขนส่งทางถนน (On-road),1,31.5,1000 L,73.57
119,2562,12,พังโคน,การปลูกข้าว (Rice),1,127.2,ไร่ (rai),143.48
120,2562,5,สว่างแดนดิน,การปลูกข้าว (Rice),1,65.1,ไร่ (rai),80.14
121,2563,2,คำตากล้า,การปลูกข้าว (Rice),1,92.8,ไร่ (rai),126.71
122,2563,7,นิคมน้ำอูน,น้ำเสีย (Wastewater),1,218.7,unit,121.07
123,2562,1,ค้อวัง,การขนส่งทางถนน (On-road),1,52.2,1000 L,149.95
124,2563,7,สว่างแดนดิน,การปลูกข้าว (Rice),1,145.1,ไร่ (rai),156.77
125,2564,7,เมืองสกลนคร,การขนส่งทางถนน (On-road),1,41.7,1000 L,103.0
126,2562,11,นิคมน้ำอูน,การปลูกข้าว (Rice),1,71.2,ไร่ (rai),91.11
127,2564,7,นิคมน้ำอูน,การขนส่งทางถนน (On-road),1,57.2,1000 L,163.15
128,2562,9,เต่างอย,การขนส่งทางถนน (On-road),1,31.1,1000 L,92.19
129,2562,12,นิคมน้ำอูน,ดินที่จัดการ (Managed soil),1,236.8,unit,125.93
130,2562,9,โพนนาแก้ว,การขนส่งทางถนน (On-road),1,54.3,1000 L,157.93
131,2562,5,สว่างแดนดิน,การปลูกข้าว (Rice),1,64.0,ไร่ (rai),70.69
132,2563,5,เต่างอย,การปลูกข้าว (Rice),1,122.6,ไร่ (rai),141.92
133,2562,1,โพนนาแก้ว,ปศุสัตว์ (Livestock),1,186.9,unit,150.25
134,2562,5,เต่างอย,ฝังกลบขยะ (Landfill),1,131.7,unit,116.31
135,2564,5,ภูพาน,การขนส่งทางถนน (On-road),1,16.7,1000 L,40.33
136,2563,7,นิคมน้ำอูน,การปลูกข้าว (Rice),1,87.1,ไร่ (rai),110.22
137,2562,9,พรรณานิคม,พลังงานที่พักอาศัย (Residential),2,14.3,1000 kWh,7.97
138,2564,9,พังโคน,การขนส่งทางถนน (On-road),1,39.7,1000 L,107.93
139,2562,4,โคกศรีสุพรรณ,การปลูกข้าว (Rice),1,109.0,ไร่ (rai),138.57
140,2563,7,ค้อวัง,การปลูกข้าว (Rice),1,32.4,ไร่ (rai),42.53
141,2562,3,ค้อวัง,การปลูกข้าว (Rice),1,110.7,ไร่ (rai),119.11
142,2563,7,วาริชภูมิ,การขนส่งทางถนน (On-road),1,45.3,1000 L,121.67
143,2562,5,วานรนิวาส,ฝังกลบขยะ (Landfill),1,143.1,unit,106.75
144,2564,1,บ้านม่วง,ปศุสัตว์ (Livestock),1,158.7,unit,113.28
145,2564,2,พรรณานิคม,น้ำเสีย (Wastewater),1,376.8,unit,204.59
146,2563,3,เมืองสกลนคร,การปลูกข้าว (Rice),1,131.0,ไร่ (rai),175.1
147,2563,6,วานรนิวาส,การปลูกข้าว (Rice),1,37.0,ไร่ (rai),48.67
148,2563,2,นิคมน้ำอูน,การขนส่งทางถนน (On-road),1,52.9,1000 L,157.53
149,2562,11,กุสุมาลย์,การปลูกข้าว (Rice),1,89.0,ไร่ (rai),117.78
150,2563,5,โคกศรีสุพรรณ,การปลูกข้าว (Rice),1,73.1,ไร่ (rai),93.57
151,2563,10,ค้อวัง,การขนส่งทางถนน (On-road),1,70.4,1000 L,213.84
152,2562,12,โพนนาแก้ว,การปลูกข้าว (Rice),1,116.0,ไร่ (rai),130.23
153,2563,7,เต่างอย,ปศุสัตว์ (Livestock),1,210.4,unit,177.93
154,2563,4,อากาศอำนวย,การขนส่งทางถนน (On-road),1,48.2,1000 L,140.7
155,2564,12,ค้อวัง,การขนส่งทางถนน (On-road),1,55.2,1000 L,148.05
156,2562,3,เจริญศิลป์,การปลูกข้าว (Rice),1,121.0,ไร่ (rai),143.31
157,2564,2,พังโคน,ปศุสัตว์ (Livestock),1,73.3,unit,56.34
158,2562,10,เต่างอย,ปศุสัตว์ (Livestock),1,108.5,unit,82.48
159,2562,4,เจริญศิลป์,การขนส่งทางถนน (On-road),1,37.9,1000 L,108.87
160,2562,12,อากาศอำนวย,การขนส่งทางถนน (On-road),1,57.1,1000 L,140.52
161,2564,8,โพนนาแก้ว,การขนส่งทางถนน (On-road),1,55.7,1000 L,143.23
162,2562,4,ค้อวัง,การปลูกข้าว (Rice),1,136.9,ไร่ (rai),167.14
163,2564,10,เต่างอย,การปลูกข้าว (Rice),1,37.7,ไร่ (rai),45.14
164,2564,7,นิคมน้ำอูน,การขนส่งทางถนน (On-road),1,42.5,1000 L,117.74
165,2563,3,เต่างอย,พลังงานที่พักอาศัย (Residential),2,83.3,1000 kWh,36.94
166,2562,12,ค้อวัง,ฝังกลบขยะ (Landfill),1,126.1,unit,95.46
167,2562,8,ค้อวัง,การปลูกข้าว (Rice),1,81.1,ไร่ (rai),106.95
168,2563,11,นิคมน้ำอูน,การปลูกข้าว (Rice),1,32.2,ไร่ (rai),38.59
169,2562,2,นิคมน้ำอูน,การปลูกข้าว (Rice),1,73.8,ไร่ (rai),97.75
170,2562,11,ค้อวัง,การปลูกข้าว (Rice),1,36.5,ไร่ (rai),49.1
171,2563,1,วาริชภูมิ,การปลูกข้าว (Rice),1,166.1,ไร่ (rai),177.61
172,2562,1,อากาศอำนวย,ปศุสัตว์ (Livestock),1,76.9,unit,55.25
173,2563,12,อากาศอำนวย,พลังงานธุรกิจ (Commercial),2,254.8,unit,155.07
174,2563,8,นิคมน้ำอูน,การปลูกข้าว (Rice),1,83.6,ไร่ (rai),95.48
175,2562,8,พังโคน,ดินที่จัดการ (Managed soil),1,138.5,unit,71.89
176,2562,12,คำตากล้า,การปลูกข้าว (Rice),1,137.7,ไร่ (rai),161.97
177,2563,4,สว่างแดนดิน,น้ำเสีย (Wastewater),1,144.2,unit,81.17
178,2562,4,วาริชภูมิ,ฝังกลบขยะ (Landfill),1,244.9,unit,218.54
179,2562,8,สว่างแดนดิน,การขนส่งทางถนน (On-road),1,18.9,1000 L,54.99
180,2562,1,สว่างแดนดิน,การปลูกข้าว (Rice),1,142.3,ไร่ (rai),174.62
181,2562,9,สว่างแดนดิน,การปลูกข้าว (Rice),1,119.3,ไร่ (rai),130.04
182,2564,1,ส่องดาว,การขนส่งทางถนน (On-road),1,20.1,1000 L,51.62
183,2564,10,ค้อวัง,ปศุสัตว์ (Livestock),1,183.4,unit,145.51
184,2564,10,พรรณานิคม,การปลูกข้าว (Rice),1,130.8,ไร่ (rai),162.45
185,2562,10,โคกศรีสุพรรณ,การขนส่งทางถนน (On-road),1,48.3,1000 L,125.61
186,2564,11,สว่างแดนดิน,การปลูกข้าว (Rice),1,146.6,ไร่ (rai),168.84
187,2563,7,สว่างแดนดิน,การปลูกข้าว (Rice),1,83.5,ไร่ (rai),109.88
188,2563,3,วาริชภูมิ,การปลูกข้าว (Rice),1,102.2,ไร่ (rai),112.33
189,2562,5,เต่างอย,ปศุสัตว์ (Livestock),1,189.6,unit,170.77
190,2563,2,วาริชภูมิ,การขนส่งทางถนน (On-road),1,37.6,1000 L,88.39
191,2562,7,เต่างอย,พลังงานที่พักอาศัย (Residential),2,102.3,1000 kWh,56.68
192,2564,3,สว่างแดนดิน,ปศุสัตว์ (Livestock),1,41.3,unit,33.5
193,2564,3,ค้อวัง,ปศุสัตว์ (Livestock),1,86.3,unit,72.36
194,2563,5,เจริญศิลป์,ปศุสัตว์ (Livestock),1,204.1,unit,148.7
195,2564,2,อากาศอำนวย,ดินที่จัดการ (Managed soil),1,369.2,unit,197.02
196,2563,8,วาริชภูมิ,พลังงานที่พักอาศัย (Residential),2,177.8,1000 kWh,76.37
197,2564,7,ส่องดาว,การปลูกข้าว (Rice),1,81.8,ไร่ (rai),101.29
198,2564,6,พังโคน,น้ำเสีย (Wastewater),1,152.4,unit,74.45
199,2563,10,ค้อวัง,พลังงานที่พักอาศัย (Residential),2,176.4,1000 kWh,78.63
200,2563,2,ส่องดาว,ปศุสัตว์ (Livestock),1,74.8,unit,60.77
201,2564,11,คำตากล้า,พลังงานที่พักอาศัย (Residential),2,235.6,1000 kWh,119.23
202,2564,6,อากาศอำนวย,พลังงานที่พักอาศัย (Residential),2,304.4,1000 kWh,142.7
203,2563,8,เมืองสกลนคร,การปลูกข้าว (Rice),1,91.4,ไร่ (rai),100.32
204,2563,11,วานรนิวาส,การปลูกข้าว (Rice),1,78.7,ไร่ (rai),90.54
205,2563,3,ส่องดาว,การปลูกข้าว (Rice),1,118.8,ไร่ (rai),141.5
206,2563,9,โพนนาแก้ว,การปลูกข้าว (Rice),1,43.3,ไร่ (rai),47.75
207,2564,3,วานรนิวาส,ฝังกลบขยะ (Landfill),1,85.8,unit,61.69
208,2562,11,ภูพาน,การขนส่งทางถนน (On-road),1,47.7,1000 L,136.12
209,2563,12,เต่างอย,การปลูกข้าว (Rice),1,133.4,ไร่ (rai),136.32
210,2562,5,ภูพาน,การปลูกข้าว (Rice),1,13.8,ไร่ (rai),17.97
211,2564,2,พรรณานิคม,ฝังกลบขยะ (Landfill),1,125.8,unit,101.14
212,2564,3,โพนนาแก้ว,การปลูกข้าว (Rice),1,79.6,ไร่ (rai),82.22
213,2562,1,กุสุมาลย์,ฝังกลบขยะ (Landfill),1,136.7,unit,109.24
214,2564,3,บ้านม่วง,การปลูกข้าว (Rice),1,78.3,ไร่ (rai),102.98
215,2564,1,สว่างแดนดิน,การปลูกข้าว (Rice),1,83.4,ไร่ (rai),112.89
216,2564,10,พรรณานิคม,การขนส่งทางถนน (On-road),1,47.2,1000 L,135.09
217,2564,2,กุสุมาลย์,การขนส่งทางถนน (On-road),1,29.6,1000 L,82.66
218,2564,3,โคกศรีสุพรรณ,การปลูกข้าว (Rice),1,62.2,ไร่ (rai),65.83
219,2564,4,วานรนิวาส,การขนส่งทางถนน (On-road),1,34.9,1000 L,97.8
220,2562,1,บ้านม่วง,พลังงานที่พักอาศัย (Residential),2,301.5,1000 kWh,165.83
221,2563,11,วาริชภูมิ,การปลูกข้าว (Rice),1,70.6,ไร่ (rai),93.65
222,2563,10,ค้อวัง,การปลูกข้าว (Rice),1,122.2,ไร่ (rai),164.09
223,2563,5,กุสุมาลย์,น้ำเสีย (Wastewater),1,248.5,unit,132.77
224,2563,6,เมืองสกลนคร,พลังงานธุรกิจ (Commercial),2,91.0,unit,56.71
225,2564,4,นิคมน้ำอูน,การปลูกข้าว (Rice),1,139.8,ไร่ (rai),146.19
226,2564,7,ส่องดาว,การปลูกข้าว (Rice),1,65.6,ไร่ (rai),78.04
227,2563,4,ภูพาน,พลังงานธุรกิจ (Commercial),2,157.2,unit,89.27
228,2564,4,พรรณานิคม,การปลูกข้าว (Rice),1,95.5,ไร่ (rai),124.03
229,2563,3,คำตากล้า,น้ำเสีย (Wastewater),1,247.6,unit,138.89
230,2563,5,บ้านม่วง,พลังงานที่พักอาศัย (Residential),2,389.7,1000 kWh,169.59
231,2563,1,วาริชภูมิ,การขนส่งทางถนน (On-road),1,82.2,1000 L,245.48
232,2563,11,ภูพาน,การปลูกข้าว (Rice),1,71.9,ไร่ (rai),97.23
233,2563,4,อากาศอำนวย,การปลูกข้าว (Rice),1,39.5,ไร่ (rai),50.83
234,2562,4,สว่างแดนดิน,การขนส่งทางถนน (On-road),1,43.9,1000 L,128.71
235,2564,1,โคกศรีสุพรรณ,การขนส่งทางถนน (On-road),1,43.0,1000 L,101.79
236,2563,12,พรรณานิคม,การขนส่งทางถนน (On-road),1,57.5,1000 L,170.68
237,2562,1,พรรณานิคม,การปลูกข้าว (Rice),1,199.5,ไร่ (rai),220.62
238,2564,8,วาริชภูมิ,การปลูกข้าว (Rice),1,135.6,ไร่ (rai),140.36
239,2564,8,โคกศรีสุพรรณ,ปศุสัตว์ (Livestock),1,168.1,unit,151.05
240,2562,12,เมืองสกลนคร,ปศุสัตว์ (Livestock),1,127.1,unit,110.99
241,2562,4,บ้านม่วง,ปศุสัตว์ (Livestock),1,106.5,unit,97.06
242,2564,7,บ้านม่วง,การปลูกข้าว (Rice),1,97.9,ไร่ (rai),105.11
243,2564,7,กุสุมาลย์,การปลูกข้าว (Rice),1,104.7,ไร่ (rai),121.71
244,2564,2,พังโคน,การปลูกข้าว (Rice),1,82.4,ไร่ (rai),96.03
245,2562,5,โพนนาแก้ว,การปลูกข้าว (Rice),1,124.2,ไร่ (rai),166.76
246,2563,11,โพนนาแก้ว,ดินที่จัดการ (Managed soil),1,229.7,unit,112.81
247,2562,9,วาริชภูมิ,การปลูกข้าว (Rice),1,48.2,ไร่ (rai),63.64
248,2562,9,ค้อวัง,พลังงานที่พักอาศัย (Residential),2,220.7,1000 kWh,98.55
249,2562,5,ส่องดาว,การปลูกข้าว (Rice),1,56.6,ไร่ (rai),70.8
250,2562,1,กุสุมาลย์,การปลูกข้าว (Rice),1,69.0,ไร่ (rai),74.36
251,2563,8,วาริชภูมิ,การขนส่งทางถนน (On-road),1,34.5,1000 L,82.01
252,2564,4,เมืองสกลนคร,ฝังกลบขยะ (Landfill),1,125.3,unit,106.76
253,2563,7,ค้อวัง,ปศุสัตว์ (Livestock),1,151.1,unit,107.13
254,2562,7,อากาศอำนวย,การขนส่งทางถนน (On-road),1,15.9,1000 L,49.04
255,2562,9,อากาศอำนวย,น้ำเสีย (Wastewater),1,354.5,unit,160.7
256,2564,12,พรรณานิคม,ปศุสัตว์ (Livestock),1,159.2,unit,143.63
257,2562,4,กุสุมาลย์,การปลูกข้าว (Rice),1,57.9,ไร่ (rai),72.39
258,2563,1,เจริญศิลป์,ปศุสัตว์ (Livestock),1,101.8,unit,84.6
259,2564,4,วาริชภูมิ,พลังงานที่พักอาศัย (Residential),2,229.8,1000 kWh,122.79
260,2564,2,โพนนาแก้ว,การขนส่งทางถนน (On-road),1,59.7,1000 L,149.66
261,2562,10,คำตากล้า,การปลูกข้าว (Rice),1,90.8,ไร่ (rai),102.01
262,2562,11,คำตากล้า,การขนส่งทางถนน (On-road),1,68.3,1000 L,196.02
263,2562,10,พังโคน,ฝังกลบขยะ (Landfill),1,108.3,unit,91.11
264,2564,11,โคกศรีสุพรรณ,การขนส่งทางถนน (On-road),1,26.8,1000 L,78.4
265,2563,12,อากาศอำนวย,การปลูกข้าว (Rice),1,118.0,ไร่ (rai),121.24
266,2563,12,วาริชภูมิ,การปลูกข้าว (Rice),1,51.5,ไร่ (rai),56.5
267,2563,2,เจริญศิลป์,การปลูกข้าว (Rice),1,211.0,ไร่ (rai),280.95
268,2562,2,นิคมน้ำอูน,น้ำเสีย (Wastewater),1,277.3,unit,149.16
269,2562,6,โพนนาแก้ว,ปศุสัตว์ (Livestock),1,162.8,unit,127.43
270,2564,9,คำตากล้า,การปลูกข้าว (Rice),1,54.2,ไร่ (rai),55.5
271,2562,2,บ้านม่วง,การขนส่งทางถนน (On-road),1,52.9,1000 L,130.96
272,2564,7,พังโคน,พลังงานธุรกิจ (Commercial),2,156.7,unit,88.57
273,2562,3,นิคมน้ำอูน,การปลูกข้าว (Rice),1,117.2,ไร่ (rai),161.2
274,2562,6,ภูพาน,การขนส่งทางถนน (On-road),1,16.1,1000 L,42.07
275,2562,10,สว่างแดนดิน,การขนส่งทางถนน (On-road),1,44.8,1000 L,108.47
276,2562,5,อากาศอำนวย,การปลูกข้าว (Rice),1,103.6,ไร่ (rai),113.27
277,2563,7,เจริญศิลป์,การปลูกข้าว (Rice),1,67.2,ไร่ (rai),87.23
278,2564,6,พรรณานิคม,การขนส่งทางถนน (On-road),1,41.5,1000 L,101.56
279,2564,10,กุสุมาลย์,การปลูกข้าว (Rice),1,87.4,ไร่ (rai),92.2
280,2562,7,เมืองสกลนคร,การปลูกข้าว (Rice),1,73.8,ไร่ (rai),90.63
281,2564,2,เต่างอย,ฝังกลบขยะ (Landfill),1,31.6,unit,26.71
282,2564,12,ส่องดาว,น้ำเสีย (Wastewater),1,146.3,unit,62.4
283,2562,8,สว่างแดนดิน,การขนส่งทางถนน (On-road),1,52.9,1000 L,144.25
284,2564,12,นิคมน้ำอูน,ปศุสัตว์ (Livestock),1,135.8,unit,103.13
285,2563,2,บ้านม่วง,ฝังกลบขยะ (Landfill),1,144.9,unit,103.14
286,2564,7,เมืองสกลนคร,การปลูกข้าว (Rice),1,54.6,ไร่ (rai),61.37
287,2562,7,คำตากล้า,การปลูกข้าว (Rice),1,66.8,ไร่ (rai),77.17
288,2563,5,คำตากล้า,การปลูกข้าว (Rice),1,92.7,ไร่ (rai),98.38
289,2563,3,กุสุมาลย์,การปลูกข้าว (Rice),1,83.9,ไร่ (rai),99.31
290,2563,6,เต่างอย,การปลูกข้าว (Rice),1,120.9,ไร่ (rai),127.57
291,2563,4,เมืองสกลนคร,การปลูกข้าว (Rice),1,143.6,ไร่ (rai),181.47
292,2563,5,นิคมน้ำอูน,ดินที่จัดการ (Managed soil),1,63.4,unit,35.11
293,2564,10,พรรณานิคม,การขนส่งทางถนน (On-road),1,51.1,1000 L,150.61
294,2563,8,พังโคน,การปลูกข้าว (Rice),1,98.0,ไร่ (rai),121.07
295,2562,5,โคกศรีสุพรรณ,การขนส่งทางถนน (On-road),1,47.1,1000 L,115.51
296,2564,12,วานรนิวาส,การขนส่งทางถนน (On-road),1,7.1,1000 L,21.08
297,2563,4,เมืองสกลนคร,พลังงานที่พักอาศัย (Residential),2,151.5,1000 kWh,76.95
298,2562,8,ส่องดาว,พลังงานที่พักอาศัย (Residential),2,400.1,1000 kWh,224.97
299,2563,2,คำตากล้า,การปลูกข้าว (Rice),1,152.3,ไร่ (rai),181.46
300,2564,2,คำตากล้า,การขนส่งทางถนน (On-road),1,65.8,1000 L,192.2
301,2563,9,สว่างแดนดิน,การปลูกข้าว (Rice),1,100.5,ไร่ (rai),130.55
302,2563,4,เต่างอย,การปลูกข้าว (Rice),1,77.6,ไร่ (rai),87.07
303,2564,8,กุสุมาลย์,การปลูกข้าว (Rice),1,77.6,ไร่ (rai),89.09
304,2562,1,โพนนาแก้ว,การปลูกข้าว (Rice),1,81.0,ไร่ (rai),98.36
305,2562,7,เจริญศิลป์,ปศุสัตว์ (Livestock),1,73.6,unit,51.84
306,2563,9,กุสุมาลย์,ปศุสัตว์ (Livestock),1,120.3,unit,99.27
307,2564,1,พรรณานิคม,พลังงานธุรกิจ (Commercial),2,97.3,unit,61.43
308,2563,8,พรรณานิคม,การขนส่งทางถนน (On-road),1,45.0,1000 L,120.07
309,2564,4,พังโคน,การขนส่งทางถนน (On-road),1,57.4,1000 L,141.82
310,2562,10,ค้อวัง,การปลูกข้าว (Rice),1,54.3,ไร่ (rai),65.27
311,2564,6,เต่างอย,ดินที่จัดการ (Managed soil),1,308.2,unit,150.88
312,2563,4,คำตากล้า,การปลูกข้าว (Rice),1,96.4,ไร่ (rai),125.44
313,2562,10,โพนนาแก้ว,ฝังกลบขยะ (Landfill),1,92.1,unit,65.94
314,2563,2,เจริญศิลป์,ปศุสัตว์ (Livestock),1,108.7,unit,74.19
315,2562,3,โคกศรีสุพรรณ,การปลูกข้าว (Rice),1,129.2,ไร่ (rai),134.38
316,2564,5,คำตากล้า,การขนส่งทางถนน (On-road),1,27.7,1000 L,68.47
317,2564,10,พรรณานิคม,ปศุสัตว์ (Livestock),1,259.4,unit,214.28
318,2564,7,ภูพาน,การปลูกข้าว (Rice),1,108.9,ไร่ (rai),120.96
319,2564,1,บ้านม่วง,การปลูกข้าว (Rice),1,28.9,ไร่ (rai),39.19
320,2564,11,วาริชภูมิ,ปศุสัตว์ (Livestock),1,154.2,unit,119.97
321,2562,4,เต่างอย,การปลูกข้าว (Rice),1,73.9,ไร่ (rai),86.1
322,2563,10,คำตากล้า,การปลูกข้าว (Rice),1,67.3,ไร่ (rai),75.69
323,2563,5,พังโคน,การปลูกข้าว (Rice),1,76.1,ไร่ (rai),84.4
324,2564,10,เต่างอย,การขนส่งทางถนน (On-road),1,22.4,1000 L,59.22
325,2562,2,เจริญศิลป์,การปลูกข้าว (Rice),1,30.5,ไร่ (rai),39.5
326,2563,12,คำตากล้า,การปลูกข้าว (Rice),1,97.4,ไร่ (rai),119.08
327,2562,5,ภูพาน,การขนส่งทางถนน (On-road),1,35.2,1000 L,107.42
328,2564,1,พังโคน,การปลูกข้าว (Rice),1,126.9,ไร่ (rai),172.65
329,2562,6,ส่องดาว,การปลูกข้าว (Rice),1,118.4,ไร่ (rai),138.79
330,2562,4,พังโคน,การปลูกข้าว (Rice),1,116.9,ไร่ (rai),120.59
331,2564,2,นิคมน้ำอูน,การปลูกข้าว (Rice),1,48.4,ไร่ (rai),66.14
332,2562,2,คำตากล้า,การปลูกข้าว (Rice),1,121.2,ไร่ (rai),163.26
333,2564,9,วานรนิวาส,การปลูกข้าว (Rice),1,80.4,ไร่ (rai),93.56
334,2563,11,ภูพาน,การขนส่งทางถนน (On-road),1,9.5,1000 L,23.37
335,2564,6,นิคมน้ำอูน,การขนส่งทางถนน (On-road),1,42.7,1000 L,118.88
336,2562,3,อากาศอำนวย,การปลูกข้าว (Rice),1,32.4,ไร่ (rai),38.88
337,2562,3,เมืองสกลนคร,การขนส่งทางถนน (On-road),1,25.1,1000 L,70.32
338,2564,10,พังโคน,การปลูกข้าว (Rice),1,77.7,ไร่ (rai),84.02
339,2562,8,โคกศรีสุพรรณ,การขนส่งทางถนน (On-road),1,50.2,1000 L,140.24
340,2563,7,วานรนิวาส,ดินที่จัดการ (Managed soil),1,303.0,unit,154.79
341,2562,3,เต่างอย,การปลูกข้าว (Rice),1,88.5,ไร่ (rai),104.93
342,2563,12,ค้อวัง,การปลูกข้าว (Rice),1,138.2,ไร่ (rai),178.64
343,2562,2,คำตากล้า,การปลูกข้าว (Rice),1,99.9,ไร่ (rai),105.25
344,2562,11,วานรนิวาส,การปลูกข้าว (Rice),1,5.0,ไร่ (rai),5.57
345,2562,7,โพนนาแก้ว,การขนส่งทางถนน (On-road),1,5.0,1000 L,14.55
346,2563,2,โคกศรีสุพรรณ,การขนส่งทางถนน (On-road),1,40.7,1000 L,98.93
347,2562,3,นิคมน้ำอูน,การปลูกข้าว (Rice),1,53.5,ไร่ (rai),69.48
348,2564,5,วานรนิวาส,การปลูกข้าว (Rice),1,9.8,ไร่ (rai),11.81
349,2564,11,กุสุมาลย์,การปลูกข้าว (Rice),1,122.1,ไร่ (rai),166.26
350,2562,8,ภูพาน,การขนส่งทางถนน (On-road),1,65.0,1000 L,177.8
351,2563,10,วานรนิวาส,การปลูกข้าว (Rice),1,114.5,ไร่ (rai),157.1
352,2564,9,โคกศรีสุพรรณ,การขนส่งทางถนน (On-road),1,21.8,1000 L,57.43
353,2564,7,บ้านม่วง,การปลูกข้าว (Rice),1,43.1,ไร่ (rai),50.22
354,2563,10,วานรนิวาส,การปลูกข้าว (Rice),1,67.8,ไร่ (rai),79.38
355,2564,9,สว่างแดนดิน,พลังงานธุรกิจ (Commercial),2,149.4,unit,97.55
356,2562,11,ส่องดาว,การขนส่งทางถนน (On-road),1,31.6,1000 L,82.07
357,2563,8,เต่างอย,การปลูกข้าว (Rice),1,98.7,ไร่ (rai),106.84
358,2564,11,สว่างแดนดิน,น้ำเสีย (Wastewater),1,290.1,unit,136.34
359,2563,4,กุสุมาลย์,การปลูกข้าว (Rice),1,108.4,ไร่ (rai),133.18
360,2564,1,เจริญศิลป์,ปศุสัตว์ (Livestock),1,152.4,unit,108.61
361,2562,9,เต่างอย,ปศุสัตว์ (Livestock),1,169.2,unit,142.44
362,2563,6,กุสุมาลย์,การปลูกข้าว (Rice),1,93.6,ไร่ (rai),97.59
363,2564,8,พรรณานิคม,การปลูกข้าว (Rice),1,76.9,ไร่ (rai),106.02
364,2563,5,วาริชภูมิ,พลังงานที่พักอาศัย (Residential),2,309.7,1000 kWh,158.84
365,2564,3,โคกศรีสุพรรณ,การขนส่งทางถนน (On-road),1,50.1,1000 L,138.17
366,2563,8,พังโคน,การปลูกข้าว (Rice),1,100.2,ไร่ (rai),136.38
367,2563,6,โพนนาแก้ว,การปลูกข้าว (Rice),1,95.9,ไร่ (rai),105.08
368,2563,1,วานรนิวาส,การปลูกข้าว (Rice),1,109.3,ไร่ (rai),122.96
369,2563,2,ค้อวัง,การปลูกข้าว (Rice),1,150.8,ไร่ (rai),183.59
370,2564,7,คำตากล้า,การขนส่งทางถนน (On-road),1,26.5,1000 L,71.82
371,2563,8,นิคมน้ำอูน,พลังงานที่พักอาศัย (Residential),2,112.9,1000 kWh,51.13
372,2563,12,โพนนาแก้ว,การขนส่งทางถนน (On-road),1,39.7,1000 L,92.04
373,2562,7,ภูพาน,พลังงานที่พักอาศัย (Residential),2,199.9,1000 kWh,105.44
374,2563,4,เมืองสกลนคร,ปศุสัตว์ (Livestock),1,188.6,unit,145.31
375,2563,10,ภูพาน,การปลูกข้าว (Rice),1,87.3,ไร่ (rai),114.37
376,2562,4,เมืองสกลนคร,ปศุสัตว์ (Livestock),1,37.4,unit,32.67
377,2564,3,เจริญศิลป์,การขนส่งทางถนน (On-road),1,28.0,1000 L,65.88
378,2564,8,โคกศรีสุพรรณ,การปลูกข้าว (Rice),1,32.8,ไร่ (rai),42.11
379,2562,8,ภูพาน,ปศุสัตว์ (Livestock),1,111.9,unit,87.4
380,2562,7,กุสุมาลย์,การปลูกข้าว (Rice),1,78.4,ไร่ (rai),106.01
381,2563,1,นิคมน้ำอูน,การปลูกข้าว (Rice),1,41.2,ไร่ (rai),55.39
382,2564,1,วาริชภูมิ,การขนส่งทางถนน (On-road),1,27.9,1000 L,71.73
383,2563,10,นิคมน้ำอูน,ดินที่จัดการ (Managed soil),1,233.0,unit,107.57
384,2563,10,ภูพาน,การปลูกข้าว (Rice),1,49.3,ไร่ (rai),53.21
385,2563,2,พังโคน,การปลูกข้าว (Rice),1,93.6,ไร่ (rai),108.32
386,2563,4,เต่างอย,การปลูกข้าว (Rice),1,55.7,ไร่ (rai),64.27
387,2562,12,กุสุมาลย์,การปลูกข้าว (Rice),1,130.5,ไร่ (rai),176.48
388,2563,12,ค้อวัง,การปลูกข้าว (Rice),1,71.2,ไร่ (rai),90.12
389,2564,2,คำตากล้า,พลังงานที่พักอาศัย (Residential),2,157.5,1000 kWh,71.24
390,2563,9,ภูพาน,ดินที่จัดการ (Managed soil),1,223.2,unit,105.72
391,2563,1,โคกศรีสุพรรณ,การปลูกข้าว (Rice),1,89.0,ไร่ (rai),116.83
392,2564,4,อากาศอำนวย,ปศุสัตว์ (Livestock),1,103.0,unit,70.37
393,2562,6,พังโคน,การปลูกข้าว (Rice),1,40.6,ไร่ (rai),51.44
394,2562,11,ภูพาน,การปลูกข้าว (Rice),1,76.8,ไร่ (rai),82.8
395,2562,10,เมืองสกลนคร,การปลูกข้าว (Rice),1,104.4,ไร่ (rai),118.26
396,2562,7,กุสุมาลย์,พลังงานธุรกิจ (Commercial),2,172.9,unit,118.78
397,2564,12,เมืองสกลนคร,การขนส่งทางถนน (On-road),1,56.4,1000 L,149.47
398,2564,8,ค้อวัง,การปลูกข้าว (Rice),1,35.7,ไร่ (rai),45.54
399,2564,12,ส่องดาว,การปลูกข้าว (Rice),1,77.1,ไร่ (rai),91.64
400,2562,6,โพนนาแก้ว,การปลูกข้าว (Rice),1,61.8,ไร่ (rai),73.58
401,2562,3,คำตากล้า,การปลูกข้าว (Rice),1,68.7,ไร่ (rai),82.63
402,2562,11,คำตากล้า,การปลูกข้าว (Rice),1,89.3,ไร่ (rai),110.86
403,2563,4,ส่องดาว,การปลูกข้าว (Rice),1,51.7,ไร่ (rai),53.93
404,2564,12,นิคมน้ำอูน,การขนส่งทางถนน (On-road),1,32.5,1000 L,75.98
405,2564,5,พังโคน,การปลูกข้าว (Rice),1,45.8,ไร่ (rai),49.22
406,2562,1,คำตากล้า,ฝังกลบขยะ (Landfill),1,80.4,unit,66.79
407,2564,10,คำตากล้า,ฝังกลบขยะ (Landfill),1,165.7,unit,136.17
408,2563,4,ภูพาน,ฝังกลบขยะ (Landfill),1,148.6,unit,111.06
409,2564,10,เมืองสกลนคร,การขนส่งทางถนน (On-road),1,42.7,1000 L,99.56
410,2564,10,บ้านม่วง,การปลูกข้าว (Rice),1,42.7,ไร่ (rai),50.01
411,2563,9,ค้อวัง,พลังงานธุรกิจ (Commercial),2,183.9,unit,123.57
412,2562,7,นิคมน้ำอูน,การขนส่งทางถนน (On-road),1,38.8,1000 L,102.46
413,2563,6,เมืองสกลนคร,การปลูกข้าว (Rice),1,90.8,ไร่ (rai),98.55
414,2564,4,ส่องดาว,การขนส่งทางถนน (On-road),1,30.3,1000 L,71.96
415,2562,8,เต่างอย,การปลูกข้าว (Rice),1,112.4,ไร่ (rai),136.89
416,2564,10,เมืองสกลนคร,การปลูกข้าว (Rice),1,81.1,ไร่ (rai),111.91
417,2564,1,พังโคน,การปลูกข้าว (Rice),1,96.3,ไร่ (rai),109.05
418,2563,12,วานรนิวาส,การปลูกข้าว (Rice),1,26.1,ไร่ (rai),29.06
419,2564,4,นิคมน้ำอูน,การขนส่งทางถนน (On-road),1,23.6,1000 L,70.76
420,2562,9,สว่างแดนดิน,การขนส่งทางถนน (On-road),1,19.2,1000 L,53.82
421,2563,8,วานรนิวาส,การปลูกข้าว (Rice),1,104.6,ไร่ (rai),125.42
422,2563,10,เมืองสกลนคร,ฝังกลบขยะ (Landfill),1,181.8,unit,157.34
423,2562,4,วาริชภูมิ,การขนส่งทางถนน (On-road),1,54.6,1000 L,133.4
424,2564,1,พังโคน,ดินที่จัดการ (Managed soil),1,129.2,unit,65.62
425,2564,5,เมืองสกลนคร,การปลูกข้าว (Rice),1,35.6,ไร่ (rai),45.87
426,2562,10,วาริชภูมิ,ดินที่จัดการ (Managed soil),1,323.3,unit,153.4
427,2562,4,พรรณานิคม,การปลูกข้าว (Rice),1,99.6,ไร่ (rai),116.72
428,2564,12,นิคมน้ำอูน,พลังงานธุรกิจ (Commercial),2,106.8,unit,70.24
429,2564,10,กุสุมาลย์,การปลูกข้าว (Rice),1,119.7,ไร่ (rai),129.02
430,2562,9,สว่างแดนดิน,ดินที่จัดการ (Managed soil),1,265.0,unit,136.51
431,2564,9,เมืองสกลนคร,การปลูกข้าว (Rice),1,40.6,ไร่ (rai),51.17
432,2562,10,โคกศรีสุพรรณ,การปลูกข้าว (Rice),1,95.5,ไร่ (rai),106.09
433,2563,6,บ้านม่วง,ปศุสัตว์ (Livestock),1,135.1,unit,98.44
434,2563,2,พังโคน,การขนส่งทางถนน (On-road),1,51.7,1000 L,149.04
435,2562,12,คำตากล้า,การปลูกข้าว (Rice),1,141.5,ไร่ (rai),187.91
436,2562,6,โพนนาแก้ว,การขนส่งทางถนน (On-road),1,37.1,1000 L,86.72
437,2562,6,วานรนิวาส,การขนส่งทางถนน (On-road),1,56.4,1000 L,134.07
438,2562,10,บ้านม่วง,การปลูกข้าว (Rice),1,35.1,ไร่ (rai),35.96
439,2564,1,เต่างอย,การปลูกข้าว (Rice),1,65.2,ไร่ (rai),87.58
440,2562,12,วานรนิวาส,การปลูกข้าว (Rice),1,105.5,ไร่ (rai),140.28
441,2563,6,ค้อวัง,การปลูกข้าว (Rice),1,120.8,ไร่ (rai),141.72
442,2564,7,โพนนาแก้ว,การขนส่งทางถนน (On-road),1,27.8,1000 L,78.28
443,2563,1,เต่างอย,การปลูกข้าว (Rice),1,146.7,ไร่ (rai),156.84
444,2563,3,พรรณานิคม,การปลูกข้าว (Rice),1,58.2,ไร่ (rai),65.25
445,2563,2,วาริชภูมิ,การปลูกข้าว (Rice),1,75.2,ไร่ (rai),101.45
446,2563,4,พังโคน,ปศุสัตว์ (Livestock),1,90.8,unit,76.53
447,2564,3,โพนนาแก้ว,การปลูกข้าว (Rice),1,131.1,ไร่ (rai),148.95
448,2564,4,ส่องดาว,ปศุสัตว์ (Livestock),1,176.5,unit,136.14
449,2563,10,พรรณานิคม,ปศุสัตว์ (Livestock),1,42.9,unit,30.28
450,2564,11,พรรณานิคม,การปลูกข้าว (Rice),1,6.5,ไร่ (rai),7.86
451,2563,3,วาริชภูมิ,การปลูกข้าว (Rice),1,86.7,ไร่ (rai),97.18
452,2562,8,วานรนิวาส,ปศุสัตว์ (Livestock),1,83.9,unit,61.35
453,2562,8,พังโคน,พลังงานธุรกิจ (Commercial),2,119.3,unit,77.8
454,2562,10,ค้อวัง,การขนส่งทางถนน (On-road),1,46.0,1000 L,139.77
455,2562,10,วาริชภูมิ,การขนส่งทางถนน (On-road),1,16.4,1000 L,40.3
456,2562,8,วานรนิวาส,การปลูกข้าว (Rice),1,25.4,ไร่ (rai),34.52
457,2563,2,เจริญศิลป์,การขนส่งทางถนน (On-road),1,63.3,1000 L,149.8
458,2563,3,เมืองสกลนคร,การปลูกข้าว (Rice),1,77.5,ไร่ (rai),80.99
459,2563,11,ภูพาน,ฝังกลบขยะ (Landfill),1,174.3,unit,118.62
460,2564,5,ค้อวัง,การปลูกข้าว (Rice),1,47.7,ไร่ (rai),62.39
461,2562,10,พังโคน,การปลูกข้าว (Rice),1,79.8,ไร่ (rai),101.75
462,2562,1,บ้านม่วง,น้ำเสีย (Wastewater),1,259.4,unit,129.01
463,2562,8,คำตากล้า,การขนส่งทางถนน (On-road),1,27.5,1000 L,79.59
464,2564,4,วานรนิวาส,การขนส่งทางถนน (On-road),1,67.4,1000 L,190.99
465,2562,4,วานรนิวาส,การปลูกข้าว (Rice),1,75.0,ไร่ (rai),90.48
466,2562,4,ส่องดาว,การขนส่งทางถนน (On-road),1,7.9,1000 L,24.17
467,2562,7,คำตากล้า,การปลูกข้าว (Rice),1,117.1,ไร่ (rai),159.71
468,2563,8,พังโคน,การขนส่งทางถนน (On-road),1,66.9,1000 L,204.05
469,2562,8,บ้านม่วง,การขนส่งทางถนน (On-road),1,54.0,1000 L,127.43
470,2564,6,ค้อวัง,ปศุสัตว์ (Livestock),1,53.9,unit,42.61
471,2564,2,สว่างแดนดิน,การปลูกข้าว (Rice),1,167.9,ไร่ (rai),228.42
472,2563,1,สว่างแดนดิน,พลังงานที่พักอาศัย (Residential),2,121.3,1000 kWh,67.96
473,2562,3,โคกศรีสุพรรณ,การปลูกข้าว (Rice),1,139.0,ไร่ (rai),154.39
474,2563,4,พังโคน,การปลูกข้าว (Rice),1,5.0,ไร่ (rai),6.4
475,2562,1,ค้อวัง,การปลูกข้าว (Rice),1,87.2,ไร่ (rai),116.22
476,2563,2,โพนนาแก้ว,การปลูกข้าว (Rice),1,15.5,ไร่ (rai),18.43
477,2562,7,ส่องดาว,พลังงานที่พักอาศัย (Residential),2,238.3,1000 kWh,109.53
478,2563,6,พังโคน,การปลูกข้าว (Rice),1,30.3,ไร่ (rai),34.52
479,2563,10,ภูพาน,การปลูกข้าว (Rice),1,72.1,ไร่ (rai),76.09
480,2564,1,โพนนาแก้ว,ปศุสัตว์ (Livestock),1,165.5,unit,120.02
481,2562,11,วาริชภูมิ,การปลูกข้าว (Rice),1,97.1,ไร่ (rai),108.59
482,2562,8,ค้อวัง,การปลูกข้าว (Rice),1,51.2,ไร่ (rai),67.04
483,2563,4,บ้านม่วง,การขนส่งทางถนน (On-road),1,44.0,1000 L,126.88
484,2562,6,เต่างอย,ดินที่จัดการ (Managed soil),1,297.9,unit,162.69
485,2562,11,เมืองสกลนคร,การขนส่งทางถนน (On-road),1,50.2,1000 L,144.45
486,2563,4,อากาศอำนวย,การขนส่งทางถนน (On-road),1,34.5,1000 L,84.37
487,2564,3,เจริญศิลป์,การปลูกข้าว (Rice),1,80.3,ไร่ (rai),100.15
488,2562,8,เต่างอย,การปลูกข้าว (Rice),1,112.2,ไร่ (rai),119.26
489,2564,10,คำตากล้า,การปลูกข้าว (Rice),1,77.7,ไร่ (rai),105.03
490,2562,3,กุสุมาลย์,ฝังกลบขยะ (Landfill),1,108.4,unit,98.46
491,2562,2,นิคมน้ำอูน,การปลูกข้าว (Rice),1,63.5,ไร่ (rai),75.19
492,2562,2,นิคมน้ำอูน,การปลูกข้าว (Rice),1,50.6,ไร่ (rai),51.78
493,2562,5,โพนนาแก้ว,ปศุสัตว์ (Livestock),1,225.1,unit,192.25
494,2562,7,ภูพาน,การปลูกข้าว (Rice),1,5.0,ไร่ (rai),5.92
495,2563,4,นิคมน้ำอูน,น้ำเสีย (Wastewater),1,146.6,unit,64.51
496,2562,4,เต่างอย,การปลูกข้าว (Rice),1,126.5,ไร่ (rai),152.69
497,2562,9,อากาศอำนวย,การปลูกข้าว (Rice),1,133.4,ไร่ (rai),137.22
498,2563,6,ภูพาน,การปลูกข้าว (Rice),1,115.7,ไร่ (rai),158.28
499,2563,12,นิคมน้ำอูน,การปลูกข้าว (Rice),1,83.9,ไร่ (rai),88.8
500,2562,4,พังโคน,การปลูกข้าว (Rice),1,141.7,ไร่ (rai),186.01
501,2563,12,ค้อวัง,การปลูกข้าว (Rice),1,63.0,ไร่ (rai),82.23
502,2564,8,โพนนาแก้ว,การปลูกข้าว (Rice),1,118.6,ไร่ (rai),128.68
503,2564,10,นิคมน้ำอูน,การปลูกข้าว (Rice),1,67.0,ไร่ (rai),86.09
504,2562,11,เจริญศิลป์,ปศุสัตว์ (Livestock),1,145.3,unit,118.39
505,2564,6,เจริญศิลป์,ดินที่จัดการ (Managed soil),1,169.1,unit,85.75
506,2562,10,ค้อวัง,การปลูกข้าว (Rice),1,26.3,ไร่ (rai),28.5
507,2562,12,เมืองสกลนคร,ปศุสัตว์ (Livestock),1,75.4,unit,57.3
508,2564,6,เจริญศิลป์,การขนส่งทางถนน (On-road),1,31.1,1000 L,90.59
509,2563,4,อากาศอำนวย,การปลูกข้าว (Rice),1,92.5,ไร่ (rai),101.33
510,2563,10,ส่องดาว,การปลูกข้าว (Rice),1,45.4,ไร่ (rai),59.07
511,2563,6,กุสุมาลย์,การขนส่งทางถนน (On-road),1,38.6,1000 L,117.22
512,2562,8,นิคมน้ำอูน,การขนส่งทางถนน (On-road),1,28.2,1000 L,85.87
513,2564,2,วาริชภูมิ,ปศุสัตว์ (Livestock),1,95.7,unit,80.8
514,2562,10,โคกศรีสุพรรณ,การปลูกข้าว (Rice),1,81.9,ไร่ (rai),99.29
515,2563,3,ภูพาน,ดินที่จัดการ (Managed soil),1,209.6,unit,96.47
516,2563,9,โพนนาแก้ว,การปลูกข้าว (Rice),1,87.0,ไร่ (rai),113.79
517,2564,1,คำตากล้า,การขนส่งทางถนน (On-road),1,34.5,1000 L,82.06
518,2562,2,สว่างแดนดิน,ปศุสัตว์ (Livestock),1,108.4,unit,91.1
519,2564,7,ภูพาน,การปลูกข้าว (Rice),1,141.4,ไร่ (rai),186.99
520,2562,11,โคกศรีสุพรรณ,การปลูกข้าว (Rice),1,59.4,ไร่ (rai),74.3
521,2564,10,อากาศอำนวย,การปลูกข้าว (Rice),1,37.3,ไร่ (rai),42.2
522,2563,6,ค้อวัง,การปลูกข้าว (Rice),1,120.2,ไร่ (rai),144.87
523,2562,11,พังโคน,การปลูกข้าว (Rice),1,109.4,ไร่ (rai),116.16
524,2564,10,โคกศรีสุพรรณ,ฝังกลบขยะ (Landfill),1,134.4,unit,92.17
525,2564,2,คำตากล้า,การขนส่งทางถนน (On-road),1,39.7,1000 L,99.26
526,2564,4,วานรนิวาส,การปลูกข้าว (Rice),1,16.0,ไร่ (rai),17.85
527,2564,8,โพนนาแก้ว,พลังงานที่พักอาศัย (Residential),2,380.2,1000 kWh,180.78
528,2564,12,เมืองสกลนคร,การปลูกข้าว (Rice),1,120.4,ไร่ (rai),159.94
529,2564,4,บ้านม่วง,การปลูกข้าว (Rice),1,80.7,ไร่ (rai),87.76
530,2564,2,เมืองสกลนคร,การปลูกข้าว (Rice),1,84.5,ไร่ (rai),90.43
531,2563,10,เจริญศิลป์,การปลูกข้าว (Rice),1,116.3,ไร่ (rai),143.2
532,2562,3,คำตากล้า,พลังงานธุรกิจ (Commercial),2,92.3,unit,52.66
533,2563,4,ภูพาน,การขนส่งทางถนน (On-road),1,34.7,1000 L,93.2
534,2563,4,เมืองสกลนคร,การขนส่งทางถนน (On-road),1,48.4,1000 L,144.7
535,2562,11,โพนนาแก้ว,การปลูกข้าว (Rice),1,34.2,ไร่ (rai),36.32
536,2563,1,วานรนิวาส,การปลูกข้าว (Rice),1,69.3,ไร่ (rai),81.8
537,2563,10,วาริชภูมิ,การขนส่งทางถนน (On-road),1,38.3,1000 L,88.78
538,2563,9,ส่องดาว,ปศุสัตว์ (Livestock),1,181.3,unit,165.48
539,2562,5,พรรณานิคม,การปลูกข้าว (Rice),1,105.5,ไร่ (rai),115.18
540,2562,4,ค้อวัง,การปลูกข้าว (Rice),1,113.6,ไร่ (rai),117.21
541,2562,10,วานรนิวาส,ดินที่จัดการ (Managed soil),1,221.7,unit,120.55
542,2563,1,ค้อวัง,การขนส่งทางถนน (On-road),1,29.9,1000 L,74.75
543,2564,11,สว่างแดนดิน,พลังงานธุรกิจ (Commercial),2,183.8,unit,111.98
544,2562,5,ภูพาน,พลังงานที่พักอาศัย (Residential),2,248.8,1000 kWh,130.98
545,2562,3,นิคมน้ำอูน,การปลูกข้าว (Rice),1,102.5,ไร่ (rai),105.14
546,2562,1,กุสุมาลย์,การปลูกข้าว (Rice),1,82.6,ไร่ (rai),98.1
547,2562,8,บ้านม่วง,น้ำเสีย (Wastewater),1,272.7,unit,138.94
548,2562,1,เต่างอย,การปลูกข้าว (Rice),1,93.2,ไร่ (rai),121.43
549,2564,9,นิคมน้ำอูน,ปศุสัตว์ (Livestock),1,172.0,unit,157.31
550,2563,11,โพนนาแก้ว,การปลูกข้าว (Rice),1,95.9,ไร่ (rai),109.01
551,2564,10,บ้านม่วง,การปลูกข้าว (Rice),1,110.0,ไร่ (rai),147.68
552,2564,2,เจริญศิลป์,การปลูกข้าว (Rice),1,50.7,ไร่ (rai),67.23
553,2564,8,กุสุมาลย์,การปลูกข้าว (Rice),1,67.4,ไร่ (rai),78.67
554,2562,6,โคกศรีสุพรรณ,การปลูกข้าว (Rice),1,133.3,ไร่ (rai),150.43
555,2563,2,ค้อวัง,การปลูกข้าว (Rice),1,116.7,ไร่ (rai),143.31
556,2563,12,อากาศอำนวย,การปลูกข้าว (Rice),1,114.7,ไร่ (rai),152.98
557,2563,8,เมืองสกลนคร,การปลูกข้าว (Rice),1,58.4,ไร่ (rai),65.6
558,2564,4,บ้านม่วง,การปลูกข้าว (Rice),1,74.5,ไร่ (rai),78.0
559,2562,7,บ้านม่วง,การปลูกข้าว (Rice),1,85.3,ไร่ (rai),97.27
560,2564,10,เจริญศิลป์,พลังงานที่พักอาศัย (Residential),2,143.1,1000 kWh,80.11
561,2564,9,โคกศรีสุพรรณ,การปลูกข้าว (Rice),1,74.9,ไร่ (rai),83.39
562,2563,9,วาริชภูมิ,การปลูกข้าว (Rice),1,105.5,ไร่ (rai),110.06
563,2564,5,คำตากล้า,การปลูกข้าว (Rice),1,41.6,ไร่ (rai),52.65
564,2563,4,พรรณานิคม,ปศุสัตว์ (Livestock),1,104.2,unit,93.64
565,2562,7,กุสุมาลย์,การขนส่งทางถนน (On-road),1,31.8,1000 L,96.63
566,2562,4,เจริญศิลป์,การขนส่งทางถนน (On-road),1,39.7,1000 L,117.8
567,2564,3,นิคมน้ำอูน,การขนส่งทางถนน (On-road),1,26.1,1000 L,63.35
568,2564,6,ภูพาน,การปลูกข้าว (Rice),1,92.9,ไร่ (rai),120.75
569,2563,6,อากาศอำนวย,การปลูกข้าว (Rice),1,26.0,ไร่ (rai),34.66
570,2564,12,ค้อวัง,การปลูกข้าว (Rice),1,78.8,ไร่ (rai),92.66
571,2564,10,เต่างอย,การปลูกข้าว (Rice),1,125.5,ไร่ (rai),160.91
572,2562,2,อากาศอำนวย,ปศุสัตว์ (Livestock),1,151.8,unit,124.54
573,2562,4,วานรนิวาส,การขนส่งทางถนน (On-road),1,39.6,1000 L,110.19
574,2564,4,โพนนาแก้ว,การปลูกข้าว (Rice),1,103.9,ไร่ (rai),125.44
575,2562,2,เจริญศิลป์,ปศุสัตว์ (Livestock),1,5.0,unit,3.83
576,2564,10,บ้านม่วง,ปศุสัตว์ (Livestock),1,202.0,unit,160.52
577,2562,8,เต่างอย,การปลูกข้าว (Rice),1,5.0,ไร่ (rai),6.7
578,2563,5,สว่างแดนดิน,การปลูกข้าว (Rice),1,162.2,ไร่ (rai),192.25
579,2563,4,วานรนิวาส,พลังงานที่พักอาศัย (Residential),2,258.8,1000 kWh,134.44
580,2562,6,คำตากล้า,น้ำเสีย (Wastewater),1,256.8,unit,110.71
581,2562,7,อากาศอำนวย,ดินที่จัดการ (Managed soil),1,271.3,unit,116.72
582,2563,6,เจริญศิลป์,พลังงานธุรกิจ (Commercial),2,141.7,unit,94.38
583,2564,10,โพนนาแก้ว,การปลูกข้าว (Rice),1,80.3,ไร่ (rai),98.53
584,2562,10,พังโคน,การปลูกข้าว (Rice),1,77.7,ไร่ (rai),91.67
585,2564,2,เมืองสกลนคร,การปลูกข้าว (Rice),1,56.8,ไร่ (rai),72.32
586,2562,10,โคกศรีสุพรรณ,การปลูกข้าว (Rice),1,77.8,ไร่ (rai),80.45
587,2564,9,วาริชภูมิ,การปลูกข้าว (Rice),1,92.9,ไร่ (rai),106.52
588,2564,6,ภูพาน,การปลูกข้าว (Rice),1,97.9,ไร่ (rai),106.98
589,2562,2,พังโคน,การปลูกข้าว (Rice),1,88.3,ไร่ (rai),106.95
590,2563,8,โพนนาแก้ว,การปลูกข้าว (Rice),1,134.7,ไร่ (rai),140.58
591,2564,8,เจริญศิลป์,การปลูกข้าว (Rice),1,61.3,ไร่ (rai),71.66
592,2564,9,เต่างอย,การปลูกข้าว (Rice),1,19.2,ไร่ (rai),23.09
593,2564,6,ค้อวัง,น้ำเสีย (Wastewater),1,168.0,unit,81.58
594,2564,10,วาริชภูมิ,การปลูกข้าว (Rice),1,10.7,ไร่ (rai),12.08
595,2564,7,โคกศรีสุพรรณ,การปลูกข้าว (Rice),1,141.5,ไร่ (rai),160.18
596,2564,9,วานรนิวาส,การปลูกข้าว (Rice),1,7.5,ไร่ (rai),9.57
597,2563,12,กุสุมาลย์,การปลูกข้าว (Rice),1,84.5,ไร่ (rai),98.53
598,2563,7,ส่องดาว,น้ำเสีย (Wastewater),1,286.2,unit,154.76
599,2564,3,ภูพาน,การปลูกข้าว (Rice),1,130.8,ไร่ (rai),179.63
600,2563,10,พรรณานิคม,การขนส่งทางถนน (On-road),1,21.5,1000 L,59.81
601,2563,9,สว่างแดนดิน,การปลูกข้าว (Rice),1,80.7,ไร่ (rai),106.23
602,2563,8,วานรนิวาส,การปลูกข้าว (Rice),1,18.3,ไร่ (rai),23.81
603,2562,10,โคกศรีสุพรรณ,ฝังกลบขยะ (Landfill),1,105.2,unit,81.91
604,2563,3,นิคมน้ำอูน,การขนส่งทางถนน (On-road),1,43.3,1000 L,130.07
605,2563,1,โคกศรีสุพรรณ,การปลูกข้าว (Rice),1,100.4,ไร่ (rai),131.43
606,2564,10,ส่องดาว,การปลูกข้าว (Rice),1,53.4,ไร่ (rai),59.05
607,2562,12,นิคมน้ำอูน,ปศุสัตว์ (Livestock),1,155.7,unit,105.92
608,2563,8,เจริญศิลป์,น้ำเสีย (Wastewater),1,255.0,unit,125.26
609,2564,11,เต่างอย,การปลูกข้าว (Rice),1,64.2,ไร่ (rai),88.0
610,2564,6,ส่องดาว,การปลูกข้าว (Rice),1,84.3,ไร่ (rai),95.84
611,2562,1,ภูพาน,การปลูกข้าว (Rice),1,122.7,ไร่ (rai),139.12
612,2563,1,โคกศรีสุพรรณ,ปศุสัตว์ (Livestock),1,95.9,unit,66.5
613,2562,3,คำตากล้า,พลังงานธุรกิจ (Commercial),2,246.4,unit,139.46
614,2564,7,โคกศรีสุพรรณ,การปลูกข้าว (Rice),1,59.7,ไร่ (rai),63.63
615,2563,3,ภูพาน,การปลูกข้าว (Rice),1,83.1,ไร่ (rai),99.62
616,2562,6,เจริญศิลป์,การปลูกข้าว (Rice),1,55.4,ไร่ (rai),73.7
617,2562,11,เมืองสกลนคร,การปลูกข้าว (Rice),1,88.4,ไร่ (rai),93.28
618,2562,2,บ้านม่วง,การปลูกข้าว (Rice),1,96.2,ไร่ (rai),122.53
619,2562,11,โพนนาแก้ว,การขนส่งทางถนน (On-road),1,35.5,1000 L,83.41
620,2564,9,พังโคน,การขนส่งทางถนน (On-road),1,9.1,1000 L,22.69
621,2564,4,อากาศอำนวย,การปลูกข้าว (Rice),1,113.2,ไร่ (rai),122.22
622,2563,6,กุสุมาลย์,การขนส่งทางถนน (On-road),1,33.6,1000 L,81.02
623,2563,2,พังโคน,การปลูกข้าว (Rice),1,56.6,ไร่ (rai),59.64
624,2564,11,เจริญศิลป์,การปลูกข้าว (Rice),1,105.3,ไร่ (rai),134.37
625,2563,11,เมืองสกลนคร,ปศุสัตว์ (Livestock),1,131.7,unit,91.15
626,2563,4,นิคมน้ำอูน,การขนส่งทางถนน (On-road),1,41.7,1000 L,117.19
627,2564,8,เจริญศิลป์,การปลูกข้าว (Rice),1,79.0,ไร่ (rai),83.38
628,2564,5,กุสุมาลย์,การปลูกข้าว (Rice),1,130.2,ไร่ (rai),137.83
629,2564,10,กุสุมาลย์,ดินที่จัดการ (Managed soil),1,5.0,unit,2.63
630,2562,6,เต่างอย,การปลูกข้าว (Rice),1,110.7,ไร่ (rai),120.57
631,2563,8,โพนนาแก้ว,การปลูกข้าว (Rice),1,110.5,ไร่ (rai),148.52
632,2563,5,สว่างแดนดิน,การปลูกข้าว (Rice),1,79.5,ไร่ (rai),99.35
633,2562,5,นิคมน้ำอูน,การปลูกข้าว (Rice),1,128.9,ไร่ (rai),168.25
634,2563,9,บ้านม่วง,ปศุสัตว์ (Livestock),1,179.4,unit,141.94
635,2564,9,บ้านม่วง,การปลูกข้าว (Rice),1,103.9,ไร่ (rai),117.04
636,2563,12,วาริชภูมิ,การปลูกข้าว (Rice),1,88.1,ไร่ (rai),113.15
637,2564,12,ค้อวัง,การปลูกข้าว (Rice),1,85.2,ไร่ (rai),112.9
638,2562,1,สว่างแดนดิน,การปลูกข้าว (Rice),1,104.5,ไร่ (rai),135.45
639,2563,6,กุสุมาลย์,การปลูกข้าว (Rice),1,81.9,ไร่ (rai),83.7
640,2562,2,ส่องดาว,การปลูกข้าว (Rice),1,76.3,ไร่ (rai),78.81
641,2562,1,กุสุมาลย์,ปศุสัตว์ (Livestock),1,153.3,unit,127.76
642,2564,2,วาริชภูมิ,การขนส่งทางถนน (On-road),1,31.5,1000 L,78.96
643,2562,1,เต่างอย,การปลูกข้าว (Rice),1,120.0,ไร่ (rai),134.22
644,2564,2,โคกศรีสุพรรณ,การขนส่งทางถนน (On-road),1,48.2,1000 L,117.75
645,2562,6,โพนนาแก้ว,ปศุสัตว์ (Livestock),1,101.8,unit,85.95
646,2563,1,ภูพาน,ปศุสัตว์ (Livestock),1,190.1,unit,149.62
647,2564,9,กุสุมาลย์,ปศุสัตว์ (Livestock),1,157.7,unit,137.81
648,2562,6,พรรณานิคม,ปศุสัตว์ (Livestock),1,221.7,unit,192.1
649,2563,9,ส่องดาว,พลังงานธุรกิจ (Commercial),2,184.1,unit,94.27
650,2564,2,โพนนาแก้ว,พลังงานที่พักอาศัย (Residential),2,105.2,1000 kWh,49.29
651,2564,12,วาริชภูมิ,การปลูกข้าว (Rice),1,100.4,ไร่ (rai),118.79
652,2562,8,โคกศรีสุพรรณ,การขนส่งทางถนน (On-road),1,55.0,1000 L,159.88
653,2562,7,พังโคน,การปลูกข้าว (Rice),1,106.2,ไร่ (rai),124.84
654,2563,4,พังโคน,การขนส่งทางถนน (On-road),1,24.3,1000 L,72.26
655,2564,7,สว่างแดนดิน,ปศุสัตว์ (Livestock),1,88.0,unit,79.34
656,2563,4,เจริญศิลป์,การปลูกข้าว (Rice),1,115.2,ไร่ (rai),151.7
657,2563,5,บ้านม่วง,การปลูกข้าว (Rice),1,64.6,ไร่ (rai),89.08
658,2562,12,อากาศอำนวย,การปลูกข้าว (Rice),1,48.9,ไร่ (rai),61.55
659,2562,12,ค้อวัง,ปศุสัตว์ (Livestock),1,70.1,unit,63.14
660,2564,6,คำตากล้า,การขนส่งทางถนน (On-road),1,54.4,1000 L,137.18
661,2563,4,นิคมน้ำอูน,การปลูกข้าว (Rice),1,77.6,ไร่ (rai),89.65
662,2564,1,ค้อวัง,การปลูกข้าว (Rice),1,7.5,ไร่ (rai),8.85
663,2564,5,นิคมน้ำอูน,การปลูกข้าว (Rice),1,48.7,ไร่ (rai),51.47
664,2562,9,สว่างแดนดิน,การปลูกข้าว (Rice),1,160.5,ไร่ (rai),174.84
665,2562,12,ค้อวัง,การปลูกข้าว (Rice),1,25.9,ไร่ (rai),33.31
666,2564,12,โคกศรีสุพรรณ,การปลูกข้าว (Rice),1,155.7,ไร่ (rai),185.87
667,2564,6,เมืองสกลนคร,ปศุสัตว์ (Livestock),1,128.0,unit,101.83
668,2562,2,สว่างแดนดิน,ปศุสัตว์ (Livestock),1,126.2,unit,97.71
669,2563,4,วาริชภูมิ,การปลูกข้าว (Rice),1,95.0,ไร่ (rai),103.88
670,2563,7,เต่างอย,การปลูกข้าว (Rice),1,99.2,ไร่ (rai),125.91
671,2564,1,กุสุมาลย์,การปลูกข้าว (Rice),1,152.4,ไร่ (rai),178.84
672,2562,1,อากาศอำนวย,การขนส่งทางถนน (On-road),1,43.6,1000 L,106.86
673,2563,8,โพนนาแก้ว,การขนส่งทางถนน (On-road),1,30.2,1000 L,90.41
674,2564,8,เจริญศิลป์,การปลูกข้าว (Rice),1,73.0,ไร่ (rai),94.68
675,2564,10,เมืองสกลนคร,การปลูกข้าว (Rice),1,108.9,ไร่ (rai),125.59
676,2563,12,นิคมน้ำอูน,การปลูกข้าว (Rice),1,82.7,ไร่ (rai),89.24
677,2563,2,โคกศรีสุพรรณ,การปลูกข้าว (Rice),1,62.6,ไร่ (rai),81.78
678,2564,6,วาริชภูมิ,การปลูกข้าว (Rice),1,134.0,ไร่ (rai),178.37
679,2564,9,ค้อวัง,การปลูกข้าว (Rice),1,26.5,ไร่ (rai),27.26
680,2563,7,พรรณานิคม,การขนส่งทางถนน (On-road),1,39.8,1000 L,107.68
681,2562,1,ภูพาน,ปศุสัตว์ (Livestock),1,132.9,unit,116.23
682,2564,8,ส่องดาว,การปลูกข้าว (Rice),1,19.6,ไร่ (rai),25.92
683,2563,8,พังโคน,การปลูกข้าว (Rice),1,120.7,ไร่ (rai),161.11
684,2563,1,บ้านม่วง,การปลูกข้าว (Rice),1,43.9,ไร่ (rai),49.25
685,2562,9,พังโคน,การปลูกข้าว (Rice),1,131.8,ไร่ (rai),168.9
686,2562,2,บ้านม่วง,ดินที่จัดการ (Managed soil),1,286.9,unit,150.98
687,2562,8,วาริชภูมิ,การขนส่งทางถนน (On-road),1,22.8,1000 L,58.82
688,2562,11,พังโคน,ฝังกลบขยะ (Landfill),1,58.5,unit,53.23
689,2564,8,ภูพาน,การปลูกข้าว (Rice),1,88.3,ไร่ (rai),100.93
690,2563,2,เจริญศิลป์,การปลูกข้าว (Rice),1,136.1,ไร่ (rai),187.36
691,2563,11,คำตากล้า,การปลูกข้าว (Rice),1,31.2,ไร่ (rai),36.28
692,2564,1,บ้านม่วง,การปลูกข้าว (Rice),1,118.4,ไร่ (rai),131.86
693,2564,5,อากาศอำนวย,การปลูกข้าว (Rice),1,100.8,ไร่ (rai),103.73
694,2563,6,เจริญศิลป์,ปศุสัตว์ (Livestock),1,128.8,unit,111.64
695,2563,5,กุสุมาลย์,ปศุสัตว์ (Livestock),1,152.1,unit,109.5
696,2564,3,พังโคน,การขนส่งทางถนน (On-road),1,41.4,1000 L,100.96
697,2562,3,ภูพาน,การปลูกข้าว (Rice),1,84.7,ไร่ (rai),95.22
698,2562,8,พรรณานิคม,การปลูกข้าว (Rice),1,90.5,ไร่ (rai),98.26
699,2564,3,เจริญศิลป์,การขนส่งทางถนน (On-road),1,56.0,1000 L,162.5
700,2562,2,วาริชภูมิ,การปลูกข้าว (Rice),1,63.5,ไร่ (rai),82.57
701,2564,6,ค้อวัง,การปลูกข้าว (Rice),1,51.3,ไร่ (rai),70.21
702,2564,8,โพนนาแก้ว,การปลูกข้าว (Rice),1,99.6,ไร่ (rai),108.17
703,2563,6,คำตากล้า,การปลูกข้าว (Rice),1,61.5,ไร่ (rai),82.98
704,2563,6,ค้อวัง,น้ำเสีย (Wastewater),1,313.1,unit,139.36
705,2564,9,นิคมน้ำอูน,การขนส่งทางถนน (On-road),1,58.4,1000 L,156.23
706,2562,1,อากาศอำนวย,พลังงานที่พักอาศัย (Residential),2,146.5,1000 kWh,74.9
707,2562,9,โพนนาแก้ว,พลังงานที่พักอาศัย (Residential),2,211.7,1000 kWh,109.46
708,2564,9,ค้อวัง,การขนส่งทางถนน (On-road),1,23.9,1000 L,67.43
709,2564,8,เจริญศิลป์,ปศุสัตว์ (Livestock),1,37.1,unit,26.33
710,2564,3,ภูพาน,การปลูกข้าว (Rice),1,95.8,ไร่ (rai),99.52
711,2562,4,ส่องดาว,การปลูกข้าว (Rice),1,44.4,ไร่ (rai),47.24
712,2564,3,ภูพาน,การปลูกข้าว (Rice),1,20.8,ไร่ (rai),22.32
713,2562,7,ส่องดาว,การขนส่งทางถนน (On-road),1,27.7,1000 L,67.59
714,2564,11,โพนนาแก้ว,ปศุสัตว์ (Livestock),1,39.6,unit,32.8
715,2562,6,กุสุมาลย์,การขนส่งทางถนน (On-road),1,44.7,1000 L,121.06
716,2564,11,นิคมน้ำอูน,ฝังกลบขยะ (Landfill),1,126.5,unit,104.88
717,2562,6,บ้านม่วง,ปศุสัตว์ (Livestock),1,112.5,unit,88.04
718,2563,10,โคกศรีสุพรรณ,การปลูกข้าว (Rice),1,42.4,ไร่ (rai),53.32
719,2564,3,นิคมน้ำอูน,การปลูกข้าว (Rice),1,79.2,ไร่ (rai),89.06
720,2564,8,อากาศอำนวย,ปศุสัตว์ (Livestock),1,54.7,unit,37.9
721,2562,4,นิคมน้ำอูน,ปศุสัตว์ (Livestock),1,56.1,unit,50.73
722,2564,5,สว่างแดนดิน,พลังงานธุรกิจ (Commercial),2,136.3,unit,70.83
723,2564,6,สว่างแดนดิน,ดินที่จัดการ (Managed soil),1,227.5,unit,110.14
724,2562,2,เจริญศิลป์,การปลูกข้าว (Rice),1,139.5,ไร่ (rai),167.2
725,2564,3,ภูพาน,ดินที่จัดการ (Managed soil),1,263.7,unit,114.05
726,2564,8,เมืองสกลนคร,การขนส่งทางถนน (On-road),1,9.6,1000 L,27.93
727,2563,5,โคกศรีสุพรรณ,การขนส่งทางถนน (On-road),1,44.6,1000 L,106.4
728,2564,1,เมืองสกลนคร,ปศุสัตว์ (Livestock),1,52.1,unit,36.95
729,2564,2,โคกศรีสุพรรณ,การปลูกข้าว (Rice),1,102.5,ไร่ (rai),132.77
730,2562,10,พรรณานิคม,ดินที่จัดการ (Managed soil),1,182.4,unit,103.36
731,2562,6,เจริญศิลป์,ฝังกลบขยะ (Landfill),1,35.8,unit,32.92
732,2562,3,วานรนิวาส,พลังงานธุรกิจ (Commercial),2,73.3,unit,46.83
733,2563,10,วานรนิวาส,การปลูกข้าว (Rice),1,61.2,ไร่ (rai),73.31
734,2562,6,โคกศรีสุพรรณ,ปศุสัตว์ (Livestock),1,41.4,unit,32.28
735,2562,11,วาริชภูมิ,การปลูกข้าว (Rice),1,118.1,ไร่ (rai),122.41
736,2562,2,โพนนาแก้ว,การปลูกข้าว (Rice),1,86.9,ไร่ (rai),101.36
737,2562,8,พังโคน,ปศุสัตว์ (Livestock),1,205.2,unit,164.84
738,2562,6,วานรนิวาส,การขนส่งทางถนน (On-road),1,35.3,1000 L,108.19
739,2564,6,คำตากล้า,การปลูกข้าว (Rice),1,137.3,ไร่ (rai),183.07
740,2562,12,ส่องดาว,การขนส่งทางถนน (On-road),1,25.8,1000 L,65.35
741,2564,9,บ้านม่วง,การปลูกข้าว (Rice),1,87.7,ไร่ (rai),92.61
742,2564,10,ค้อวัง,ปศุสัตว์ (Livestock),1,116.1,unit,99.56
743,2562,3,เจริญศิลป์,การปลูกข้าว (Rice),1,80.0,ไร่ (rai),109.14
744,2563,10,บ้านม่วง,การขนส่งทางถนน (On-road),1,28.5,1000 L,74.71
745,2564,2,พรรณานิคม,การปลูกข้าว (Rice),1,76.8,ไร่ (rai),103.52
746,2564,10,โพนนาแก้ว,ปศุสัตว์ (Livestock),1,112.0,unit,96.93
747,2564,11,กุสุมาลย์,ปศุสัตว์ (Livestock),1,70.1,unit,64.26
748,2564,4,นิคมน้ำอูน,ดินที่จัดการ (Managed soil),1,134.0,unit,64.04
749,2562,11,ส่องดาว,การปลูกข้าว (Rice),1,70.0,ไร่ (rai),82.27
750,2564,9,เจริญศิลป์,การขนส่งทางถนน (On-road),1,42.6,1000 L,106.16
751,2563,5,ภูพาน,การปลูกข้าว (Rice),1,47.0,ไร่ (rai),51.17
752,2562,12,เจริญศิลป์,การปลูกข้าว (Rice),1,103.5,ไร่ (rai),142.73
753,2563,6,สว่างแดนดิน,การขนส่งทางถนน (On-road),1,25.4,1000 L,68.66
754,2563,5,บ้านม่วง,ปศุสัตว์ (Livestock),1,150.9,unit,103.13
755,2564,5,พรรณานิคม,การขนส่งทางถนน (On-road),1,42.1,1000 L,114.05
756,2564,7,คำตากล้า,พลังงานธุรกิจ (Commercial),2,181.3,unit,119.03
757,2562,7,เจริญศิลป์,การปลูกข้าว (Rice),1,100.6,ไร่ (rai),107.36
758,2562,2,บ้านม่วง,การปลูกข้าว (Rice),1,136.3,ไร่ (rai),184.52
759,2564,6,ค้อวัง,ปศุสัตว์ (Livestock),1,170.4,unit,117.3
760,2563,5,เต่างอย,พลังงานธุรกิจ (Commercial),2,45.2,unit,27.04
761,2563,4,เมืองสกลนคร,การปลูกข้าว (Rice),1,85.5,ไร่ (rai),97.02
762,2562,6,เต่างอย,น้ำเสีย (Wastewater),1,107.2,unit,49.53
763,2564,9,ส่องดาว,ปศุสัตว์ (Livestock),1,155.7,unit,120.91
764,2563,3,เมืองสกลนคร,ปศุสัตว์ (Livestock),1,190.2,unit,157.41
765,2563,5,อากาศอำนวย,ปศุสัตว์ (Livestock),1,171.2,unit,122.53
766,2564,1,โพนนาแก้ว,การปลูกข้าว (Rice),1,131.5,ไร่ (rai),136.6
767,2563,12,พรรณานิคม,ดินที่จัดการ (Managed soil),1,328.2,unit,165.73
768,2563,8,สว่างแดนดิน,การปลูกข้าว (Rice),1,87.7,ไร่ (rai),89.63
769,2564,3,ส่องดาว,การปลูกข้าว (Rice),1,158.4,ไร่ (rai),183.95
770,2564,8,อากาศอำนวย,การขนส่งทางถนน (On-road),1,29.1,1000 L,75.95
771,2564,10,เจริญศิลป์,การขนส่งทางถนน (On-road),1,33.8,1000 L,86.41
772,2562,7,ภูพาน,การปลูกข้าว (Rice),1,72.5,ไร่ (rai),88.05
773,2563,3,วานรนิวาส,การปลูกข้าว (Rice),1,56.2,ไร่ (rai),57.91
774,2564,12,วาริชภูมิ,การขนส่งทางถนน (On-road),1,58.4,1000 L,179.31
775,2563,9,ส่องดาว,ปศุสัตว์ (Livestock),1,104.9,unit,82.6
776,2563,8,ค้อวัง,ปศุสัตว์ (Livestock),1,57.2,unit,52.07
777,2564,4,พังโคน,การปลูกข้าว (Rice),1,119.0,ไร่ (rai),149.11
778,2564,8,โคกศรีสุพรรณ,ปศุสัตว์ (Livestock),1,69.2,unit,55.42
779,2563,9,บ้านม่วง,ปศุสัตว์ (Livestock),1,119.1,unit,96.92
780,2562,12,โพนนาแก้ว,การปลูกข้าว (Rice),1,5.0,ไร่ (rai),6.35
781,2562,5,ส่องดาว,การปลูกข้าว (Rice),1,44.2,ไร่ (rai),51.85
782,2562,2,บ้านม่วง,การขนส่งทางถนน (On-road),1,26.9,1000 L,64.91
783,2562,3,นิคมน้ำอูน,ดินที่จัดการ (Managed soil),1,115.8,unit,56.9
784,2562,6,พังโคน,การขนส่งทางถนน (On-road),1,20.7,1000 L,61.94
785,2563,9,คำตากล้า,การขนส่งทางถนน (On-road),1,24.9,1000 L,62.62
786,2562,6,ค้อวัง,ปศุสัตว์ (Livestock),1,147.6,unit,124.55
787,2563,3,บ้านม่วง,การปลูกข้าว (Rice),1,78.3,ไร่ (rai),102.91
788,2564,1,สว่างแดนดิน,ปศุสัตว์ (Livestock),1,83.1,unit,63.54
789,2562,9,นิคมน้ำอูน,พลังงานที่พักอาศัย (Residential),2,57.2,1000 kWh,27.71
790,2562,5,ส่องดาว,การปลูกข้าว (Rice),1,90.1,ไร่ (rai),116.68
791,2564,5,โคกศรีสุพรรณ,การปลูกข้าว (Rice),1,59.5,ไร่ (rai),61.19
792,2564,8,เต่างอย,การขนส่งทางถนน (On-road),1,34.2,1000 L,81.82
793,2563,5,ภูพาน,น้ำเสีย (Wastewater),1,160.3,unit,70.0
794,2564,1,พังโคน,การปลูกข้าว (Rice),1,111.3,ไร่ (rai),136.59
795,2563,7,วาริชภูมิ,ดินที่จัดการ (Managed soil),1,295.7,unit,133.71
796,2563,7,เต่างอย,ปศุสัตว์ (Livestock),1,59.0,unit,42.26
797,2563,5,โพนนาแก้ว,การปลูกข้าว (Rice),1,37.1,ไร่ (rai),38.88
798,2564,4,นิคมน้ำอูน,ปศุสัตว์ (Livestock),1,150.8,unit,136.01
799,2564,12,กุสุมาลย์,การปลูกข้าว (Rice),1,85.3,ไร่ (rai),108.68
800,2563,10,วาริชภูมิ,การขนส่งทางถนน (On-road),1,47.1,1000 L,135.14
801,2564,2,กุสุมาลย์,การปลูกข้าว (Rice),1,86.8,ไร่ (rai),103.8
802,2564,2,พังโคน,การปลูกข้าว (Rice),1,51.6,ไร่ (rai),60.93
803,2564,12,พังโคน,การปลูกข้าว (Rice),1,57.7,ไร่ (rai),71.48
804,2563,4,โคกศรีสุพรรณ,พลังงานที่พักอาศัย (Residential),2,282.9,1000 kWh,161.37
805,2564,3,บ้านม่วง,การปลูกข้าว (Rice),1,94.6,ไร่ (rai),100.44
806,2564,1,นิคมน้ำอูน,การปลูกข้าว (Rice),1,57.9,ไร่ (rai),76.5
807,2563,4,พังโคน,การขนส่งทางถนน (On-road),1,25.8,1000 L,66.55
808,2563,11,ส่องดาว,การขนส่งทางถนน (On-road),1,32.5,1000 L,87.08
809,2562,4,พังโคน,การขนส่งทางถนน (On-road),1,74.2,1000 L,178.56
810,2564,1,ค้อวัง,การปลูกข้าว (Rice),1,108.0,ไร่ (rai),118.36
811,2562,1,พรรณานิคม,การขนส่งทางถนน (On-road),1,23.2,1000 L,66.09
812,2564,6,พังโคน,การปลูกข้าว (Rice),1,53.9,ไร่ (rai),62.32
813,2562,2,นิคมน้ำอูน,การปลูกข้าว (Rice),1,88.3,ไร่ (rai),94.62
814,2562,1,โพนนาแก้ว,การปลูกข้าว (Rice),1,145.9,ไร่ (rai),169.42
815,2564,9,วาริชภูมิ,การปลูกข้าว (Rice),1,106.8,ไร่ (rai),111.37
816,2563,11,สว่างแดนดิน,การปลูกข้าว (Rice),1,97.9,ไร่ (rai),104.48
817,2564,9,อากาศอำนวย,การปลูกข้าว (Rice),1,74.9,ไร่ (rai),87.82
818,2564,3,วานรนิวาส,การขนส่งทางถนน (On-road),1,60.7,1000 L,148.06
819,2562,7,โคกศรีสุพรรณ,การขนส่งทางถนน (On-road),1,17.5,1000 L,42.57
820,2562,9,สว่างแดนดิน,การปลูกข้าว (Rice),1,74.1,ไร่ (rai),93.1
821,2563,1,กุสุมาลย์,ปศุสัตว์ (Livestock),1,193.1,unit,167.82
822,2562,3,บ้านม่วง,การปลูกข้าว (Rice),1,121.2,ไร่ (rai),127.07
823,2562,8,อากาศอำนวย,น้ำเสีย (Wastewater),1,262.3,unit,120.07
824,2562,5,อากาศอำนวย,การปลูกข้าว (Rice),1,51.4,ไร่ (rai),59.6
825,2564,11,พรรณานิคม,การปลูกข้าว (Rice),1,83.9,ไร่ (rai),96.58
826,2563,11,พังโคน,การปลูกข้าว (Rice),1,24.8,ไร่ (rai),28.17
827,2563,1,เจริญศิลป์,ฝังกลบขยะ (Landfill),1,74.0,unit,65.95
828,2564,11,ค้อวัง,การปลูกข้าว (Rice),1,105.3,ไร่ (rai),116.06
829,2564,8,เจริญศิลป์,การปลูกข้าว (Rice),1,87.5,ไร่ (rai),103.39
830,2563,12,พรรณานิคม,การปลูกข้าว (Rice),1,113.1,ไร่ (rai),119.87
831,2562,11,ภูพาน,การขนส่งทางถนน (On-road),1,49.3,1000 L,138.57
832,2564,1,ส่องดาว,การปลูกข้าว (Rice),1,110.0,ไร่ (rai),150.59
833,2563,2,เต่างอย,การปลูกข้าว (Rice),1,51.0,ไร่ (rai),67.46
834,2562,6,วาริชภูมิ,การขนส่งทางถนน (On-road),1,5.0,1000 L,13.84
835,2562,4,พรรณานิคม,การปลูกข้าว (Rice),1,125.5,ไร่ (rai),133.71
836,2564,5,สว่างแดนดิน,ปศุสัตว์ (Livestock),1,184.0,unit,139.73
837,2563,11,ค้อวัง,การปลูกข้าว (Rice),1,152.0,ไร่ (rai),195.22
838,2564,10,สว่างแดนดิน,ดินที่จัดการ (Managed soil),1,264.7,unit,121.73
839,2563,11,ส่องดาว,พลังงานธุรกิจ (Commercial),2,152.0,unit,81.09
840,2562,5,วาริชภูมิ,การขนส่งทางถนน (On-road),1,15.1,1000 L,37.23
841,2564,8,ค้อวัง,การปลูกข้าว (Rice),1,47.9,ไร่ (rai),63.13
842,2563,9,เต่างอย,การปลูกข้าว (Rice),1,61.6,ไร่ (rai),75.56
843,2562,3,พังโคน,การขนส่งทางถนน (On-road),1,29.2,1000 L,73.62
844,2563,11,โพนนาแก้ว,ดินที่จัดการ (Managed soil),1,84.7,unit,41.87
845,2563,3,วาริชภูมิ,การปลูกข้าว (Rice),1,84.3,ไร่ (rai),112.16
846,2563,9,คำตากล้า,การขนส่งทางถนน (On-road),1,31.5,1000 L,86.74
847,2562,12,บ้านม่วง,ปศุสัตว์ (Livestock),1,189.1,unit,145.2
848,2563,7,ค้อวัง,การปลูกข้าว (Rice),1,164.4,ไร่ (rai),170.1
849,2564,11,นิคมน้ำอูน,ปศุสัตว์ (Livestock),1,143.8,unit,127.68
850,2564,9,เต่างอย,ปศุสัตว์ (Livestock),1,242.4,unit,173.97
851,2563,6,วาริชภูมิ,การปลูกข้าว (Rice),1,99.5,ไร่ (rai),133.48
852,2562,12,บ้านม่วง,การปลูกข้าว (Rice),1,113.1,ไร่ (rai),118.0
853,2564,5,ภูพาน,ดินที่จัดการ (Managed soil),1,319.9,unit,143.03
854,2562,8,สว่างแดนดิน,การปลูกข้าว (Rice),1,173.1,ไร่ (rai),234.36
855,2563,9,อากาศอำนวย,การปลูกข้าว (Rice),1,120.9,ไร่ (rai),152.05
856,2562,8,บ้านม่วง,การปลูกข้าว (Rice),1,140.2,ไร่ (rai),184.17
857,2564,2,โคกศรีสุพรรณ,ปศุสัตว์ (Livestock),1,88.9,unit,75.63
858,2562,8,ส่องดาว,การขนส่งทางถนน (On-road),1,29.6,1000 L,89.17
859,2564,5,โพนนาแก้ว,การปลูกข้าว (Rice),1,78.6,ไร่ (rai),85.45
860,2562,9,นิคมน้ำอูน,การปลูกข้าว (Rice),1,105.7,ไร่ (rai),120.9
861,2563,7,อากาศอำนวย,การปลูกข้าว (Rice),1,93.8,ไร่ (rai),97.44
862,2564,1,วานรนิวาส,การปลูกข้าว (Rice),1,82.4,ไร่ (rai),91.89
863,2564,10,คำตากล้า,ปศุสัตว์ (Livestock),1,154.4,unit,136.78
864,2564,12,คำตากล้า,ปศุสัตว์ (Livestock),1,144.5,unit,102.28
865,2563,2,นิคมน้ำอูน,ปศุสัตว์ (Livestock),1,137.7,unit,95.26
866,2563,2,นิคมน้ำอูน,การปลูกข้าว (Rice),1,96.7,ไร่ (rai),128.86
867,2562,3,พรรณานิคม,การปลูกข้าว (Rice),1,141.8,ไร่ (rai),152.62
868,2563,6,วาริชภูมิ,การปลูกข้าว (Rice),1,149.1,ไร่ (rai),202.59
869,2562,2,โพนนาแก้ว,การปลูกข้าว (Rice),1,90.1,ไร่ (rai),102.94
870,2563,12,เมืองสกลนคร,การปลูกข้าว (Rice),1,90.4,ไร่ (rai),104.59
871,2564,7,บ้านม่วง,การขนส่งทางถนน (On-road),1,51.1,1000 L,127.88
872,2564,11,สว่างแดนดิน,การปลูกข้าว (Rice),1,145.3,ไร่ (rai),190.3
873,2563,11,พรรณานิคม,การขนส่งทางถนน (On-road),1,45.9,1000 L,133.13
874,2564,2,วานรนิวาส,การปลูกข้าว (Rice),1,135.4,ไร่ (rai),143.69
875,2563,4,พังโคน,การปลูกข้าว (Rice),1,36.3,ไร่ (rai),40.41
876,2562,8,อากาศอำนวย,การปลูกข้าว (Rice),1,66.9,ไร่ (rai),91.78
877,2564,5,วาริชภูมิ,การปลูกข้าว (Rice),1,65.7,ไร่ (rai),78.6
878,2562,5,เต่างอย,การปลูกข้าว (Rice),1,47.7,ไร่ (rai),52.33
879,2563,6,สว่างแดนดิน,การปลูกข้าว (Rice),1,72.5,ไร่ (rai),95.43
880,2562,7,วานรนิวาส,การขนส่งทางถนน (On-road),1,41.2,1000 L,116.26
881,2563,5,สว่างแดนดิน,ปศุสัตว์ (Livestock),1,158.1,unit,122.18
882,2564,12,เจริญศิลป์,การปลูกข้าว (Rice),1,44.1,ไร่ (rai),58.57
883,2562,3,คำตากล้า,การขนส่งทางถนน (On-road),1,47.9,1000 L,136.23
884,2563,12,นิคมน้ำอูน,พลังงานที่พักอาศัย (Residential),2,125.8,1000 kWh,54.79
885,2563,2,เจริญศิลป์,พลังงานธุรกิจ (Commercial),2,224.1,unit,136.31
886,2564,4,โคกศรีสุพรรณ,ปศุสัตว์ (Livestock),1,160.6,unit,132.59
887,2564,2,เมืองสกลนคร,พลังงานธุรกิจ (Commercial),2,255.0,unit,165.31
888,2564,8,ค้อวัง,การปลูกข้าว (Rice),1,133.7,ไร่ (rai),172.62
889,2564,2,เมืองสกลนคร,ดินที่จัดการ (Managed soil),1,167.5,unit,89.13
890,2563,10,บ้านม่วง,การขนส่งทางถนน (On-road),1,53.5,1000 L,148.64
891,2562,11,นิคมน้ำอูน,การปลูกข้าว (Rice),1,116.3,ไร่ (rai),138.85
892,2564,2,โคกศรีสุพรรณ,พลังงานธุรกิจ (Commercial),2,171.3,unit,103.3
893,2562,6,วาริชภูมิ,การปลูกข้าว (Rice),1,125.5,ไร่ (rai),159.74
894,2564,4,โคกศรีสุพรรณ,การปลูกข้าว (Rice),1,90.9,ไร่ (rai),99.99
895,2562,6,ภูพาน,ปศุสัตว์ (Livestock),1,151.7,unit,137.51
896,2564,10,โคกศรีสุพรรณ,การปลูกข้าว (Rice),1,89.2,ไร่ (rai),95.79
897,2563,5,พังโคน,การปลูกข้าว (Rice),1,114.1,ไร่ (rai),138.96
898,2564,4,นิคมน้ำอูน,การขนส่งทางถนน (On-road),1,43.9,1000 L,101.35
899,2562,5,ค้อวัง,การปลูกข้าว (Rice),1,16.3,ไร่ (rai),20.0
900,2563,3,ส่องดาว,การขนส่งทางถนน (On-road),1,42.2,1000 L,127.05
901,2563,5,วานรนิวาส,การปลูกข้าว (Rice),1,85.7,ไร่ (rai),93.36
902,2564,2,โคกศรีสุพรรณ,พลังงานที่พักอาศัย (Residential),2,397.2,1000 kWh,198.21
903,2562,7,นิคมน้ำอูน,การขนส่งทางถนน (On-road),1,49.9,1000 L,142.2
904,2563,2,ภูพาน,การขนส่งทางถนน (On-road),1,5.0,1000 L,14.42
905,2563,2,โพนนาแก้ว,การปลูกข้าว (Rice),1,66.6,ไร่ (rai),69.94
906,2564,12,พรรณานิคม,การปลูกข้าว (Rice),1,98.6,ไร่ (rai),120.37
907,2564,7,คำตากล้า,การปลูกข้าว (Rice),1,138.1,ไร่ (rai),147.36
908,2562,9,พรรณานิคม,การขนส่งทางถนน (On-road),1,28.3,1000 L,78.87
909,2563,9,พังโคน,การขนส่งทางถนน (On-road),1,33.8,1000 L,104.69
910,2562,9,เต่างอย,ปศุสัตว์ (Livestock),1,187.4,unit,167.88
911,2562,7,ส่องดาว,การปลูกข้าว (Rice),1,74.5,ไร่ (rai),87.9
912,2562,4,คำตากล้า,ปศุสัตว์ (Livestock),1,161.0,unit,145.87
913,2562,6,พรรณานิคม,การปลูกข้าว (Rice),1,91.7,ไร่ (rai),115.98
914,2562,12,กุสุมาลย์,ปศุสัตว์ (Livestock),1,77.9,unit,65.27
915,2562,1,ภูพาน,การปลูกข้าว (Rice),1,58.0,ไร่ (rai),64.73
916,2564,12,นิคมน้ำอูน,การปลูกข้าว (Rice),1,15.8,ไร่ (rai),21.38
917,2564,1,อากาศอำนวย,น้ำเสีย (Wastewater),1,187.8,unit,107.0
918,2562,7,นิคมน้ำอูน,การปลูกข้าว (Rice),1,61.3,ไร่ (rai),64.5
919,2562,3,เจริญศิลป์,ปศุสัตว์ (Livestock),1,28.4,unit,20.18
920,2564,8,เต่างอย,การขนส่งทางถนน (On-road),1,42.5,1000 L,117.88
921,2563,12,ส่องดาว,ปศุสัตว์ (Livestock),1,155.3,unit,115.53
922,2562,2,โพนนาแก้ว,ปศุสัตว์ (Livestock),1,128.0,unit,94.8
923,2562,8,พังโคน,การขนส่งทางถนน (On-road),1,47.0,1000 L,139.59
924,2564,2,บ้านม่วง,การปลูกข้าว (Rice),1,74.0,ไร่ (rai),96.69
925,2564,10,สว่างแดนดิน,การปลูกข้าว (Rice),1,93.5,ไร่ (rai),100.82
926,2564,10,โพนนาแก้ว,พลังงานที่พักอาศัย (Residential),2,174.2,1000 kWh,74.48
927,2563,2,นิคมน้ำอูน,การขนส่งทางถนน (On-road),1,44.1,1000 L,118.43
928,2563,3,เจริญศิลป์,การปลูกข้าว (Rice),1,119.0,ไร่ (rai),135.74
929,2563,7,กุสุมาลย์,การขนส่งทางถนน (On-road),1,25.9,1000 L,75.22
930,2564,5,เจริญศิลป์,การปลูกข้าว (Rice),1,88.1,ไร่ (rai),117.12
931,2563,11,ส่องดาว,ปศุสัตว์ (Livestock),1,64.1,unit,51.59
932,2562,7,ภูพาน,การขนส่งทางถนน (On-road),1,28.4,1000 L,70.54
933,2563,12,เต่างอย,การปลูกข้าว (Rice),1,62.1,ไร่ (rai),68.39
934,2563,4,สว่างแดนดิน,ปศุสัตว์ (Livestock),1,127.4,unit,114.8
935,2564,12,โพนนาแก้ว,น้ำเสีย (Wastewater),1,210.7,unit,121.15
936,2563,1,พังโคน,การปลูกข้าว (Rice),1,86.5,ไร่ (rai),97.2
937,2562,3,กุสุมาลย์,ดินที่จัดการ (Managed soil),1,265.5,unit,126.85
938,2563,10,สว่างแดนดิน,การขนส่งทางถนน (On-road),1,43.2,1000 L,115.74
939,2564,12,สว่างแดนดิน,พลังงานที่พักอาศัย (Residential),2,154.7,1000 kWh,71.36
940,2564,7,นิคมน้ำอูน,พลังงานธุรกิจ (Commercial),2,106.6,unit,70.79
941,2564,12,ส่องดาว,การขนส่งทางถนน (On-road),1,29.0,1000 L,78.9
942,2564,12,นิคมน้ำอูน,ปศุสัตว์ (Livestock),1,142.7,unit,113.76
943,2563,5,พังโคน,การปลูกข้าว (Rice),1,78.5,ไร่ (rai),97.5
944,2564,1,อากาศอำนวย,การปลูกข้าว (Rice),1,113.7,ไร่ (rai),137.34
945,2564,8,พังโคน,ปศุสัตว์ (Livestock),1,186.2,unit,133.84
946,2564,1,วาริชภูมิ,การปลูกข้าว (Rice),1,133.5,ไร่ (rai),159.65
947,2564,10,ค้อวัง,การปลูกข้าว (Rice),1,165.1,ไร่ (rai),175.0
948,2564,5,พรรณานิคม,การปลูกข้าว (Rice),1,65.4,ไร่ (rai),70.24
949,2563,2,พังโคน,การปลูกข้าว (Rice),1,128.9,ไร่ (rai),153.91
950,2563,7,คำตากล้า,การขนส่งทางถนน (On-road),1,24.0,1000 L,70.3
951,2562,10,เจริญศิลป์,การขนส่งทางถนน (On-road),1,5.0,1000 L,14.52
952,2563,4,วาริชภูมิ,การขนส่งทางถนน (On-road),1,22.5,1000 L,56.45
953,2562,10,โคกศรีสุพรรณ,การขนส่งทางถนน (On-road),1,11.1,1000 L,28.74
954,2562,2,บ้านม่วง,พลังงานที่พักอาศัย (Residential),2,193.1,1000 kWh,102.39
955,2563,12,วาริชภูมิ,การปลูกข้าว (Rice),1,79.6,ไร่ (rai),87.75
956,2564,12,ภูพาน,การปลูกข้าว (Rice),1,132.2,ไร่ (rai),155.01
957,2562,1,เมืองสกลนคร,การปลูกข้าว (Rice),1,92.2,ไร่ (rai),115.68
958,2562,12,วานรนิวาส,การปลูกข้าว (Rice),1,22.9,ไร่ (rai),26.42
959,2563,3,พังโคน,ดินที่จัดการ (Managed soil),1,270.4,unit,152.15
960,2563,2,อากาศอำนวย,การปลูกข้าว (Rice),1,104.8,ไร่ (rai),112.48
961,2564,3,อากาศอำนวย,การปลูกข้าว (Rice),1,120.6,ไร่ (rai),151.36
962,2562,8,เต่างอย,การขนส่งทางถนน (On-road),1,17.9,1000 L,53.99
963,2563,2,ส่องดาว,การขนส่งทางถนน (On-road),1,35.0,1000 L,95.73
964,2562,1,โคกศรีสุพรรณ,ฝังกลบขยะ (Landfill),1,119.8,unit,99.88
965,2562,3,อากาศอำนวย,น้ำเสีย (Wastewater),1,362.6,unit,208.22
966,2564,1,สว่างแดนดิน,การปลูกข้าว (Rice),1,37.9,ไร่ (rai),49.33
967,2563,12,ภูพาน,การขนส่งทางถนน (On-road),1,48.4,1000 L,146.55
968,2564,5,โคกศรีสุพรรณ,การปลูกข้าว (Rice),1,118.6,ไร่ (rai),152.11
969,2562,9,วาริชภูมิ,การปลูกข้าว (Rice),1,59.1,ไร่ (rai),74.03
970,2562,10,วานรนิวาส,ปศุสัตว์ (Livestock),1,99.3,unit,86.76
971,2563,12,กุสุมาลย์,ปศุสัตว์ (Livestock),1,115.7,unit,80.87
972,2564,1,สว่างแดนดิน,ปศุสัตว์ (Livestock),1,80.4,unit,69.96
973,2562,8,เมืองสกลนคร,น้ำเสีย (Wastewater),1,342.4,unit,171.49
974,2563,12,ส่องดาว,การปลูกข้าว (Rice),1,48.4,ไร่ (rai),57.57
975,2563,4,คำตากล้า,ปศุสัตว์ (Livestock),1,36.8,unit,26.55
976,2562,11,ค้อวัง,การปลูกข้าว (Rice),1,36.3,ไร่ (rai),48.83
977,2564,11,เต่างอย,ปศุสัตว์ (Livestock),1,186.3,unit,155.43
978,2564,6,วานรนิวาส,การปลูกข้าว (Rice),1,72.7,ไร่ (rai),79.35
979,2562,2,กุสุมาลย์,การขนส่งทางถนน (On-road),1,23.3,1000 L,71.8
980,2564,8,เต่างอย,น้ำเสีย (Wastewater),1,298.8,unit,144.12
981,2564,1,พังโคน,การปลูกข้าว (Rice),1,104.3,ไร่ (rai),138.53
982,2564,5,เจริญศิลป์,การปลูกข้าว (Rice),1,82.5,ไร่ (rai),99.5
983,2562,10,กุสุมาลย์,ปศุสัตว์ (Livestock),1,61.1,unit,53.85
984,2562,8,วาริชภูมิ,การขนส่งทางถนน (On-road),1,47.2,1000 L,131.66
985,2562,2,วานรนิวาส,การขนส่งทางถนน (On-road),1,44.4,1000 L,128.09
986,2563,11,วาริชภูมิ,การขนส่งทางถนน (On-road),1,13.1,1000 L,40.35
987,2564,5,พังโคน,การปลูกข้าว (Rice),1,127.9,ไร่ (rai),142.86
988,2562,1,ส่องดาว,ปศุสัตว์ (Livestock),1,133.3,unit,95.24
989,2564,6,กุสุมาลย์,การปลูกข้าว (Rice),1,78.1,ไร่ (rai),86.29
990,2564,5,สว่างแดนดิน,การปลูกข้าว (Rice),1,134.5,ไร่ (rai),138.62
991,2562,2,คำตากล้า,การปลูกข้าว (Rice),1,47.0,ไร่ (rai),53.62
992,2562,11,ค้อวัง,การปลูกข้าว (Rice),1,43.4,ไร่ (rai),44.35
993,2562,12,อากาศอำนวย,การปลูกข้าว (Rice),1,108.5,ไร่ (rai),136.03
994,2562,1,พังโคน,ดินที่จัดการ (Managed soil),1,201.3,unit,111.98
995,2562,5,เต่างอย,การปลูกข้าว (Rice),1,104.4,ไร่ (rai),131.98
996,2562,2,ค้อวัง,การปลูกข้าว (Rice),1,81.8,ไร่ (rai),85.54
997,2563,7,อากาศอำนวย,การขนส่งทางถนน (On-road),1,41.4,1000 L,107.66
998,2564,5,วานรนิวาส,พลังงานธุรกิจ (Commercial),2,122.7,unit,71.01
999,2563,12,เจริญศิลป์,ปศุสัตว์ (Livestock),1,82.2,unit,69.35
1000,2564,3,โคกศรีสุพรรณ,การปลูกข้าว (Rice),1,120.5,ไร่ (rai),134.38
1001,2564,6,พังโคน,การปลูกข้าว (Rice),1,139.1,ไร่ (rai),171.96
1002,2564,4,พรรณานิคม,การขนส่งทางถนน (On-road),1,34.1,1000 L,96.55
1003,2562,6,พรรณานิคม,น้ำเสีย (Wastewater),1,206.9,unit,117.65
1004,2563,4,กุสุมาลย์,ดินที่จัดการ (Managed soil),1,279.2,unit,125.93
1005,2564,11,วาริชภูมิ,การปลูกข้าว (Rice),1,156.3,ไร่ (rai),172.64
1006,2563,10,พรรณานิคม,การปลูกข้าว (Rice),1,87.3,ไร่ (rai),115.11
1007,2563,4,วาริชภูมิ,การปลูกข้าว (Rice),1,65.1,ไร่ (rai),68.32
1008,2564,6,โคกศรีสุพรรณ,พลังงานธุรกิจ (Commercial),2,232.8,unit,147.59
1009,2562,6,เมืองสกลนคร,ปศุสัตว์ (Livestock),1,88.1,unit,62.75
1010,2563,5,โคกศรีสุพรรณ,การปลูกข้าว (Rice),1,135.7,ไร่ (rai),166.58
1011,2564,11,ภูพาน,การปลูกข้าว (Rice),1,99.5,ไร่ (rai),120.99
1012,2562,8,นิคมน้ำอูน,การปลูกข้าว (Rice),1,76.0,ไร่ (rai),100.01
1013,2562,2,นิคมน้ำอูน,การปลูกข้าว (Rice),1,86.5,ไร่ (rai),100.19
1014,2564,2,ส่องดาว,การปลูกข้าว (Rice),1,33.2,ไร่ (rai),43.6
1015,2562,2,อากาศอำนวย,การปลูกข้าว (Rice),1,124.7,ไร่ (rai),143.1
1016,2564,6,ส่องดาว,การปลูกข้าว (Rice),1,100.4,ไร่ (rai),117.56
1017,2563,4,ค้อวัง,การปลูกข้าว (Rice),1,74.0,ไร่ (rai),84.29
1018,2563,7,สว่างแดนดิน,การปลูกข้าว (Rice),1,82.1,ไร่ (rai),113.14
1019,2563,5,คำตากล้า,การปลูกข้าว (Rice),1,111.4,ไร่ (rai),136.55
1020,2562,10,นิคมน้ำอูน,การขนส่งทางถนน (On-road),1,50.7,1000 L,117.65
1021,2563,8,โพนนาแก้ว,การปลูกข้าว (Rice),1,88.2,ไร่ (rai),119.77
1022,2562,7,วานรนิวาส,น้ำเสีย (Wastewater),1,241.8,unit,106.36
1023,2563,10,ค้อวัง,การขนส่งทางถนน (On-road),1,43.1,1000 L,102.16
1024,2564,7,เมืองสกลนคร,การขนส่งทางถนน (On-road),1,60.3,1000 L,141.46
1025,2563,6,นิคมน้ำอูน,การขนส่งทางถนน (On-road),1,61.7,1000 L,164.87
1026,2562,10,อากาศอำนวย,การปลูกข้าว (Rice),1,111.2,ไร่ (rai),125.02
1027,2564,12,วาริชภูมิ,การปลูกข้าว (Rice),1,93.3,ไร่ (rai),128.62
1028,2562,11,พรรณานิคม,การปลูกข้าว (Rice),1,110.6,ไร่ (rai),141.36
1029,2564,1,โคกศรีสุพรรณ,การขนส่งทางถนน (On-road),1,57.6,1000 L,169.51
1030,2562,5,อากาศอำนวย,การปลูกข้าว (Rice),1,115.7,ไร่ (rai),145.61
1031,2564,9,พังโคน,การปลูกข้าว (Rice),1,87.1,ไร่ (rai),102.33
1032,2563,1,ภูพาน,การปลูกข้าว (Rice),1,73.2,ไร่ (rai),88.8
1033,2564,1,สว่างแดนดิน,การปลูกข้าว (Rice),1,120.7,ไร่ (rai),147.77
1034,2563,11,โคกศรีสุพรรณ,การปลูกข้าว (Rice),1,107.1,ไร่ (rai),122.53
1035,2564,10,ภูพาน,การขนส่งทางถนน (On-road),1,41.3,1000 L,97.86
1036,2563,12,เจริญศิลป์,พลังงานธุรกิจ (Commercial),2,194.7,unit,105.62
1037,2564,3,สว่างแดนดิน,การขนส่งทางถนน (On-road),1,47.5,1000 L,122.1
1038,2564,10,นิคมน้ำอูน,การปลูกข้าว (Rice),1,56.9,ไร่ (rai),64.19
1039,2564,5,ภูพาน,การปลูกข้าว (Rice),1,113.7,ไร่ (rai),151.09
1040,2563,6,เมืองสกลนคร,ปศุสัตว์ (Livestock),1,19.0,unit,15.53
1041,2562,4,นิคมน้ำอูน,การขนส่งทางถนน (On-road),1,65.7,1000 L,166.5
1042,2562,4,โพนนาแก้ว,ปศุสัตว์ (Livestock),1,29.2,unit,26.59
1043,2563,12,คำตากล้า,การปลูกข้าว (Rice),1,92.1,ไร่ (rai),119.89
1044,2562,10,ภูพาน,การปลูกข้าว (Rice),1,46.5,ไร่ (rai),54.69
1045,2563,6,คำตากล้า,การปลูกข้าว (Rice),1,103.9,ไร่ (rai),106.33
1046,2563,2,วานรนิวาส,การปลูกข้าว (Rice),1,107.4,ไร่ (rai),128.12
1047,2563,1,ภูพาน,ปศุสัตว์ (Livestock),1,179.3,unit,149.92
1048,2564,6,กุสุมาลย์,การขนส่งทางถนน (On-road),1,30.7,1000 L,73.23
1049,2562,10,สว่างแดนดิน,ปศุสัตว์ (Livestock),1,57.8,unit,44.74
1050,2562,6,กุสุมาลย์,การปลูกข้าว (Rice),1,104.1,ไร่ (rai),117.18
1051,2564,2,บ้านม่วง,การปลูกข้าว (Rice),1,78.3,ไร่ (rai),86.63
1052,2564,5,เมืองสกลนคร,การปลูกข้าว (Rice),1,53.1,ไร่ (rai),59.64
1053,2564,7,สว่างแดนดิน,การปลูกข้าว (Rice),1,96.0,ไร่ (rai),115.07
1054,2562,12,วานรนิวาส,การขนส่งทางถนน (On-road),1,33.5,1000 L,85.8
1055,2564,10,เมืองสกลนคร,การปลูกข้าว (Rice),1,62.1,ไร่ (rai),73.48
1056,2564,1,เมืองสกลนคร,ปศุสัตว์ (Livestock),1,139.7,unit,108.33
1057,2564,6,ส่องดาว,การขนส่งทางถนน (On-road),1,49.5,1000 L,131.49
1058,2563,6,พังโคน,การขนส่งทางถนน (On-road),1,5.2,1000 L,13.07
1059,2564,6,เจริญศิลป์,ปศุสัตว์ (Livestock),1,125.4,unit,110.07
1060,2563,7,ค้อวัง,การปลูกข้าว (Rice),1,51.5,ไร่ (rai),56.84
1061,2564,1,โพนนาแก้ว,ฝังกลบขยะ (Landfill),1,42.9,unit,35.46
1062,2563,2,นิคมน้ำอูน,ปศุสัตว์ (Livestock),1,138.4,unit,104.53
1063,2563,5,คำตากล้า,การขนส่งทางถนน (On-road),1,11.4,1000 L,30.73
1064,2562,6,วานรนิวาส,การปลูกข้าว (Rice),1,78.1,ไร่ (rai),79.75
1065,2562,7,ค้อวัง,การปลูกข้าว (Rice),1,78.6,ไร่ (rai),82.25
1066,2562,3,วาริชภูมิ,การปลูกข้าว (Rice),1,108.3,ไร่ (rai),147.41
1067,2564,2,อากาศอำนวย,การปลูกข้าว (Rice),1,90.2,ไร่ (rai),96.6
1068,2564,12,วานรนิวาส,การปลูกข้าว (Rice),1,31.5,ไร่ (rai),33.57
1069,2563,8,พังโคน,การขนส่งทางถนน (On-road),1,20.7,1000 L,54.73
1070,2564,1,คำตากล้า,การปลูกข้าว (Rice),1,74.4,ไร่ (rai),98.24
1071,2563,8,นิคมน้ำอูน,น้ำเสีย (Wastewater),1,110.6,unit,61.27
1072,2563,3,วาริชภูมิ,การขนส่งทางถนน (On-road),1,18.6,1000 L,52.38
1073,2563,11,ภูพาน,การปลูกข้าว (Rice),1,61.3,ไร่ (rai),64.54
1074,2563,2,ค้อวัง,การปลูกข้าว (Rice),1,133.6,ไร่ (rai),181.35
1075,2564,9,โพนนาแก้ว,การปลูกข้าว (Rice),1,99.7,ไร่ (rai),111.21
1076,2564,3,คำตากล้า,การปลูกข้าว (Rice),1,81.5,ไร่ (rai),104.64
1077,2563,10,ภูพาน,ปศุสัตว์ (Livestock),1,170.1,unit,125.8
1078,2562,9,กุสุมาลย์,การปลูกข้าว (Rice),1,95.6,ไร่ (rai),109.86
1079,2563,8,วาริชภูมิ,น้ำเสีย (Wastewater),1,178.9,unit,98.86
1080,2564,10,เมืองสกลนคร,พลังงานที่พักอาศัย (Residential),2,279.3,1000 kWh,142.57
1081,2564,8,วาริชภูมิ,การปลูกข้าว (Rice),1,114.2,ไร่ (rai),133.5
1082,2562,10,เต่างอย,พลังงานธุรกิจ (Commercial),2,181.7,unit,124.59
1083,2562,6,วาริชภูมิ,การปลูกข้าว (Rice),1,78.5,ไร่ (rai),84.81
1084,2563,11,ภูพาน,ปศุสัตว์ (Livestock),1,38.5,unit,30.25
1085,2564,1,กุสุมาลย์,การปลูกข้าว (Rice),1,89.2,ไร่ (rai),92.46
1086,2562,12,นิคมน้ำอูน,การปลูกข้าว (Rice),1,109.6,ไร่ (rai),126.69
1087,2564,6,บ้านม่วง,ปศุสัตว์ (Livestock),1,112.0,unit,79.98
1088,2562,2,เจริญศิลป์,การปลูกข้าว (Rice),1,101.7,ไร่ (rai),122.26
1089,2564,7,วาริชภูมิ,การปลูกข้าว (Rice),1,35.4,ไร่ (rai),37.26
1090,2564,4,วาริชภูมิ,การปลูกข้าว (Rice),1,77.7,ไร่ (rai),90.69
1091,2563,9,นิคมน้ำอูน,ปศุสัตว์ (Livestock),1,146.0,unit,108.77
1092,2562,2,เต่างอย,การปลูกข้าว (Rice),1,115.6,ไร่ (rai),153.11
1093,2564,2,วาริชภูมิ,การขนส่งทางถนน (On-road),1,30.9,1000 L,83.49
1094,2564,7,สว่างแดนดิน,ปศุสัตว์ (Livestock),1,129.2,unit,89.8
1095,2562,6,ค้อวัง,การปลูกข้าว (Rice),1,39.1,ไร่ (rai),49.72
1096,2562,2,พังโคน,การขนส่งทางถนน (On-road),1,35.2,1000 L,89.45
1097,2562,8,วานรนิวาส,การขนส่งทางถนน (On-road),1,48.5,1000 L,121.78
1098,2563,6,อากาศอำนวย,การปลูกข้าว (Rice),1,38.3,ไร่ (rai),41.63
1099,2563,10,สว่างแดนดิน,การขนส่งทางถนน (On-road),1,32.3,1000 L,96.45
1100,2562,2,วานรนิวาส,การปลูกข้าว (Rice),1,104.7,ไร่ (rai),135.81
1101,2563,5,สว่างแดนดิน,น้ำเสีย (Wastewater),1,317.2,unit,139.71
1102,2562,2,ค้อวัง,ปศุสัตว์ (Livestock),1,53.3,unit,44.09
1103,2564,2,บ้านม่วง,ดินที่จัดการ (Managed soil),1,151.3,unit,80.99
1104,2563,3,เจริญศิลป์,น้ำเสีย (Wastewater),1,96.8,unit,41.72
1105,2563,2,คำตากล้า,น้ำเสีย (Wastewater),1,261.5,unit,144.56
1106,2564,4,บ้านม่วง,การปลูกข้าว (Rice),1,63.9,ไร่ (rai),74.03
1107,2563,2,คำตากล้า,ปศุสัตว์ (Livestock),1,160.0,unit,117.46
1108,2563,7,เมืองสกลนคร,น้ำเสีย (Wastewater),1,127.5,unit,57.43
1109,2563,3,สว่างแดนดิน,การปลูกข้าว (Rice),1,69.1,ไร่ (rai),91.9
1110,2563,2,เต่างอย,การขนส่งทางถนน (On-road),1,49.6,1000 L,128.1
1111,2562,6,พังโคน,พลังงานที่พักอาศัย (Residential),2,365.5,1000 kWh,182.11
1112,2564,5,ค้อวัง,การปลูกข้าว (Rice),1,102.9,ไร่ (rai),109.23
1113,2564,7,ภูพาน,การปลูกข้าว (Rice),1,103.6,ไร่ (rai),120.27
1114,2562,3,พรรณานิคม,พลังงานธุรกิจ (Commercial),2,109.0,unit,67.13
1115,2564,6,เจริญศิลป์,การขนส่งทางถนน (On-road),1,20.7,1000 L,53.72
1116,2564,5,นิคมน้ำอูน,การปลูกข้าว (Rice),1,81.8,ไร่ (rai),86.26
1117,2564,3,คำตากล้า,การปลูกข้าว (Rice),1,29.0,ไร่ (rai),35.12
1118,2562,11,โคกศรีสุพรรณ,น้ำเสีย (Wastewater),1,143.0,unit,81.02
1119,2563,5,เมืองสกลนคร,การปลูกข้าว (Rice),1,110.8,ไร่ (rai),123.45
1120,2563,1,โพนนาแก้ว,การปลูกข้าว (Rice),1,24.7,ไร่ (rai),32.23
1121,2563,1,ภูพาน,การปลูกข้าว (Rice),1,32.3,ไร่ (rai),39.99
1122,2564,8,เจริญศิลป์,การขนส่งทางถนน (On-road),1,43.9,1000 L,122.18
1123,2564,5,พังโคน,ปศุสัตว์ (Livestock),1,57.0,unit,46.33
1124,2564,12,ภูพาน,การปลูกข้าว (Rice),1,73.6,ไร่ (rai),96.5
1125,2563,12,สว่างแดนดิน,การปลูกข้าว (Rice),1,141.6,ไร่ (rai),154.9
1126,2564,3,ค้อวัง,การปลูกข้าว (Rice),1,93.5,ไร่ (rai),106.76
1127,2563,12,กุสุมาลย์,การขนส่งทางถนน (On-road),1,32.6,1000 L,91.18
1128,2564,7,ค้อวัง,การปลูกข้าว (Rice),1,92.2,ไร่ (rai),121.41
1129,2564,8,พรรณานิคม,การขนส่งทางถนน (On-road),1,30.3,1000 L,89.22
1130,2562,4,เจริญศิลป์,การปลูกข้าว (Rice),1,47.5,ไร่ (rai),58.82
1131,2564,4,สว่างแดนดิน,การปลูกข้าว (Rice),1,72.0,ไร่ (rai),80.25
1132,2564,5,สว่างแดนดิน,ปศุสัตว์ (Livestock),1,107.6,unit,76.49
1133,2564,3,เต่างอย,การปลูกข้าว (Rice),1,100.4,ไร่ (rai),122.95
1134,2564,8,พรรณานิคม,การขนส่งทางถนน (On-road),1,33.0,1000 L,94.01
1135,2563,12,เจริญศิลป์,พลังงานที่พักอาศัย (Residential),2,183.6,1000 kWh,98.17
1136,2563,11,บ้านม่วง,ปศุสัตว์ (Livestock),1,81.5,unit,62.63
1137,2563,2,โคกศรีสุพรรณ,การปลูกข้าว (Rice),1,109.0,ไร่ (rai),126.0
1138,2564,3,ค้อวัง,การปลูกข้าว (Rice),1,106.9,ไร่ (rai),123.33
1139,2564,11,สว่างแดนดิน,การขนส่งทางถนน (On-road),1,55.2,1000 L,134.21
1140,2564,11,โพนนาแก้ว,การปลูกข้าว (Rice),1,113.1,ไร่ (rai),129.82
1141,2564,7,นิคมน้ำอูน,การขนส่งทางถนน (On-road),1,34.1,1000 L,102.4
1142,2563,11,พรรณานิคม,การปลูกข้าว (Rice),1,77.6,ไร่ (rai),81.39
1143,2563,10,วานรนิวาส,การขนส่งทางถนน (On-road),1,66.8,1000 L,154.33
1144,2562,6,เมืองสกลนคร,การขนส่งทางถนน (On-road),1,26.4,1000 L,61.5
1145,2564,12,สว่างแดนดิน,ดินที่จัดการ (Managed soil),1,311.0,unit,160.93
1146,2564,2,นิคมน้ำอูน,ปศุสัตว์ (Livestock),1,198.8,unit,159.02
1147,2563,2,ส่องดาว,การปลูกข้าว (Rice),1,66.2,ไร่ (rai),73.49
1148,2563,3,เจริญศิลป์,การปลูกข้าว (Rice),1,113.9,ไร่ (rai),116.55
1149,2564,4,พรรณานิคม,การปลูกข้าว (Rice),1,63.8,ไร่ (rai),66.8
1150,2563,7,สว่างแดนดิน,การปลูกข้าว (Rice),1,95.1,ไร่ (rai),102.38
1151,2563,12,กุสุมาลย์,การขนส่งทางถนน (On-road),1,33.5,1000 L,85.1
1152,2562,4,เจริญศิลป์,การปลูกข้าว (Rice),1,84.4,ไร่ (rai),106.32
1153,2563,3,พังโคน,ฝังกลบขยะ (Landfill),1,122.4,unit,93.08
1154,2564,10,สว่างแดนดิน,ปศุสัตว์ (Livestock),1,110.0,unit,75.32
1155,2564,6,นิคมน้ำอูน,การปลูกข้าว (Rice),1,64.4,ไร่ (rai),72.14
1156,2562,12,สว่างแดนดิน,น้ำเสีย (Wastewater),1,233.3,unit,103.64
1157,2562,8,อากาศอำนวย,การปลูกข้าว (Rice),1,127.5,ไร่ (rai),147.18
1158,2563,11,พรรณานิคม,การปลูกข้าว (Rice),1,76.2,ไร่ (rai),85.31
1159,2564,2,นิคมน้ำอูน,การปลูกข้าว (Rice),1,76.0,ไร่ (rai),80.72
1160,2563,2,เมืองสกลนคร,ดินที่จัดการ (Managed soil),1,316.3,unit,179.86
1161,2564,11,เต่างอย,การปลูกข้าว (Rice),1,110.2,ไร่ (rai),124.71
1162,2563,10,บ้านม่วง,ปศุสัตว์ (Livestock),1,133.7,unit,112.51
1163,2563,12,พังโคน,การปลูกข้าว (Rice),1,101.8,ไร่ (rai),115.08
1164,2564,1,เต่างอย,การปลูกข้าว (Rice),1,52.3,ไร่ (rai),70.51
1165,2564,9,ภูพาน,การปลูกข้าว (Rice),1,79.7,ไร่ (rai),98.84
1166,2564,11,นิคมน้ำอูน,การขนส่งทางถนน (On-road),1,45.9,1000 L,117.38
1167,2562,8,สว่างแดนดิน,พลังงานที่พักอาศัย (Residential),2,116.3,1000 kWh,58.74
1168,2564,4,วาริชภูมิ,การปลูกข้าว (Rice),1,23.1,ไร่ (rai),29.11
1169,2562,8,อากาศอำนวย,การปลูกข้าว (Rice),1,106.3,ไร่ (rai),114.26
1170,2562,6,พรรณานิคม,การขนส่งทางถนน (On-road),1,45.8,1000 L,113.22
1171,2564,6,คำตากล้า,การปลูกข้าว (Rice),1,42.4,ไร่ (rai),46.64
1172,2562,9,ส่องดาว,ฝังกลบขยะ (Landfill),1,81.5,unit,66.07
1173,2563,2,พรรณานิคม,ปศุสัตว์ (Livestock),1,161.5,unit,148.53
1174,2563,6,ค้อวัง,การปลูกข้าว (Rice),1,61.7,ไร่ (rai),85.02
1175,2562,10,เจริญศิลป์,ปศุสัตว์ (Livestock),1,135.5,unit,118.89
1176,2562,12,บ้านม่วง,การปลูกข้าว (Rice),1,53.1,ไร่ (rai),58.59
1177,2564,5,โพนนาแก้ว,การปลูกข้าว (Rice),1,52.9,ไร่ (rai),54.87
1178,2564,4,บ้านม่วง,ปศุสัตว์ (Livestock),1,150.5,unit,121.02
1179,2562,12,เมืองสกลนคร,น้ำเสีย (Wastewater),1,273.0,unit,134.39
1180,2563,5,เต่างอย,น้ำเสีย (Wastewater),1,155.0,unit,77.7
1181,2563,3,อากาศอำนวย,ปศุสัตว์ (Livestock),1,110.8,unit,97.9
1182,2563,3,คำตากล้า,การปลูกข้าว (Rice),1,64.0,ไร่ (rai),74.41
1183,2563,7,วาริชภูมิ,การปลูกข้าว (Rice),1,136.4,ไร่ (rai),141.14
1184,2563,11,เต่างอย,การขนส่งทางถนน (On-road),1,42.6,1000 L,117.68
1185,2564,1,อากาศอำนวย,การปลูกข้าว (Rice),1,84.0,ไร่ (rai),88.82
1186,2563,1,พรรณานิคม,การปลูกข้าว (Rice),1,108.8,ไร่ (rai),147.68
1187,2563,1,บ้านม่วง,การปลูกข้าว (Rice),1,82.8,ไร่ (rai),102.6
1188,2563,4,พรรณานิคม,การปลูกข้าว (Rice),1,110.7,ไร่ (rai),142.49
1189,2562,12,โคกศรีสุพรรณ,การปลูกข้าว (Rice),1,76.6,ไร่ (rai),89.48
1190,2564,7,ค้อวัง,การปลูกข้าว (Rice),1,104.8,ไร่ (rai),107.89
1191,2564,12,โพนนาแก้ว,การปลูกข้าว (Rice),1,97.9,ไร่ (rai),110.06
1192,2564,1,เมืองสกลนคร,การปลูกข้าว (Rice),1,116.1,ไร่ (rai),149.5
1193,2564,5,ส่องดาว,การปลูกข้าว (Rice),1,78.5,ไร่ (rai),107.38
1194,2563,3,พรรณานิคม,ปศุสัตว์ (Livestock),1,175.2,unit,158.18
1195,2562,9,ส่องดาว,การปลูกข้าว (Rice),1,50.3,ไร่ (rai),68.0
1196,2562,4,สว่างแดนดิน,การปลูกข้าว (Rice),1,97.3,ไร่ (rai),106.41
1197,2562,8,นิคมน้ำอูน,ดินที่จัดการ (Managed soil),1,175.1,unit,90.77
1198,2562,4,พังโคน,การขนส่งทางถนน (On-road),1,12.2,1000 L,29.44
1199,2564,3,พังโคน,พลังงานธุรกิจ (Commercial),2,194.2,unit,113.08
1200,2562,12,สว่างแดนดิน,การปลูกข้าว (Rice),1,124.0,ไร่ (rai),136.19
1201,2563,2,พรรณานิคม,การปลูกข้าว (Rice),1,130.1,ไร่ (rai),135.14
1202,2564,6,บ้านม่วง,การปลูกข้าว (Rice),1,111.1,ไร่ (rai),152.55
1203,2564,5,วานรนิวาส,พลังงานธุรกิจ (Commercial),2,124.7,unit,74.22
1204,2563,4,กุสุมาลย์,ดินที่จัดการ (Managed soil),1,247.8,unit,133.47
1205,2563,10,วานรนิวาส,พลังงานที่พักอาศัย (Residential),2,300.2,1000 kWh,159.21
1206,2564,1,ภูพาน,การปลูกข้าว (Rice),1,62.8,ไร่ (rai),83.46
1207,2563,8,บ้านม่วง,ปศุสัตว์ (Livestock),1,27.5,unit,24.57
1208,2562,8,พังโคน,การขนส่งทางถนน (On-road),1,39.0,1000 L,102.05
1209,2563,8,คำตากล้า,การปลูกข้าว (Rice),1,92.5,ไร่ (rai),117.28
1210,2563,12,พังโคน,การขนส่งทางถนน (On-road),1,54.4,1000 L,167.86
1211,2563,12,นิคมน้ำอูน,การปลูกข้าว (Rice),1,67.8,ไร่ (rai),87.68
1212,2563,8,เจริญศิลป์,การขนส่งทางถนน (On-road),1,30.1,1000 L,87.38
1213,2562,8,อากาศอำนวย,ปศุสัตว์ (Livestock),1,165.9,unit,151.87
1214,2562,10,วาริชภูมิ,การปลูกข้าว (Rice),1,38.3,ไร่ (rai),51.77
1215,2564,10,วาริชภูมิ,การปลูกข้าว (Rice),1,49.4,ไร่ (rai),59.39
1216,2562,2,พังโคน,การปลูกข้าว (Rice),1,114.6,ไร่ (rai),123.75
1217,2564,5,กุสุมาลย์,การปลูกข้าว (Rice),1,54.8,ไร่ (rai),67.2
1218,2563,7,สว่างแดนดิน,การปลูกข้าว (Rice),1,82.8,ไร่ (rai),95.98
1219,2562,1,วาริชภูมิ,การปลูกข้าว (Rice),1,112.2,ไร่ (rai),140.62
1220,2563,5,นิคมน้ำอูน,การขนส่งทางถนน (On-road),1,51.9,1000 L,153.34
1221,2563,7,ภูพาน,การปลูกข้าว (Rice),1,152.7,ไร่ (rai),167.87
1222,2562,3,บ้านม่วง,น้ำเสีย (Wastewater),1,345.8,unit,162.42
1223,2564,11,สว่างแดนดิน,การปลูกข้าว (Rice),1,97.3,ไร่ (rai),102.02
1224,2564,8,วาริชภูมิ,การปลูกข้าว (Rice),1,5.0,ไร่ (rai),5.73
1225,2562,9,พรรณานิคม,พลังงานธุรกิจ (Commercial),2,41.3,unit,21.36
1226,2563,2,อากาศอำนวย,พลังงานธุรกิจ (Commercial),2,184.4,unit,116.96
1227,2564,3,คำตากล้า,ฝังกลบขยะ (Landfill),1,66.1,unit,51.52
1228,2563,10,พังโคน,การปลูกข้าว (Rice),1,40.4,ไร่ (rai),44.58
1229,2562,6,นิคมน้ำอูน,การปลูกข้าว (Rice),1,111.1,ไร่ (rai),138.64
1230,2562,4,คำตากล้า,การปลูกข้าว (Rice),1,61.8,ไร่ (rai),68.16
1231,2563,12,โคกศรีสุพรรณ,น้ำเสีย (Wastewater),1,53.8,unit,27.23
1232,2562,6,เจริญศิลป์,การปลูกข้าว (Rice),1,59.4,ไร่ (rai),78.33
1233,2564,4,ภูพาน,การขนส่งทางถนน (On-road),1,61.7,1000 L,188.31
1234,2564,12,พรรณานิคม,การปลูกข้าว (Rice),1,77.8,ไร่ (rai),98.17
1235,2562,3,ค้อวัง,ปศุสัตว์ (Livestock),1,160.4,unit,111.74
1236,2562,6,พังโคน,ปศุสัตว์ (Livestock),1,179.6,unit,141.94
1237,2564,7,โคกศรีสุพรรณ,การขนส่งทางถนน (On-road),1,51.3,1000 L,135.68
1238,2562,7,บ้านม่วง,การปลูกข้าว (Rice),1,162.6,ไร่ (rai),208.7
1239,2564,1,โพนนาแก้ว,การขนส่งทางถนน (On-road),1,57.9,1000 L,175.6
1240,2564,10,สว่างแดนดิน,ดินที่จัดการ (Managed soil),1,277.4,unit,125.81
1241,2564,2,วานรนิวาส,ปศุสัตว์ (Livestock),1,87.5,unit,70.16
1242,2564,9,สว่างแดนดิน,การปลูกข้าว (Rice),1,78.5,ไร่ (rai),97.58
1243,2564,3,เมืองสกลนคร,ปศุสัตว์ (Livestock),1,132.5,unit,104.75
1244,2562,12,โคกศรีสุพรรณ,การขนส่งทางถนน (On-road),1,23.8,1000 L,61.74
1245,2562,7,นิคมน้ำอูน,พลังงานที่พักอาศัย (Residential),2,216.0,1000 kWh,102.28
1246,2564,1,พังโคน,การปลูกข้าว (Rice),1,56.3,ไร่ (rai),62.88
1247,2564,11,ค้อวัง,ฝังกลบขยะ (Landfill),1,157.2,unit,134.03
1248,2564,11,เจริญศิลป์,การปลูกข้าว (Rice),1,89.6,ไร่ (rai),96.2
1249,2564,5,นิคมน้ำอูน,ปศุสัตว์ (Livestock),1,101.9,unit,85.49
1250,2563,8,กุสุมาลย์,ปศุสัตว์ (Livestock),1,118.3,unit,91.32
1251,2563,3,อากาศอำนวย,ดินที่จัดการ (Managed soil),1,206.4,unit,117.95
1252,2564,7,เต่างอย,การปลูกข้าว (Rice),1,117.8,ไร่ (rai),152.11
1253,2564,3,พังโคน,การปลูกข้าว (Rice),1,128.5,ไร่ (rai),174.23
1254,2562,9,คำตากล้า,การปลูกข้าว (Rice),1,109.6,ไร่ (rai),142.81
1255,2562,8,อากาศอำนวย,ปศุสัตว์ (Livestock),1,125.1,unit,114.26
1256,2564,4,โคกศรีสุพรรณ,การปลูกข้าว (Rice),1,59.6,ไร่ (rai),65.46
1257,2562,6,นิคมน้ำอูน,การขนส่งทางถนน (On-road),1,22.8,1000 L,61.99
1258,2562,3,โคกศรีสุพรรณ,ปศุสัตว์ (Livestock),1,167.5,unit,115.79
1259,2563,6,โพนนาแก้ว,การปลูกข้าว (Rice),1,5.0,ไร่ (rai),5.7
1260,2564,7,คำตากล้า,ฝังกลบขยะ (Landfill),1,78.6,unit,67.09
1261,2563,1,วานรนิวาส,การปลูกข้าว (Rice),1,109.6,ไร่ (rai),124.22
1262,2562,10,พังโคน,น้ำเสีย (Wastewater),1,209.9,unit,106.17
1263,2563,2,กุสุมาลย์,ดินที่จัดการ (Managed soil),1,245.8,unit,124.79
1264,2564,12,ค้อวัง,การปลูกข้าว (Rice),1,97.9,ไร่ (rai),131.75
1265,2564,7,นิคมน้ำอูน,ดินที่จัดการ (Managed soil),1,257.7,unit,132.93
1266,2563,4,โคกศรีสุพรรณ,การปลูกข้าว (Rice),1,80.4,ไร่ (rai),104.73
1267,2563,4,วานรนิวาส,การปลูกข้าว (Rice),1,41.5,ไร่ (rai),47.02
1268,2563,5,เมืองสกลนคร,ดินที่จัดการ (Managed soil),1,311.2,unit,156.81
1269,2562,3,ค้อวัง,การปลูกข้าว (Rice),1,60.2,ไร่ (rai),63.65
1270,2562,3,วานรนิวาส,ปศุสัตว์ (Livestock),1,138.8,unit,95.14
1271,2564,6,คำตากล้า,การปลูกข้าว (Rice),1,35.0,ไร่ (rai),45.78
1272,2562,7,สว่างแดนดิน,ฝังกลบขยะ (Landfill),1,203.5,unit,179.56
1273,2564,9,พังโคน,ปศุสัตว์ (Livestock),1,122.2,unit,99.21
1274,2562,11,เจริญศิลป์,การปลูกข้าว (Rice),1,79.1,ไร่ (rai),103.73
1275,2563,8,บ้านม่วง,น้ำเสีย (Wastewater),1,204.4,unit,104.58
1276,2563,3,โคกศรีสุพรรณ,การขนส่งทางถนน (On-road),1,43.1,1000 L,100.19
1277,2562,6,เจริญศิลป์,การปลูกข้าว (Rice),1,80.4,ไร่ (rai),93.96
1278,2562,3,ภูพาน,ปศุสัตว์ (Livestock),1,172.6,unit,140.14
1279,2562,3,วาริชภูมิ,การปลูกข้าว (Rice),1,72.6,ไร่ (rai),95.71
1280,2564,5,พังโคน,ฝังกลบขยะ (Landfill),1,108.0,unit,90.16
1281,2563,7,พรรณานิคม,ดินที่จัดการ (Managed soil),1,235.4,unit,115.11
1282,2563,5,กุสุมาลย์,ปศุสัตว์ (Livestock),1,77.7,unit,71.11
1283,2562,1,บ้านม่วง,การปลูกข้าว (Rice),1,44.3,ไร่ (rai),47.36
1284,2562,11,โพนนาแก้ว,น้ำเสีย (Wastewater),1,264.7,unit,117.95
1285,2562,10,พรรณานิคม,การปลูกข้าว (Rice),1,101.8,ไร่ (rai),125.54
1286,2564,9,พรรณานิคม,การปลูกข้าว (Rice),1,105.0,ไร่ (rai),133.75
1287,2562,12,โคกศรีสุพรรณ,การปลูกข้าว (Rice),1,54.4,ไร่ (rai),67.46
1288,2564,7,พังโคน,การขนส่งทางถนน (On-road),1,49.4,1000 L,131.94
1289,2564,12,เต่างอย,การปลูกข้าว (Rice),1,33.3,ไร่ (rai),35.82
1290,2562,2,อากาศอำนวย,การขนส่งทางถนน (On-road),1,44.3,1000 L,137.13
1291,2562,12,ภูพาน,การปลูกข้าว (Rice),1,79.0,ไร่ (rai),106.54
1292,2562,11,วาริชภูมิ,การปลูกข้าว (Rice),1,60.7,ไร่ (rai),71.13
1293,2563,8,วาริชภูมิ,การขนส่งทางถนน (On-road),1,61.8,1000 L,141.85
1294,2563,4,ภูพาน,การขนส่งทางถนน (On-road),1,8.6,1000 L,21.85
1295,2562,11,พรรณานิคม,การปลูกข้าว (Rice),1,109.7,ไร่ (rai),116.0
1296,2564,9,วานรนิวาส,การปลูกข้าว (Rice),1,79.7,ไร่ (rai),102.0
1297,2563,1,โคกศรีสุพรรณ,การปลูกข้าว (Rice),1,12.7,ไร่ (rai),15.16
1298,2563,2,ภูพาน,การปลูกข้าว (Rice),1,19.4,ไร่ (rai),20.26
1299,2564,5,โพนนาแก้ว,การปลูกข้าว (Rice),1,113.2,ไร่ (rai),154.72
1300,2564,2,พังโคน,ปศุสัตว์ (Livestock),1,131.6,unit,103.61
1301,2564,12,เมืองสกลนคร,การขนส่งทางถนน (On-road),1,54.0,1000 L,167.33
1302,2563,7,วาริชภูมิ,การปลูกข้าว (Rice),1,74.5,ไร่ (rai),77.99
1303,2564,8,โคกศรีสุพรรณ,การปลูกข้าว (Rice),1,99.6,ไร่ (rai),125.51
1304,2563,4,ส่องดาว,การปลูกข้าว (Rice),1,55.6,ไร่ (rai),61.1
1305,2562,7,เมืองสกลนคร,น้ำเสีย (Wastewater),1,249.0,unit,112.52
1306,2562,4,เจริญศิลป์,ฝังกลบขยะ (Landfill),1,194.8,unit,136.69
1307,2564,5,พังโคน,การปลูกข้าว (Rice),1,84.4,ไร่ (rai),100.18
1308,2563,1,บ้านม่วง,พลังงานที่พักอาศัย (Residential),2,105.6,1000 kWh,55.38
1309,2564,9,สว่างแดนดิน,การขนส่งทางถนน (On-road),1,45.9,1000 L,130.2
1310,2564,8,เมืองสกลนคร,ฝังกลบขยะ (Landfill),1,187.1,unit,138.11
1311,2562,2,สว่างแดนดิน,ปศุสัตว์ (Livestock),1,222.5,unit,164.91
1312,2563,2,วาริชภูมิ,ดินที่จัดการ (Managed soil),1,146.3,unit,62.77
1313,2563,11,ภูพาน,พลังงานธุรกิจ (Commercial),2,202.7,unit,106.59
1314,2564,9,ส่องดาว,การปลูกข้าว (Rice),1,117.6,ไร่ (rai),124.6
1315,2564,7,คำตากล้า,การปลูกข้าว (Rice),1,69.5,ไร่ (rai),90.41
1316,2564,3,วานรนิวาส,ดินที่จัดการ (Managed soil),1,276.8,unit,119.8
1317,2563,12,สว่างแดนดิน,การปลูกข้าว (Rice),1,124.4,ไร่ (rai),142.98
1318,2563,2,โพนนาแก้ว,ฝังกลบขยะ (Landfill),1,174.3,unit,158.92
1319,2562,1,เมืองสกลนคร,การขนส่งทางถนน (On-road),1,54.1,1000 L,127.82
1320,2563,1,นิคมน้ำอูน,ดินที่จัดการ (Managed soil),1,227.1,unit,104.3
1321,2562,8,วานรนิวาส,การปลูกข้าว (Rice),1,101.9,ไร่ (rai),120.94
1322,2562,1,เมืองสกลนคร,การปลูกข้าว (Rice),1,57.8,ไร่ (rai),72.93
1323,2564,4,วาริชภูมิ,การขนส่งทางถนน (On-road),1,35.0,1000 L,89.08
1324,2562,3,กุสุมาลย์,การปลูกข้าว (Rice),1,83.8,ไร่ (rai),111.19
1325,2563,1,วานรนิวาส,การปลูกข้าว (Rice),1,118.1,ไร่ (rai),157.36
1326,2564,2,ส่องดาว,การปลูกข้าว (Rice),1,115.8,ไร่ (rai),123.43
1327,2564,1,พังโคน,ฝังกลบขยะ (Landfill),1,92.7,unit,76.61
1328,2562,6,อากาศอำนวย,การปลูกข้าว (Rice),1,146.4,ไร่ (rai),155.33
1329,2562,9,ส่องดาว,ฝังกลบขยะ (Landfill),1,163.4,unit,133.51
1330,2563,4,กุสุมาลย์,การปลูกข้าว (Rice),1,126.5,ไร่ (rai),157.82
1331,2564,6,พรรณานิคม,ปศุสัตว์ (Livestock),1,104.3,unit,80.2
1332,2563,1,ค้อวัง,การขนส่งทางถนน (On-road),1,37.3,1000 L,101.22
1333,2562,12,นิคมน้ำอูน,การปลูกข้าว (Rice),1,139.8,ไร่ (rai),144.5
1334,2562,12,พังโคน,การปลูกข้าว (Rice),1,20.1,ไร่ (rai),27.34
1335,2562,5,ภูพาน,การปลูกข้าว (Rice),1,84.5,ไร่ (rai),102.99
1336,2564,5,บ้านม่วง,การขนส่งทางถนน (On-road),1,44.8,1000 L,122.68
1337,2564,5,โคกศรีสุพรรณ,ปศุสัตว์ (Livestock),1,103.9,unit,72.83
1338,2564,2,พังโคน,การปลูกข้าว (Rice),1,54.8,ไร่ (rai),63.5
1339,2562,4,บ้านม่วง,น้ำเสีย (Wastewater),1,164.7,unit,87.42
1340,2563,10,เจริญศิลป์,การปลูกข้าว (Rice),1,99.9,ไร่ (rai),114.79
1341,2563,3,โคกศรีสุพรรณ,การปลูกข้าว (Rice),1,96.7,ไร่ (rai),131.99
1342,2563,10,พรรณานิคม,การปลูกข้าว (Rice),1,89.7,ไร่ (rai),122.25
1343,2563,2,เจริญศิลป์,การปลูกข้าว (Rice),1,87.7,ไร่ (rai),95.87
1344,2562,4,โคกศรีสุพรรณ,การขนส่งทางถนน (On-road),1,24.0,1000 L,60.67
1345,2564,8,วานรนิวาส,ดินที่จัดการ (Managed soil),1,232.7,unit,127.39
1346,2562,11,โพนนาแก้ว,การปลูกข้าว (Rice),1,79.3,ไร่ (rai),94.07
1347,2563,10,โพนนาแก้ว,ปศุสัตว์ (Livestock),1,174.6,unit,149.87
1348,2564,2,กุสุมาลย์,การขนส่งทางถนน (On-road),1,41.3,1000 L,98.21
1349,2564,4,กุสุมาลย์,น้ำเสีย (Wastewater),1,358.3,unit,172.42
1350,2562,5,บ้านม่วง,การปลูกข้าว (Rice),1,110.4,ไร่ (rai),151.86
1351,2563,8,กุสุมาลย์,การปลูกข้าว (Rice),1,55.9,ไร่ (rai),62.98
1352,2563,1,โพนนาแก้ว,การปลูกข้าว (Rice),1,62.3,ไร่ (rai),72.8
1353,2562,10,ส่องดาว,การขนส่งทางถนน (On-road),1,62.3,1000 L,152.49
1354,2563,11,ภูพาน,ปศุสัตว์ (Livestock),1,126.6,unit,113.1
1355,2563,3,โคกศรีสุพรรณ,ดินที่จัดการ (Managed soil),1,289.4,unit,150.7
1356,2562,5,คำตากล้า,ดินที่จัดการ (Managed soil),1,253.2,unit,117.22
1357,2564,4,พรรณานิคม,พลังงานที่พักอาศัย (Residential),2,142.6,1000 kWh,69.26
1358,2562,1,อากาศอำนวย,การปลูกข้าว (Rice),1,65.1,ไร่ (rai),78.01
1359,2562,1,นิคมน้ำอูน,การปลูกข้าว (Rice),1,93.5,ไร่ (rai),117.7
1360,2564,1,คำตากล้า,ปศุสัตว์ (Livestock),1,75.8,unit,60.45
1361,2564,8,เมืองสกลนคร,การปลูกข้าว (Rice),1,119.1,ไร่ (rai),138.22
1362,2563,3,เต่างอย,การปลูกข้าว (Rice),1,114.1,ไร่ (rai),123.39
1363,2563,8,นิคมน้ำอูน,ปศุสัตว์ (Livestock),1,141.4,unit,124.65
1364,2563,9,โคกศรีสุพรรณ,การปลูกข้าว (Rice),1,72.6,ไร่ (rai),81.28
1365,2564,5,โพนนาแก้ว,การปลูกข้าว (Rice),1,42.7,ไร่ (rai),53.47
1366,2564,5,สว่างแดนดิน,การปลูกข้าว (Rice),1,93.7,ไร่ (rai),97.4
1367,2563,8,ส่องดาว,การขนส่งทางถนน (On-road),1,26.3,1000 L,63.19
1368,2563,12,นิคมน้ำอูน,ดินที่จัดการ (Managed soil),1,148.9,unit,75.99
1369,2564,6,พังโคน,การปลูกข้าว (Rice),1,84.1,ไร่ (rai),105.33
1370,2562,8,พรรณานิคม,การขนส่งทางถนน (On-road),1,33.5,1000 L,96.05
1371,2564,8,วาริชภูมิ,การขนส่งทางถนน (On-road),1,22.7,1000 L,66.55
1372,2563,12,เมืองสกลนคร,การปลูกข้าว (Rice),1,56.5,ไร่ (rai),59.72
1373,2564,9,วานรนิวาส,การปลูกข้าว (Rice),1,57.3,ไร่ (rai),62.46
1374,2564,7,พังโคน,การปลูกข้าว (Rice),1,91.8,ไร่ (rai),118.32
1375,2564,7,สว่างแดนดิน,การปลูกข้าว (Rice),1,85.6,ไร่ (rai),106.13
1376,2562,2,บ้านม่วง,ดินที่จัดการ (Managed soil),1,252.4,unit,136.88
1377,2563,10,กุสุมาลย์,ปศุสัตว์ (Livestock),1,148.2,unit,127.42
1378,2563,2,อากาศอำนวย,การปลูกข้าว (Rice),1,100.2,ไร่ (rai),123.45
1379,2562,5,อากาศอำนวย,การขนส่งทางถนน (On-road),1,23.2,1000 L,54.47
1380,2564,9,วาริชภูมิ,ดินที่จัดการ (Managed soil),1,107.5,unit,47.25
1381,2564,2,ส่องดาว,การขนส่งทางถนน (On-road),1,39.4,1000 L,106.98
1382,2562,11,บ้านม่วง,การปลูกข้าว (Rice),1,67.8,ไร่ (rai),92.31
1383,2562,9,ภูพาน,การปลูกข้าว (Rice),1,91.3,ไร่ (rai),125.33
1384,2562,10,เจริญศิลป์,การปลูกข้าว (Rice),1,119.7,ไร่ (rai),157.95
1385,2562,4,ค้อวัง,การปลูกข้าว (Rice),1,90.2,ไร่ (rai),119.03
1386,2563,8,โพนนาแก้ว,การปลูกข้าว (Rice),1,78.6,ไร่ (rai),86.6
1387,2563,9,เมืองสกลนคร,การปลูกข้าว (Rice),1,144.4,ไร่ (rai),156.63
1388,2562,4,วาริชภูมิ,ปศุสัตว์ (Livestock),1,147.8,unit,131.74
1389,2563,3,พังโคน,ปศุสัตว์ (Livestock),1,174.1,unit,144.88
1390,2562,11,พังโคน,การปลูกข้าว (Rice),1,86.6,ไร่ (rai),106.8
1391,2563,2,สว่างแดนดิน,พลังงานธุรกิจ (Commercial),2,203.3,unit,124.72
1392,2563,4,กุสุมาลย์,การขนส่งทางถนน (On-road),1,29.2,1000 L,76.27
1393,2564,10,อากาศอำนวย,การปลูกข้าว (Rice),1,58.1,ไร่ (rai),72.3
1394,2562,7,บ้านม่วง,ดินที่จัดการ (Managed soil),1,218.2,unit,105.87
1395,2562,12,โคกศรีสุพรรณ,การขนส่งทางถนน (On-road),1,33.9,1000 L,82.38
1396,2562,1,เมืองสกลนคร,การปลูกข้าว (Rice),1,87.2,ไร่ (rai),104.69
1397,2564,6,เมืองสกลนคร,การขนส่งทางถนน (On-road),1,5.0,1000 L,15.36
1398,2564,3,บ้านม่วง,ปศุสัตว์ (Livestock),1,78.9,unit,57.89
1399,2562,9,กุสุมาลย์,ปศุสัตว์ (Livestock),1,139.8,unit,112.32
1400,2562,10,ภูพาน,การขนส่งทางถนน (On-road),1,51.0,1000 L,126.81
1401,2562,1,กุสุมาลย์,พลังงานธุรกิจ (Commercial),2,257.5,unit,148.79
1402,2564,3,ค้อวัง,ฝังกลบขยะ (Landfill),1,190.7,unit,144.99
1403,2563,12,เมืองสกลนคร,การขนส่งทางถนน (On-road),1,56.1,1000 L,172.8
1404,2562,10,ส่องดาว,การขนส่งทางถนน (On-road),1,56.5,1000 L,137.99
1405,2563,8,สว่างแดนดิน,การปลูกข้าว (Rice),1,122.5,ไร่ (rai),140.44
1406,2562,8,ส่องดาว,การปลูกข้าว (Rice),1,73.5,ไร่ (rai),76.04
1407,2562,4,โคกศรีสุพรรณ,ปศุสัตว์ (Livestock),1,187.5,unit,132.28
1408,2564,7,อากาศอำนวย,ปศุสัตว์ (Livestock),1,172.8,unit,145.35
1409,2563,11,ส่องดาว,การปลูกข้าว (Rice),1,106.8,ไร่ (rai),139.54
1410,2562,12,อากาศอำนวย,การปลูกข้าว (Rice),1,35.6,ไร่ (rai),37.51
1411,2564,12,คำตากล้า,พลังงานที่พักอาศัย (Residential),2,134.0,1000 kWh,75.8
1412,2563,7,เต่างอย,การปลูกข้าว (Rice),1,80.4,ไร่ (rai),84.62
1413,2562,7,เต่างอย,การปลูกข้าว (Rice),1,99.5,ไร่ (rai),133.67
1414,2563,12,พรรณานิคม,การปลูกข้าว (Rice),1,119.0,ไร่ (rai),152.41
1415,2562,7,โพนนาแก้ว,การปลูกข้าว (Rice),1,71.2,ไร่ (rai),78.29
1416,2562,3,โพนนาแก้ว,การปลูกข้าว (Rice),1,88.7,ไร่ (rai),111.02
1417,2562,9,อากาศอำนวย,การขนส่งทางถนน (On-road),1,48.7,1000 L,130.29
1418,2562,1,เต่างอย,การปลูกข้าว (Rice),1,85.4,ไร่ (rai),98.8
1419,2562,9,เจริญศิลป์,การปลูกข้าว (Rice),1,31.0,ไร่ (rai),34.51
1420,2563,3,เมืองสกลนคร,การขนส่งทางถนน (On-road),1,35.4,1000 L,103.64
1421,2564,5,นิคมน้ำอูน,การขนส่งทางถนน (On-road),1,57.3,1000 L,143.57
1422,2564,3,บ้านม่วง,การขนส่งทางถนน (On-road),1,36.1,1000 L,104.43
1423,2563,9,เจริญศิลป์,การปลูกข้าว (Rice),1,91.9,ไร่ (rai),104.96
1424,2562,6,ค้อวัง,พลังงานธุรกิจ (Commercial),2,181.8,unit,119.44
1425,2564,2,วานรนิวาส,การขนส่งทางถนน (On-road),1,41.1,1000 L,113.61
1426,2562,8,พรรณานิคม,การปลูกข้าว (Rice),1,39.7,ไร่ (rai),52.38
1427,2564,1,เมืองสกลนคร,ปศุสัตว์ (Livestock),1,177.5,unit,149.37
1428,2563,11,กุสุมาลย์,การขนส่งทางถนน (On-road),1,19.3,1000 L,56.57
1429,2564,7,ค้อวัง,ปศุสัตว์ (Livestock),1,65.6,unit,46.85
1430,2564,6,โพนนาแก้ว,การปลูกข้าว (Rice),1,19.6,ไร่ (rai),25.2
1431,2563,5,เต่างอย,การปลูกข้าว (Rice),1,140.2,ไร่ (rai),153.06
1432,2563,8,โคกศรีสุพรรณ,การปลูกข้าว (Rice),1,83.5,ไร่ (rai),111.01
1433,2562,4,พังโคน,การขนส่งทางถนน (On-road),1,33.6,1000 L,93.05
1434,2562,1,พังโคน,พลังงานที่พักอาศัย (Residential),2,304.2,1000 kWh,168.2
1435,2563,6,พรรณานิคม,การปลูกข้าว (Rice),1,86.2,ไร่ (rai),111.02
1436,2563,2,โพนนาแก้ว,การปลูกข้าว (Rice),1,146.9,ไร่ (rai),155.65
1437,2564,9,คำตากล้า,พลังงานธุรกิจ (Commercial),2,204.4,unit,105.44
1438,2563,8,คำตากล้า,การปลูกข้าว (Rice),1,87.6,ไร่ (rai),94.16
1439,2563,3,เจริญศิลป์,การปลูกข้าว (Rice),1,93.9,ไร่ (rai),118.34
1440,2564,9,โคกศรีสุพรรณ,การปลูกข้าว (Rice),1,59.6,ไร่ (rai),70.96
1441,2563,8,วานรนิวาส,การปลูกข้าว (Rice),1,68.8,ไร่ (rai),81.97
1442,2564,6,ส่องดาว,การปลูกข้าว (Rice),1,74.9,ไร่ (rai),84.23
1443,2564,4,กุสุมาลย์,การปลูกข้าว (Rice),1,72.2,ไร่ (rai),99.02
1444,2563,8,เจริญศิลป์,การขนส่งทางถนน (On-road),1,60.8,1000 L,172.69
1445,2564,12,วานรนิวาส,การปลูกข้าว (Rice),1,154.7,ไร่ (rai),179.57
1446,2563,11,ส่องดาว,การปลูกข้าว (Rice),1,130.8,ไร่ (rai),134.01
1447,2564,7,ส่องดาว,การปลูกข้าว (Rice),1,69.9,ไร่ (rai),92.5
1448,2564,10,ส่องดาว,การปลูกข้าว (Rice),1,138.5,ไร่ (rai),182.32
1449,2563,9,ส่องดาว,การปลูกข้าว (Rice),1,97.3,ไร่ (rai),126.11
1450,2564,5,พรรณานิคม,การขนส่งทางถนน (On-road),1,24.1,1000 L,61.8
1451,2563,12,ภูพาน,การขนส่งทางถนน (On-road),1,26.5,1000 L,78.06
1452,2564,7,วานรนิวาส,การขนส่งทางถนน (On-road),1,35.6,1000 L,107.35
1453,2564,8,ส่องดาว,การปลูกข้าว (Rice),1,129.6,ไร่ (rai),153.05
1454,2563,11,บ้านม่วง,การปลูกข้าว (Rice),1,78.3,ไร่ (rai),97.22
1455,2564,10,เจริญศิลป์,การปลูกข้าว (Rice),1,153.5,ไร่ (rai),186.97
1456,2562,10,อากาศอำนวย,การขนส่งทางถนน (On-road),1,32.5,1000 L,99.48
1457,2564,5,กุสุมาลย์,การปลูกข้าว (Rice),1,94.4,ไร่ (rai),121.09
1458,2563,6,พังโคน,ปศุสัตว์ (Livestock),1,150.5,unit,124.32
1459,2562,5,โพนนาแก้ว,การปลูกข้าว (Rice),1,117.5,ไร่ (rai),130.73
1460,2564,3,บ้านม่วง,การขนส่งทางถนน (On-road),1,34.2,1000 L,102.62
1461,2564,9,เจริญศิลป์,พลังงานธุรกิจ (Commercial),2,244.0,unit,156.94
1462,2562,6,พังโคน,น้ำเสีย (Wastewater),1,255.2,unit,120.63
1463,2563,4,เต่างอย,ดินที่จัดการ (Managed soil),1,246.7,unit,136.49
1464,2562,5,อากาศอำนวย,ดินที่จัดการ (Managed soil),1,362.4,unit,174.16
1465,2562,5,ค้อวัง,การปลูกข้าว (Rice),1,133.6,ไร่ (rai),161.0
1466,2563,9,ภูพาน,การปลูกข้าว (Rice),1,95.6,ไร่ (rai),99.2
1467,2564,8,อากาศอำนวย,ฝังกลบขยะ (Landfill),1,118.8,unit,89.95
1468,2562,8,นิคมน้ำอูน,การขนส่งทางถนน (On-road),1,42.5,1000 L,131.18
1469,2563,6,อากาศอำนวย,การขนส่งทางถนน (On-road),1,57.4,1000 L,149.34
1470,2563,6,ส่องดาว,การปลูกข้าว (Rice),1,38.0,ไร่ (rai),44.4
1471,2563,8,บ้านม่วง,การขนส่งทางถนน (On-road),1,28.8,1000 L,86.41
1472,2563,2,สว่างแดนดิน,ปศุสัตว์ (Livestock),1,128.5,unit,106.32
1473,2564,12,ภูพาน,การปลูกข้าว (Rice),1,143.1,ไร่ (rai),172.12
1474,2562,8,โพนนาแก้ว,การขนส่งทางถนน (On-road),1,46.0,1000 L,116.26
1475,2562,2,โพนนาแก้ว,การขนส่งทางถนน (On-road),1,44.0,1000 L,119.45
1476,2563,8,โคกศรีสุพรรณ,การขนส่งทางถนน (On-road),1,53.1,1000 L,156.5
1477,2563,2,พังโคน,พลังงานที่พักอาศัย (Residential),2,274.6,1000 kWh,138.85
1478,2562,6,เต่างอย,การปลูกข้าว (Rice),1,90.7,ไร่ (rai),124.52
1479,2562,10,อากาศอำนวย,พลังงานธุรกิจ (Commercial),2,198.7,unit,102.39
1480,2564,12,พรรณานิคม,การปลูกข้าว (Rice),1,137.9,ไร่ (rai),175.16
1481,2562,3,ส่องดาว,การปลูกข้าว (Rice),1,149.3,ไร่ (rai),179.16
1482,2562,7,ส่องดาว,การขนส่งทางถนน (On-road),1,33.7,1000 L,87.16
1483,2564,4,โพนนาแก้ว,การขนส่งทางถนน (On-road),1,68.2,1000 L,188.5
1484,2564,1,นิคมน้ำอูน,การปลูกข้าว (Rice),1,79.4,ไร่ (rai),90.13
1485,2562,12,นิคมน้ำอูน,การปลูกข้าว (Rice),1,79.1,ไร่ (rai),106.51
1486,2563,3,ภูพาน,ดินที่จัดการ (Managed soil),1,219.0,unit,106.43
1487,2564,4,คำตากล้า,การขนส่งทางถนน (On-road),1,29.8,1000 L,83.27
1488,2562,3,ภูพาน,การปลูกข้าว (Rice),1,50.8,ไร่ (rai),68.97
1489,2562,2,นิคมน้ำอูน,การปลูกข้าว (Rice),1,81.9,ไร่ (rai),111.33
1490,2563,7,เต่างอย,ปศุสัตว์ (Livestock),1,155.3,unit,131.47
1491,2563,2,สว่างแดนดิน,การปลูกข้าว (Rice),1,56.9,ไร่ (rai),77.63
1492,2564,2,ค้อวัง,การปลูกข้าว (Rice),1,102.7,ไร่ (rai),111.43
1493,2564,5,คำตากล้า,การขนส่งทางถนน (On-road),1,13.0,1000 L,38.17
1494,2562,3,กุสุมาลย์,การปลูกข้าว (Rice),1,136.3,ไร่ (rai),154.81
1495,2563,10,นิคมน้ำอูน,การปลูกข้าว (Rice),1,65.4,ไร่ (rai),89.97
1496,2562,9,โพนนาแก้ว,ดินที่จัดการ (Managed soil),1,87.9,unit,41.27
1497,2562,7,ภูพาน,การปลูกข้าว (Rice),1,30.2,ไร่ (rai),40.88
1498,2563,2,เจริญศิลป์,การขนส่งทางถนน (On-road),1,36.8,1000 L,97.15
1499,2562,5,พรรณานิคม,พลังงานที่พักอาศัย (Residential),2,83.4,1000 kWh,37.6
1500,2564,5,กุสุมาลย์,ปศุสัตว์ (Livestock),1,128.8,unit,106.63
1501,2563,2,คำตากล้า,ดินที่จัดการ (Managed soil),1,122.7,unit,58.08
1502,2563,1,นิคมน้ำอูน,ปศุสัตว์ (Livestock),1,109.7,unit,99.15
1503,2563,12,เต่างอย,การขนส่งทางถนน (On-road),1,38.2,1000 L,112.02
1504,2564,9,พรรณานิคม,การปลูกข้าว (Rice),1,85.4,ไร่ (rai),88.79
1505,2563,7,เต่างอย,การปลูกข้าว (Rice),1,66.2,ไร่ (rai),86.91
1506,2563,5,สว่างแดนดิน,ปศุสัตว์ (Livestock),1,192.8,unit,170.63
1507,2562,1,เต่างอย,การปลูกข้าว (Rice),1,81.6,ไร่ (rai),95.74
1508,2562,9,ส่องดาว,การปลูกข้าว (Rice),1,120.2,ไร่ (rai),139.01
1509,2562,2,กุสุมาลย์,การปลูกข้าว (Rice),1,87.9,ไร่ (rai),94.33
1510,2563,2,ค้อวัง,การขนส่งทางถนน (On-road),1,50.4,1000 L,131.79
1511,2562,4,คำตากล้า,การปลูกข้าว (Rice),1,99.3,ไร่ (rai),135.53
1512,2562,6,พังโคน,การปลูกข้าว (Rice),1,12.4,ไร่ (rai),13.09
1513,2562,9,เมืองสกลนคร,การปลูกข้าว (Rice),1,138.2,ไร่ (rai),155.55
1514,2564,10,อากาศอำนวย,การปลูกข้าว (Rice),1,136.5,ไร่ (rai),142.17
1515,2563,5,สว่างแดนดิน,ปศุสัตว์ (Livestock),1,153.8,unit,106.93
1516,2562,10,นิคมน้ำอูน,พลังงานที่พักอาศัย (Residential),2,87.5,1000 kWh,43.32
1517,2562,4,เมืองสกลนคร,การปลูกข้าว (Rice),1,67.3,ไร่ (rai),75.4
1518,2564,3,สว่างแดนดิน,การขนส่งทางถนน (On-road),1,44.1,1000 L,110.34
1519,2563,8,คำตากล้า,การปลูกข้าว (Rice),1,108.8,ไร่ (rai),141.64
1520,2564,5,ส่องดาว,การปลูกข้าว (Rice),1,45.4,ไร่ (rai),48.0
1521,2563,2,ภูพาน,ปศุสัตว์ (Livestock),1,35.8,unit,31.59
1522,2564,9,บ้านม่วง,การขนส่งทางถนน (On-road),1,56.3,1000 L,142.5
1523,2564,1,กุสุมาลย์,การปลูกข้าว (Rice),1,117.3,ไร่ (rai),161.48
1524,2564,6,เต่างอย,การปลูกข้าว (Rice),1,142.6,ไร่ (rai),176.89
1525,2564,8,วาริชภูมิ,ปศุสัตว์ (Livestock),1,192.5,unit,134.95
1526,2563,12,วาริชภูมิ,การขนส่งทางถนน (On-road),1,60.9,1000 L,145.27
1527,2562,7,พรรณานิคม,การปลูกข้าว (Rice),1,47.5,ไร่ (rai),52.71
1528,2563,5,สว่างแดนดิน,การปลูกข้าว (Rice),1,56.0,ไร่ (rai),65.0
1529,2562,10,ส่องดาว,การขนส่งทางถนน (On-road),1,32.0,1000 L,95.26
1530,2564,3,โพนนาแก้ว,ฝังกลบขยะ (Landfill),1,111.4,unit,85.15
1531,2562,6,คำตากล้า,การปลูกข้าว (Rice),1,66.7,ไร่ (rai),86.17
1532,2563,11,กุสุมาลย์,การปลูกข้าว (Rice),1,126.3,ไร่ (rai),131.54
1533,2563,3,ค้อวัง,ปศุสัตว์ (Livestock),1,68.3,unit,47.81
1534,2564,8,เจริญศิลป์,ดินที่จัดการ (Managed soil),1,328.1,unit,183.21
1535,2562,10,เต่างอย,การปลูกข้าว (Rice),1,53.6,ไร่ (rai),72.03
1536,2564,8,คำตากล้า,การปลูกข้าว (Rice),1,109.0,ไร่ (rai),115.84
1537,2564,2,โพนนาแก้ว,การขนส่งทางถนน (On-road),1,49.7,1000 L,116.01
1538,2564,7,อากาศอำนวย,การปลูกข้าว (Rice),1,77.2,ไร่ (rai),105.6
1539,2564,8,พังโคน,การปลูกข้าว (Rice),1,88.2,ไร่ (rai),98.3
1540,2563,8,โคกศรีสุพรรณ,การขนส่งทางถนน (On-road),1,45.1,1000 L,117.93
1541,2562,5,พรรณานิคม,ปศุสัตว์ (Livestock),1,111.4,unit,96.76
1542,2562,5,โพนนาแก้ว,การขนส่งทางถนน (On-road),1,37.3,1000 L,92.89
1543,2562,4,เมืองสกลนคร,ดินที่จัดการ (Managed soil),1,152.2,unit,69.3
1544,2563,11,วาริชภูมิ,ปศุสัตว์ (Livestock),1,196.1,unit,140.24
1545,2563,4,โพนนาแก้ว,การปลูกข้าว (Rice),1,58.7,ไร่ (rai),66.67
1546,2563,1,นิคมน้ำอูน,การปลูกข้าว (Rice),1,63.0,ไร่ (rai),68.03
1547,2563,9,สว่างแดนดิน,การปลูกข้าว (Rice),1,63.6,ไร่ (rai),69.09
1548,2562,7,โคกศรีสุพรรณ,การปลูกข้าว (Rice),1,155.3,ไร่ (rai),191.32
1549,2563,8,เต่างอย,การปลูกข้าว (Rice),1,27.2,ไร่ (rai),37.2
1550,2562,12,วาริชภูมิ,การปลูกข้าว (Rice),1,113.5,ไร่ (rai),153.63
1551,2563,9,เมืองสกลนคร,การปลูกข้าว (Rice),1,70.6,ไร่ (rai),91.21
1552,2563,2,เจริญศิลป์,การปลูกข้าว (Rice),1,109.9,ไร่ (rai),116.46
1553,2563,4,เมืองสกลนคร,การปลูกข้าว (Rice),1,93.0,ไร่ (rai),121.04
1554,2562,6,สว่างแดนดิน,การขนส่งทางถนน (On-road),1,11.6,1000 L,33.36
1555,2562,8,ค้อวัง,การปลูกข้าว (Rice),1,163.8,ไร่ (rai),188.76
1556,2563,10,พรรณานิคม,น้ำเสีย (Wastewater),1,125.0,unit,57.04
1557,2564,12,ค้อวัง,การปลูกข้าว (Rice),1,15.9,ไร่ (rai),16.74
1558,2563,2,สว่างแดนดิน,พลังงานที่พักอาศัย (Residential),2,278.8,1000 kWh,138.95
1559,2564,1,โพนนาแก้ว,ปศุสัตว์ (Livestock),1,156.5,unit,110.97
1560,2564,8,ส่องดาว,การปลูกข้าว (Rice),1,132.1,ไร่ (rai),169.31
1561,2562,12,ภูพาน,การขนส่งทางถนน (On-road),1,8.7,1000 L,21.16
1562,2562,8,บ้านม่วง,ดินที่จัดการ (Managed soil),1,202.1,unit,91.54
1563,2562,12,โคกศรีสุพรรณ,พลังงานธุรกิจ (Commercial),2,71.7,unit,38.53
1564,2563,5,วานรนิวาส,น้ำเสีย (Wastewater),1,247.8,unit,109.64
1565,2563,8,เต่างอย,การปลูกข้าว (Rice),1,152.6,ไร่ (rai),189.1
1566,2564,9,พรรณานิคม,การปลูกข้าว (Rice),1,68.9,ไร่ (rai),89.63
1567,2564,10,โคกศรีสุพรรณ,การปลูกข้าว (Rice),1,121.1,ไร่ (rai),158.42
1568,2563,6,เต่างอย,การปลูกข้าว (Rice),1,132.3,ไร่ (rai),135.18
1569,2564,9,วานรนิวาส,พลังงานที่พักอาศัย (Residential),2,224.2,1000 kWh,99.07
1570,2562,4,พรรณานิคม,การขนส่งทางถนน (On-road),1,49.6,1000 L,140.41
1571,2563,1,กุสุมาลย์,พลังงานธุรกิจ (Commercial),2,79.4,unit,51.41
1572,2563,10,โคกศรีสุพรรณ,การขนส่งทางถนน (On-road),1,22.3,1000 L,52.47
1573,2562,10,พังโคน,น้ำเสีย (Wastewater),1,160.4,unit,72.34
1574,2562,5,โพนนาแก้ว,ดินที่จัดการ (Managed soil),1,307.0,unit,169.69
1575,2562,12,โคกศรีสุพรรณ,พลังงานธุรกิจ (Commercial),2,84.7,unit,47.14
1576,2562,11,วาริชภูมิ,การขนส่งทางถนน (On-road),1,54.8,1000 L,156.94
1577,2562,8,ค้อวัง,การขนส่งทางถนน (On-road),1,8.1,1000 L,22.84
1578,2563,12,พังโคน,การปลูกข้าว (Rice),1,80.7,ไร่ (rai),93.18
1579,2564,9,โพนนาแก้ว,การขนส่งทางถนน (On-road),1,40.2,1000 L,107.67
1580,2562,12,โคกศรีสุพรรณ,การปลูกข้าว (Rice),1,85.1,ไร่ (rai),93.08
1581,2563,6,วาริชภูมิ,การขนส่งทางถนน (On-road),1,58.7,1000 L,158.56
1582,2563,2,เจริญศิลป์,พลังงานธุรกิจ (Commercial),2,216.5,unit,133.9
1583,2562,3,เมืองสกลนคร,ดินที่จัดการ (Managed soil),1,143.5,unit,68.75
1584,2563,11,ส่องดาว,การปลูกข้าว (Rice),1,5.0,ไร่ (rai),6.22
1585,2564,2,กุสุมาลย์,การปลูกข้าว (Rice),1,94.3,ไร่ (rai),116.1
1586,2562,2,วานรนิวาส,การปลูกข้าว (Rice),1,72.7,ไร่ (rai),85.79
1587,2562,10,พังโคน,การปลูกข้าว (Rice),1,59.4,ไร่ (rai),71.13
1588,2564,7,ค้อวัง,การปลูกข้าว (Rice),1,91.4,ไร่ (rai),117.06
1589,2562,4,เต่างอย,การปลูกข้าว (Rice),1,106.1,ไร่ (rai),118.99
1590,2564,6,สว่างแดนดิน,การขนส่งทางถนน (On-road),1,48.2,1000 L,143.61
1591,2564,6,ภูพาน,การขนส่งทางถนน (On-road),1,42.3,1000 L,125.79
1592,2562,8,โพนนาแก้ว,การปลูกข้าว (Rice),1,72.2,ไร่ (rai),99.3
1593,2563,7,เจริญศิลป์,การปลูกข้าว (Rice),1,97.6,ไร่ (rai),125.73
1594,2562,3,นิคมน้ำอูน,การขนส่งทางถนน (On-road),1,43.5,1000 L,126.63
1595,2564,8,วาริชภูมิ,การปลูกข้าว (Rice),1,79.8,ไร่ (rai),104.15
1596,2563,9,เจริญศิลป์,พลังงานที่พักอาศัย (Residential),2,274.0,1000 kWh,117.61
1597,2562,10,โคกศรีสุพรรณ,การปลูกข้าว (Rice),1,56.2,ไร่ (rai),76.43
1598,2562,12,อากาศอำนวย,การปลูกข้าว (Rice),1,71.6,ไร่ (rai),85.63
1599,2562,11,เจริญศิลป์,การปลูกข้าว (Rice),1,128.2,ไร่ (rai),174.74
1600,2562,1,ภูพาน,น้ำเสีย (Wastewater),1,187.7,unit,87.74
1601,2562,11,พรรณานิคม,การปลูกข้าว (Rice),1,120.7,ไร่ (rai),164.32
1602,2564,4,ภูพาน,การปลูกข้าว (Rice),1,57.9,ไร่ (rai),79.04
1603,2562,6,ส่องดาว,การขนส่งทางถนน (On-road),1,49.0,1000 L,149.99
1604,2563,4,ส่องดาว,การปลูกข้าว (Rice),1,89.4,ไร่ (rai),122.48
1605,2562,6,เมืองสกลนคร,การปลูกข้าว (Rice),1,110.6,ไร่ (rai),145.49
1606,2563,6,โพนนาแก้ว,การปลูกข้าว (Rice),1,36.4,ไร่ (rai),39.15
1607,2562,7,วาริชภูมิ,ปศุสัตว์ (Livestock),1,65.4,unit,55.47
1608,2562,4,วานรนิวาส,การขนส่งทางถนน (On-road),1,38.0,1000 L,116.69
1609,2563,3,พังโคน,การขนส่งทางถนน (On-road),1,27.2,1000 L,63.98
1610,2563,11,อากาศอำนวย,พลังงานที่พักอาศัย (Residential),2,198.3,1000 kWh,97.49
1611,2562,4,โพนนาแก้ว,การปลูกข้าว (Rice),1,76.1,ไร่ (rai),81.34
1612,2564,3,โคกศรีสุพรรณ,การขนส่งทางถนน (On-road),1,26.5,1000 L,64.01
1613,2564,12,วานรนิวาส,การปลูกข้าว (Rice),1,82.3,ไร่ (rai),92.31
1614,2562,5,ภูพาน,การปลูกข้าว (Rice),1,93.3,ไร่ (rai),121.51
1615,2564,2,กุสุมาลย์,ปศุสัตว์ (Livestock),1,180.1,unit,163.85
1616,2562,10,ค้อวัง,น้ำเสีย (Wastewater),1,231.6,unit,121.09
1617,2562,10,โคกศรีสุพรรณ,การปลูกข้าว (Rice),1,134.3,ไร่ (rai),172.47
1618,2564,12,สว่างแดนดิน,ปศุสัตว์ (Livestock),1,171.2,unit,135.37
1619,2562,12,เมืองสกลนคร,การปลูกข้าว (Rice),1,59.2,ไร่ (rai),60.83
1620,2562,3,เจริญศิลป์,การขนส่งทางถนน (On-road),1,17.0,1000 L,41.43
1621,2563,12,วาริชภูมิ,การปลูกข้าว (Rice),1,5.0,ไร่ (rai),6.54
1622,2563,5,วานรนิวาส,การปลูกข้าว (Rice),1,43.5,ไร่ (rai),58.25
1623,2562,11,วานรนิวาส,การปลูกข้าว (Rice),1,75.6,ไร่ (rai),100.02
1624,2563,8,ค้อวัง,การปลูกข้าว (Rice),1,112.8,ไร่ (rai),153.85
1625,2562,3,โคกศรีสุพรรณ,การขนส่งทางถนน (On-road),1,46.5,1000 L,112.58
1626,2564,3,โคกศรีสุพรรณ,การขนส่งทางถนน (On-road),1,41.6,1000 L,101.98
1627,2562,5,เจริญศิลป์,การปลูกข้าว (Rice),1,55.9,ไร่ (rai),64.26
1628,2562,2,ส่องดาว,การขนส่งทางถนน (On-road),1,51.8,1000 L,136.19
1629,2562,11,ค้อวัง,การปลูกข้าว (Rice),1,26.7,ไร่ (rai),28.97
1630,2563,1,วานรนิวาส,การขนส่งทางถนน (On-road),1,21.5,1000 L,53.43
1631,2562,4,โคกศรีสุพรรณ,การปลูกข้าว (Rice),1,48.6,ไร่ (rai),60.51
1632,2564,7,วานรนิวาส,น้ำเสีย (Wastewater),1,240.6,unit,120.13
1633,2562,1,สว่างแดนดิน,การขนส่งทางถนน (On-road),1,48.5,1000 L,142.99
1634,2562,10,ส่องดาว,การปลูกข้าว (Rice),1,47.1,ไร่ (rai),62.77
1635,2563,1,โคกศรีสุพรรณ,ดินที่จัดการ (Managed soil),1,249.1,unit,135.31
1636,2562,8,สว่างแดนดิน,การปลูกข้าว (Rice),1,66.7,ไร่ (rai),89.94
1637,2564,11,ค้อวัง,การขนส่งทางถนน (On-road),1,47.8,1000 L,143.47
1638,2564,8,เจริญศิลป์,การปลูกข้าว (Rice),1,66.6,ไร่ (rai),91.11
1639,2563,2,สว่างแดนดิน,การปลูกข้าว (Rice),1,99.8,ไร่ (rai),119.91
1640,2562,6,พังโคน,การปลูกข้าว (Rice),1,87.7,ไร่ (rai),90.34
1641,2562,11,เมืองสกลนคร,ดินที่จัดการ (Managed soil),1,231.5,unit,99.87
1642,2562,8,วาริชภูมิ,การปลูกข้าว (Rice),1,91.2,ไร่ (rai),98.15
1643,2564,3,วานรนิวาส,การปลูกข้าว (Rice),1,82.8,ไร่ (rai),87.37
1644,2563,7,คำตากล้า,ดินที่จัดการ (Managed soil),1,273.5,unit,139.48
1645,2564,10,โพนนาแก้ว,ปศุสัตว์ (Livestock),1,196.5,unit,167.33
1646,2563,8,โคกศรีสุพรรณ,การปลูกข้าว (Rice),1,55.6,ไร่ (rai),70.16
1647,2562,12,วาริชภูมิ,การปลูกข้าว (Rice),1,90.6,ไร่ (rai),101.77
1648,2564,11,นิคมน้ำอูน,ฝังกลบขยะ (Landfill),1,136.2,unit,94.43
1649,2563,6,ภูพาน,การปลูกข้าว (Rice),1,79.6,ไร่ (rai),83.75
1650,2564,6,เมืองสกลนคร,ปศุสัตว์ (Livestock),1,128.3,unit,88.72
1651,2562,1,เต่างอย,การปลูกข้าว (Rice),1,163.7,ไร่ (rai),208.51
1652,2562,2,บ้านม่วง,การขนส่งทางถนน (On-road),1,52.6,1000 L,128.53
1653,2564,8,บ้านม่วง,ปศุสัตว์ (Livestock),1,201.2,unit,146.39
1654,2562,6,สว่างแดนดิน,การปลูกข้าว (Rice),1,74.4,ไร่ (rai),85.66
1655,2562,2,พรรณานิคม,การขนส่งทางถนน (On-road),1,57.3,1000 L,176.13
1656,2562,4,พรรณานิคม,การปลูกข้าว (Rice),1,102.9,ไร่ (rai),117.95
1657,2562,2,อากาศอำนวย,การขนส่งทางถนน (On-road),1,42.0,1000 L,111.47
1658,2563,3,เมืองสกลนคร,น้ำเสีย (Wastewater),1,373.5,unit,203.16
1659,2563,1,วาริชภูมิ,น้ำเสีย (Wastewater),1,249.0,unit,117.84
1660,2564,8,วานรนิวาส,การปลูกข้าว (Rice),1,41.9,ไร่ (rai),46.65
1661,2562,3,บ้านม่วง,การขนส่งทางถนน (On-road),1,28.4,1000 L,68.01
1662,2562,10,พรรณานิคม,การขนส่งทางถนน (On-road),1,61.5,1000 L,180.2
1663,2563,1,พังโคน,การปลูกข้าว (Rice),1,44.1,ไร่ (rai),54.91
1664,2562,4,วาริชภูมิ,การปลูกข้าว (Rice),1,79.2,ไร่ (rai),89.33
1665,2562,5,เต่างอย,การปลูกข้าว (Rice),1,52.2,ไร่ (rai),66.93
1666,2564,4,วาริชภูมิ,การขนส่งทางถนน (On-road),1,60.9,1000 L,146.31
1667,2562,3,บ้านม่วง,น้ำเสีย (Wastewater),1,143.1,unit,77.38
1668,2564,2,โคกศรีสุพรรณ,การปลูกข้าว (Rice),1,84.9,ไร่ (rai),93.41
1669,2564,8,ภูพาน,ดินที่จัดการ (Managed soil),1,253.9,unit,126.4
1670,2564,12,เจริญศิลป์,ปศุสัตว์ (Livestock),1,192.4,unit,148.49
1671,2562,6,ส่องดาว,การปลูกข้าว (Rice),1,153.3,ไร่ (rai),171.17
1672,2563,3,เจริญศิลป์,การปลูกข้าว (Rice),1,56.8,ไร่ (rai),58.68
1673,2564,5,บ้านม่วง,ปศุสัตว์ (Livestock),1,85.0,unit,76.24
1674,2564,11,นิคมน้ำอูน,การปลูกข้าว (Rice),1,76.5,ไร่ (rai),105.27
1675,2564,7,สว่างแดนดิน,การปลูกข้าว (Rice),1,104.9,ไร่ (rai),121.41
1676,2562,7,อากาศอำนวย,การปลูกข้าว (Rice),1,89.6,ไร่ (rai),109.12
1677,2563,1,วาริชภูมิ,การปลูกข้าว (Rice),1,97.7,ไร่ (rai),128.4
1678,2563,11,วาริชภูมิ,การปลูกข้าว (Rice),1,103.1,ไร่ (rai),131.55
1679,2562,1,ภูพาน,ปศุสัตว์ (Livestock),1,164.1,unit,150.48
1680,2563,4,สว่างแดนดิน,การขนส่งทางถนน (On-road),1,39.6,1000 L,105.38
1681,2564,2,ค้อวัง,การปลูกข้าว (Rice),1,125.9,ไร่ (rai),145.46
1682,2562,7,เจริญศิลป์,น้ำเสีย (Wastewater),1,258.8,unit,128.69
1683,2564,11,โคกศรีสุพรรณ,การปลูกข้าว (Rice),1,41.3,ไร่ (rai),56.8
1684,2562,8,เมืองสกลนคร,ปศุสัตว์ (Livestock),1,125.1,unit,110.43
1685,2562,10,วาริชภูมิ,การปลูกข้าว (Rice),1,112.7,ไร่ (rai),120.1
1686,2562,1,นิคมน้ำอูน,การปลูกข้าว (Rice),1,127.5,ไร่ (rai),165.56
1687,2563,8,อากาศอำนวย,การขนส่งทางถนน (On-road),1,43.9,1000 L,127.9
1688,2562,1,พรรณานิคม,การปลูกข้าว (Rice),1,87.3,ไร่ (rai),104.17
1689,2564,5,คำตากล้า,การขนส่งทางถนน (On-road),1,49.3,1000 L,126.08
1690,2563,6,พังโคน,การขนส่งทางถนน (On-road),1,27.0,1000 L,74.43
1691,2562,2,เมืองสกลนคร,ปศุสัตว์ (Livestock),1,164.5,unit,140.97
1692,2563,9,โพนนาแก้ว,การปลูกข้าว (Rice),1,117.0,ไร่ (rai),139.72
1693,2564,3,เจริญศิลป์,ปศุสัตว์ (Livestock),1,147.4,unit,129.11
1694,2562,7,โคกศรีสุพรรณ,การปลูกข้าว (Rice),1,5.0,ไร่ (rai),6.16
1695,2562,4,บ้านม่วง,การปลูกข้าว (Rice),1,99.9,ไร่ (rai),119.54
1696,2563,3,เต่างอย,การปลูกข้าว (Rice),1,96.9,ไร่ (rai),132.67
1697,2564,5,บ้านม่วง,การปลูกข้าว (Rice),1,93.2,ไร่ (rai),125.32
1698,2563,2,นิคมน้ำอูน,การขนส่งทางถนน (On-road),1,22.0,1000 L,66.38
1699,2564,8,ส่องดาว,การขนส่งทางถนน (On-road),1,38.6,1000 L,97.05
1700,2562,5,เมืองสกลนคร,การปลูกข้าว (Rice),1,50.5,ไร่ (rai),52.86
1701,2563,5,วานรนิวาส,ปศุสัตว์ (Livestock),1,50.2,unit,40.11
1702,2564,4,เจริญศิลป์,การขนส่งทางถนน (On-road),1,44.4,1000 L,125.63
1703,2562,5,เมืองสกลนคร,การปลูกข้าว (Rice),1,64.8,ไร่ (rai),81.44
1704,2564,1,คำตากล้า,การขนส่งทางถนน (On-road),1,41.4,1000 L,117.95
1705,2563,1,ภูพาน,การปลูกข้าว (Rice),1,97.8,ไร่ (rai),130.25
1706,2562,2,บ้านม่วง,การปลูกข้าว (Rice),1,77.2,ไร่ (rai),92.54
1707,2564,1,กุสุมาลย์,การปลูกข้าว (Rice),1,134.5,ไร่ (rai),159.44
1708,2564,3,กุสุมาลย์,น้ำเสีย (Wastewater),1,256.0,unit,117.22
1709,2564,6,พังโคน,การปลูกข้าว (Rice),1,75.4,ไร่ (rai),90.76
1710,2563,5,อากาศอำนวย,ปศุสัตว์ (Livestock),1,188.3,unit,148.97
1711,2564,1,กุสุมาลย์,การปลูกข้าว (Rice),1,45.7,ไร่ (rai),52.18
1712,2562,9,โคกศรีสุพรรณ,การปลูกข้าว (Rice),1,103.9,ไร่ (rai),113.23
1713,2563,5,กุสุมาลย์,การขนส่งทางถนน (On-road),1,20.9,1000 L,55.46
1714,2563,7,เต่างอย,ฝังกลบขยะ (Landfill),1,120.5,unit,108.29
1715,2564,8,โคกศรีสุพรรณ,การขนส่งทางถนน (On-road),1,76.7,1000 L,196.37
1716,2564,6,กุสุมาลย์,ฝังกลบขยะ (Landfill),1,63.5,unit,51.91
1717,2562,1,วานรนิวาส,ฝังกลบขยะ (Landfill),1,116.9,unit,100.0
1718,2564,7,ค้อวัง,การขนส่งทางถนน (On-road),1,38.9,1000 L,91.95
1719,2564,10,พรรณานิคม,การปลูกข้าว (Rice),1,97.9,ไร่ (rai),108.5
1720,2562,11,บ้านม่วง,พลังงานธุรกิจ (Commercial),2,85.2,unit,49.0
1721,2563,9,นิคมน้ำอูน,การปลูกข้าว (Rice),1,167.6,ไร่ (rai),221.09
1722,2562,7,พรรณานิคม,การขนส่งทางถนน (On-road),1,35.4,1000 L,85.84
1723,2563,10,วานรนิวาส,การปลูกข้าว (Rice),1,73.8,ไร่ (rai),85.03
1724,2564,7,วานรนิวาส,การปลูกข้าว (Rice),1,136.9,ไร่ (rai),162.48
1725,2564,3,พรรณานิคม,การปลูกข้าว (Rice),1,81.3,ไร่ (rai),87.87
1726,2562,8,วานรนิวาส,การปลูกข้าว (Rice),1,68.1,ไร่ (rai),76.9
1727,2564,8,คำตากล้า,การปลูกข้าว (Rice),1,44.0,ไร่ (rai),50.39
1728,2562,12,วาริชภูมิ,การปลูกข้าว (Rice),1,93.3,ไร่ (rai),98.54
1729,2563,11,โพนนาแก้ว,การปลูกข้าว (Rice),1,72.1,ไร่ (rai),80.06
1730,2564,11,เต่างอย,การปลูกข้าว (Rice),1,86.2,ไร่ (rai),91.78
1731,2563,7,บ้านม่วง,ปศุสัตว์ (Livestock),1,183.9,unit,134.14
1732,2562,1,อากาศอำนวย,การปลูกข้าว (Rice),1,42.9,ไร่ (rai),44.13
1733,2564,2,สว่างแดนดิน,การปลูกข้าว (Rice),1,64.6,ไร่ (rai),86.14
1734,2563,3,วาริชภูมิ,พลังงานที่พักอาศัย (Residential),2,207.8,1000 kWh,109.64
1735,2562,12,พังโคน,การปลูกข้าว (Rice),1,81.5,ไร่ (rai),98.01
1736,2562,6,โพนนาแก้ว,การปลูกข้าว (Rice),1,63.6,ไร่ (rai),83.4
1737,2563,9,ค้อวัง,การปลูกข้าว (Rice),1,88.5,ไร่ (rai),114.03
1738,2562,6,ค้อวัง,การปลูกข้าว (Rice),1,92.6,ไร่ (rai),127.15
1739,2563,4,วานรนิวาส,พลังงานที่พักอาศัย (Residential),2,203.6,1000 kWh,91.94
1740,2562,2,โคกศรีสุพรรณ,น้ำเสีย (Wastewater),1,302.2,unit,153.15
1741,2564,12,เมืองสกลนคร,น้ำเสีย (Wastewater),1,246.2,unit,113.54
1742,2564,7,พรรณานิคม,การปลูกข้าว (Rice),1,34.5,ไร่ (rai),41.18
1743,2562,11,กุสุมาลย์,การปลูกข้าว (Rice),1,65.7,ไร่ (rai),69.79
1744,2563,2,อากาศอำนวย,การปลูกข้าว (Rice),1,123.4,ไร่ (rai),136.3
1745,2564,3,เมืองสกลนคร,ปศุสัตว์ (Livestock),1,179.5,unit,164.22
1746,2562,1,กุสุมาลย์,การขนส่งทางถนน (On-road),1,61.2,1000 L,186.56
1747,2564,11,บ้านม่วง,การปลูกข้าว (Rice),1,87.5,ไร่ (rai),91.31
1748,2564,1,บ้านม่วง,การปลูกข้าว (Rice),1,42.8,ไร่ (rai),45.64
1749,2563,10,คำตากล้า,ปศุสัตว์ (Livestock),1,81.4,unit,70.56
1750,2563,2,โคกศรีสุพรรณ,การปลูกข้าว (Rice),1,74.9,ไร่ (rai),79.96
1751,2562,3,เมืองสกลนคร,ฝังกลบขยะ (Landfill),1,124.9,unit,104.77
1752,2563,6,โพนนาแก้ว,การขนส่งทางถนน (On-road),1,42.6,1000 L,101.52
1753,2562,9,ภูพาน,การปลูกข้าว (Rice),1,85.6,ไร่ (rai),93.83
1754,2564,2,เมืองสกลนคร,การขนส่งทางถนน (On-road),1,33.1,1000 L,87.05
1755,2564,9,ภูพาน,พลังงานธุรกิจ (Commercial),2,315.8,unit,211.81
1756,2564,4,พังโคน,การปลูกข้าว (Rice),1,144.8,ไร่ (rai),198.79
1757,2563,12,บ้านม่วง,การปลูกข้าว (Rice),1,67.4,ไร่ (rai),86.11
1758,2562,6,ภูพาน,ฝังกลบขยะ (Landfill),1,64.9,unit,59.65
1759,2564,1,คำตากล้า,การปลูกข้าว (Rice),1,103.1,ไร่ (rai),127.44
1760,2562,6,อากาศอำนวย,การขนส่งทางถนน (On-road),1,39.3,1000 L,94.98
1761,2563,4,เมืองสกลนคร,การขนส่งทางถนน (On-road),1,46.8,1000 L,115.58
1762,2564,12,โพนนาแก้ว,การปลูกข้าว (Rice),1,114.5,ไร่ (rai),125.84
1763,2563,4,กุสุมาลย์,การปลูกข้าว (Rice),1,115.5,ไร่ (rai),142.82
1764,2562,10,ส่องดาว,ปศุสัตว์ (Livestock),1,61.9,unit,56.57
1765,2563,7,โคกศรีสุพรรณ,การขนส่งทางถนน (On-road),1,76.1,1000 L,234.57
1766,2563,4,โพนนาแก้ว,ดินที่จัดการ (Managed soil),1,242.9,unit,137.84
1767,2562,9,โคกศรีสุพรรณ,การขนส่งทางถนน (On-road),1,46.5,1000 L,140.42
1768,2564,11,พังโคน,การขนส่งทางถนน (On-road),1,5.0,1000 L,13.25
1769,2564,6,พรรณานิคม,ดินที่จัดการ (Managed soil),1,390.3,unit,176.01
1770,2562,8,บ้านม่วง,ฝังกลบขยะ (Landfill),1,119.3,unit,92.64
1771,2563,1,วาริชภูมิ,การปลูกข้าว (Rice),1,79.5,ไร่ (rai),94.44
1772,2564,2,คำตากล้า,พลังงานธุรกิจ (Commercial),2,184.4,unit,97.98
1773,2562,4,นิคมน้ำอูน,การปลูกข้าว (Rice),1,124.4,ไร่ (rai),164.11
1774,2562,9,เมืองสกลนคร,การขนส่งทางถนน (On-road),1,49.5,1000 L,139.86
1775,2563,7,ค้อวัง,การปลูกข้าว (Rice),1,62.9,ไร่ (rai),71.24
1776,2564,12,เมืองสกลนคร,การขนส่งทางถนน (On-road),1,30.8,1000 L,73.62
1777,2562,4,บ้านม่วง,การขนส่งทางถนน (On-road),1,36.3,1000 L,97.44
1778,2564,4,โพนนาแก้ว,ปศุสัตว์ (Livestock),1,143.9,unit,107.85
1779,2564,5,ภูพาน,ปศุสัตว์ (Livestock),1,161.0,unit,110.57
1780,2563,6,โคกศรีสุพรรณ,การขนส่งทางถนน (On-road),1,25.4,1000 L,78.69
1781,2564,1,คำตากล้า,พลังงานธุรกิจ (Commercial),2,164.1,unit,94.41
1782,2563,5,นิคมน้ำอูน,การขนส่งทางถนน (On-road),1,29.7,1000 L,91.18
1783,2564,12,ภูพาน,การปลูกข้าว (Rice),1,78.8,ไร่ (rai),108.61
1784,2562,12,เต่างอย,การปลูกข้าว (Rice),1,61.6,ไร่ (rai),80.42
1785,2563,2,นิคมน้ำอูน,การขนส่งทางถนน (On-road),1,10.5,1000 L,25.96
1786,2563,7,เจริญศิลป์,การปลูกข้าว (Rice),1,72.9,ไร่ (rai),88.9
1787,2562,5,วาริชภูมิ,ดินที่จัดการ (Managed soil),1,288.4,unit,137.84
1788,2562,7,วาริชภูมิ,การปลูกข้าว (Rice),1,86.9,ไร่ (rai),114.03
1789,2564,3,สว่างแดนดิน,การปลูกข้าว (Rice),1,144.6,ไร่ (rai),174.54
1790,2564,4,อากาศอำนวย,ปศุสัตว์ (Livestock),1,147.3,unit,115.0
1791,2564,3,พรรณานิคม,การขนส่งทางถนน (On-road),1,30.9,1000 L,91.56
1792,2563,4,โคกศรีสุพรรณ,การปลูกข้าว (Rice),1,42.3,ไร่ (rai),54.6
1793,2562,2,เต่างอย,การปลูกข้าว (Rice),1,35.8,ไร่ (rai),40.56
1794,2563,6,วานรนิวาส,ปศุสัตว์ (Livestock),1,116.7,unit,84.34
1795,2564,12,โคกศรีสุพรรณ,การปลูกข้าว (Rice),1,57.3,ไร่ (rai),68.68
1796,2563,12,เต่างอย,การปลูกข้าว (Rice),1,91.5,ไร่ (rai),95.77
1797,2564,3,โพนนาแก้ว,ปศุสัตว์ (Livestock),1,73.6,unit,54.35
1798,2562,3,สว่างแดนดิน,พลังงานที่พักอาศัย (Residential),2,250.7,1000 kWh,111.79
1799,2563,9,โคกศรีสุพรรณ,การปลูกข้าว (Rice),1,68.0,ไร่ (rai),74.25
1800,2562,4,เมืองสกลนคร,การขนส่งทางถนน (On-road),1,33.9,1000 L,85.28
1801,2564,6,คำตากล้า,การปลูกข้าว (Rice),1,28.4,ไร่ (rai),33.01
1802,2564,2,ภูพาน,การปลูกข้าว (Rice),1,78.5,ไร่ (rai),93.67
1803,2564,6,โพนนาแก้ว,การปลูกข้าว (Rice),1,97.9,ไร่ (rai),102.1
1804,2563,11,วาริชภูมิ,การปลูกข้าว (Rice),1,105.6,ไร่ (rai),139.23
1805,2564,11,คำตากล้า,การปลูกข้าว (Rice),1,126.2,ไร่ (rai),156.4
1806,2563,3,วาริชภูมิ,การขนส่งทางถนน (On-road),1,59.5,1000 L,181.12
1807,2562,7,วานรนิวาส,ฝังกลบขยะ (Landfill),1,173.9,unit,124.84
1808,2563,6,วานรนิวาส,การปลูกข้าว (Rice),1,73.5,ไร่ (rai),97.16
1809,2562,12,เจริญศิลป์,การปลูกข้าว (Rice),1,26.1,ไร่ (rai),32.73
1810,2562,12,สว่างแดนดิน,การปลูกข้าว (Rice),1,87.1,ไร่ (rai),90.86
1811,2564,7,สว่างแดนดิน,การปลูกข้าว (Rice),1,121.4,ไร่ (rai),158.99
1812,2564,10,พรรณานิคม,การปลูกข้าว (Rice),1,82.1,ไร่ (rai),109.0
1813,2564,8,บ้านม่วง,การขนส่งทางถนน (On-road),1,8.7,1000 L,23.74
1814,2562,4,บ้านม่วง,การขนส่งทางถนน (On-road),1,36.2,1000 L,90.0
1815,2563,3,ภูพาน,น้ำเสีย (Wastewater),1,138.6,unit,77.65
1816,2564,9,ส่องดาว,การปลูกข้าว (Rice),1,134.1,ไร่ (rai),162.15
1817,2562,3,โคกศรีสุพรรณ,การปลูกข้าว (Rice),1,106.5,ไร่ (rai),113.21
1818,2563,7,เต่างอย,การขนส่งทางถนน (On-road),1,40.6,1000 L,98.78
1819,2564,6,กุสุมาลย์,ปศุสัตว์ (Livestock),1,114.5,unit,100.8
1820,2563,1,เมืองสกลนคร,พลังงานธุรกิจ (Commercial),2,210.1,unit,125.11
1821,2564,8,พรรณานิคม,พลังงานที่พักอาศัย (Residential),2,196.0,1000 kWh,101.03
1822,2562,10,กุสุมาลย์,การขนส่งทางถนน (On-road),1,5.0,1000 L,14.36
1823,2564,4,คำตากล้า,การขนส่งทางถนน (On-road),1,42.2,1000 L,108.27
1824,2563,1,ค้อวัง,พลังงานธุรกิจ (Commercial),2,130.5,unit,87.33
1825,2564,2,สว่างแดนดิน,การขนส่งทางถนน (On-road),1,27.8,1000 L,80.2
1826,2563,10,พังโคน,การปลูกข้าว (Rice),1,147.4,ไร่ (rai),165.26
1827,2562,3,พรรณานิคม,การขนส่งทางถนน (On-road),1,60.6,1000 L,140.52
1828,2563,12,วานรนิวาส,ดินที่จัดการ (Managed soil),1,24.9,unit,11.0
1829,2564,10,เต่างอย,การขนส่งทางถนน (On-road),1,40.8,1000 L,101.2
1830,2562,3,อากาศอำนวย,การปลูกข้าว (Rice),1,70.6,ไร่ (rai),93.74
1831,2563,8,เมืองสกลนคร,พลังงานที่พักอาศัย (Residential),2,223.5,1000 kWh,119.04
1832,2563,6,นิคมน้ำอูน,การปลูกข้าว (Rice),1,87.5,ไร่ (rai),95.46
1833,2562,10,ค้อวัง,ฝังกลบขยะ (Landfill),1,58.6,unit,52.81
1834,2564,8,อากาศอำนวย,การปลูกข้าว (Rice),1,108.1,ไร่ (rai),135.51
1835,2562,2,กุสุมาลย์,การปลูกข้าว (Rice),1,77.3,ไร่ (rai),99.1
1836,2564,7,สว่างแดนดิน,การขนส่งทางถนน (On-road),1,28.5,1000 L,73.5
1837,2562,5,วาริชภูมิ,ปศุสัตว์ (Livestock),1,99.7,unit,89.0
1838,2563,5,อากาศอำนวย,ดินที่จัดการ (Managed soil),1,171.8,unit,98.07
1839,2562,12,ส่องดาว,ปศุสัตว์ (Livestock),1,117.1,unit,85.22
1840,2562,12,เต่างอย,การขนส่งทางถนน (On-road),1,38.7,1000 L,92.05
1841,2562,10,เจริญศิลป์,ปศุสัตว์ (Livestock),1,146.4,unit,122.11
1842,2564,12,วานรนิวาส,การปลูกข้าว (Rice),1,148.2,ไร่ (rai),152.36
1843,2563,2,กุสุมาลย์,ปศุสัตว์ (Livestock),1,92.9,unit,74.17
1844,2563,12,ภูพาน,ปศุสัตว์ (Livestock),1,36.9,unit,28.65
1845,2564,6,เต่างอย,น้ำเสีย (Wastewater),1,130.8,unit,60.68
1846,2564,2,เต่างอย,การปลูกข้าว (Rice),1,131.3,ไร่ (rai),167.19
1847,2563,12,พังโคน,การปลูกข้าว (Rice),1,123.0,ไร่ (rai),137.35
1848,2563,11,เต่างอย,การปลูกข้าว (Rice),1,104.0,ไร่ (rai),106.67
1849,2563,4,ส่องดาว,ฝังกลบขยะ (Landfill),1,38.1,unit,26.21
1850,2564,10,ค้อวัง,การขนส่งทางถนน (On-road),1,33.7,1000 L,84.55
1851,2563,7,เต่างอย,พลังงานที่พักอาศัย (Residential),2,286.2,1000 kWh,153.5
1852,2563,11,เมืองสกลนคร,การปลูกข้าว (Rice),1,100.3,ไร่ (rai),129.55
1853,2563,11,กุสุมาลย์,การปลูกข้าว (Rice),1,73.2,ไร่ (rai),89.75
1854,2564,7,กุสุมาลย์,การปลูกข้าว (Rice),1,100.1,ไร่ (rai),106.75
1855,2563,2,โพนนาแก้ว,การปลูกข้าว (Rice),1,123.2,ไร่ (rai),150.56
1856,2562,10,อากาศอำนวย,การขนส่งทางถนน (On-road),1,28.6,1000 L,66.19
1857,2563,5,พรรณานิคม,การขนส่งทางถนน (On-road),1,39.3,1000 L,116.19
1858,2563,8,พังโคน,การปลูกข้าว (Rice),1,109.0,ไร่ (rai),140.63
1859,2562,1,นิคมน้ำอูน,การปลูกข้าว (Rice),1,74.4,ไร่ (rai),80.66
1860,2562,11,โคกศรีสุพรรณ,การปลูกข้าว (Rice),1,35.9,ไร่ (rai),47.92
1861,2564,4,โพนนาแก้ว,การปลูกข้าว (Rice),1,117.3,ไร่ (rai),141.71
1862,2564,10,สว่างแดนดิน,การปลูกข้าว (Rice),1,111.1,ไร่ (rai),152.07
1863,2562,12,คำตากล้า,การขนส่งทางถนน (On-road),1,19.6,1000 L,46.29
1864,2564,7,ค้อวัง,การปลูกข้าว (Rice),1,124.3,ไร่ (rai),127.11
1865,2562,8,เต่างอย,การขนส่งทางถนน (On-road),1,29.8,1000 L,71.03
1866,2563,2,สว่างแดนดิน,การปลูกข้าว (Rice),1,64.0,ไร่ (rai),67.06
1867,2563,9,กุสุมาลย์,พลังงานที่พักอาศัย (Residential),2,291.4,1000 kWh,128.54
1868,2562,6,โคกศรีสุพรรณ,การขนส่งทางถนน (On-road),1,28.4,1000 L,71.51
1869,2562,5,บ้านม่วง,การปลูกข้าว (Rice),1,82.3,ไร่ (rai),94.01
1870,2564,5,คำตากล้า,การปลูกข้าว (Rice),1,86.4,ไร่ (rai),89.49
1871,2563,8,พรรณานิคม,การปลูกข้าว (Rice),1,35.4,ไร่ (rai),39.85
1872,2564,10,เต่างอย,การปลูกข้าว (Rice),1,86.5,ไร่ (rai),95.45
1873,2564,8,นิคมน้ำอูน,การขนส่งทางถนน (On-road),1,40.1,1000 L,104.08
1874,2562,9,ภูพาน,ฝังกลบขยะ (Landfill),1,165.6,unit,148.19
1875,2564,12,เมืองสกลนคร,น้ำเสีย (Wastewater),1,235.1,unit,132.93
1876,2564,9,คำตากล้า,การขนส่งทางถนน (On-road),1,27.4,1000 L,68.24
1877,2562,10,เต่างอย,ดินที่จัดการ (Managed soil),1,323.7,unit,175.64
1878,2564,8,สว่างแดนดิน,การปลูกข้าว (Rice),1,131.4,ไร่ (rai),142.56
1879,2563,11,ส่องดาว,การขนส่งทางถนน (On-road),1,27.2,1000 L,66.35
1880,2562,8,บ้านม่วง,การขนส่งทางถนน (On-road),1,50.5,1000 L,150.4
1881,2563,10,กุสุมาลย์,พลังงานธุรกิจ (Commercial),2,170.9,unit,109.16
1882,2564,10,เต่างอย,ปศุสัตว์ (Livestock),1,54.5,unit,38.28
1883,2562,11,พรรณานิคม,การปลูกข้าว (Rice),1,56.5,ไร่ (rai),74.84
1884,2564,8,ส่องดาว,ปศุสัตว์ (Livestock),1,96.7,unit,82.51
1885,2564,6,โพนนาแก้ว,การปลูกข้าว (Rice),1,128.9,ไร่ (rai),150.69
1886,2563,6,ภูพาน,ปศุสัตว์ (Livestock),1,111.1,unit,79.01
1887,2562,2,วาริชภูมิ,ดินที่จัดการ (Managed soil),1,67.7,unit,35.08
1888,2564,11,นิคมน้ำอูน,การปลูกข้าว (Rice),1,70.6,ไร่ (rai),79.75
1889,2562,5,สว่างแดนดิน,การปลูกข้าว (Rice),1,44.0,ไร่ (rai),47.39
1890,2563,10,คำตากล้า,ฝังกลบขยะ (Landfill),1,84.8,unit,60.3
1891,2564,4,ค้อวัง,การขนส่งทางถนน (On-road),1,36.2,1000 L,91.75
1892,2564,12,โพนนาแก้ว,การปลูกข้าว (Rice),1,109.2,ไร่ (rai),129.11
1893,2562,2,สว่างแดนดิน,ปศุสัตว์ (Livestock),1,144.0,unit,109.75
1894,2562,4,เจริญศิลป์,พลังงานธุรกิจ (Commercial),2,138.0,unit,74.49
1895,2563,4,เจริญศิลป์,ปศุสัตว์ (Livestock),1,139.5,unit,121.16
1896,2564,12,เต่างอย,การปลูกข้าว (Rice),1,101.4,ไร่ (rai),128.56
1897,2562,2,พรรณานิคม,การปลูกข้าว (Rice),1,52.8,ไร่ (rai),68.47
1898,2562,7,เต่างอย,ดินที่จัดการ (Managed soil),1,165.4,unit,92.46
1899,2563,2,เมืองสกลนคร,ฝังกลบขยะ (Landfill),1,132.8,unit,101.11
1900,2564,5,นิคมน้ำอูน,การขนส่งทางถนน (On-road),1,27.9,1000 L,80.33
1901,2564,4,วาริชภูมิ,ปศุสัตว์ (Livestock),1,69.0,unit,60.96
1902,2562,9,วาริชภูมิ,ปศุสัตว์ (Livestock),1,153.3,unit,136.57
1903,2563,9,สว่างแดนดิน,การปลูกข้าว (Rice),1,144.4,ไร่ (rai),188.5
1904,2562,7,นิคมน้ำอูน,พลังงานธุรกิจ (Commercial),2,235.5,unit,155.44
1905,2563,12,พังโคน,การปลูกข้าว (Rice),1,53.6,ไร่ (rai),67.39
1906,2562,8,ส่องดาว,การปลูกข้าว (Rice),1,77.2,ไร่ (rai),87.4
1907,2562,10,ส่องดาว,การปลูกข้าว (Rice),1,94.9,ไร่ (rai),128.24
1908,2564,4,โพนนาแก้ว,การปลูกข้าว (Rice),1,62.9,ไร่ (rai),76.06
1909,2562,4,นิคมน้ำอูน,การปลูกข้าว (Rice),1,97.7,ไร่ (rai),107.62
1910,2562,5,นิคมน้ำอูน,การขนส่งทางถนน (On-road),1,31.9,1000 L,96.28
1911,2563,5,เมืองสกลนคร,การขนส่งทางถนน (On-road),1,27.4,1000 L,78.33
1912,2562,7,โคกศรีสุพรรณ,การขนส่งทางถนน (On-road),1,71.5,1000 L,220.86
1913,2563,6,ส่องดาว,พลังงานที่พักอาศัย (Residential),2,163.8,1000 kWh,88.15
1914,2564,11,กุสุมาลย์,ดินที่จัดการ (Managed soil),1,235.7,unit,101.46
1915,2562,9,พังโคน,การปลูกข้าว (Rice),1,52.2,ไร่ (rai),66.65
1916,2563,12,อากาศอำนวย,การขนส่งทางถนน (On-road),1,56.6,1000 L,161.71
1917,2563,11,โคกศรีสุพรรณ,การขนส่งทางถนน (On-road),1,5.0,1000 L,12.56
1918,2563,9,สว่างแดนดิน,การขนส่งทางถนน (On-road),1,10.2,1000 L,25.22
1919,2564,6,บ้านม่วง,พลังงานที่พักอาศัย (Residential),2,219.8,1000 kWh,93.62
1920,2563,12,พรรณานิคม,การปลูกข้าว (Rice),1,49.7,ไร่ (rai),59.78
1921,2562,9,โคกศรีสุพรรณ,การปลูกข้าว (Rice),1,132.8,ไร่ (rai),160.47
1922,2564,7,เมืองสกลนคร,การปลูกข้าว (Rice),1,104.7,ไร่ (rai),107.35
1923,2562,2,วานรนิวาส,การขนส่งทางถนน (On-road),1,40.4,1000 L,104.04
1924,2562,3,บ้านม่วง,การปลูกข้าว (Rice),1,91.5,ไร่ (rai),117.59
1925,2564,3,บ้านม่วง,ปศุสัตว์ (Livestock),1,81.2,unit,56.68
1926,2564,2,ค้อวัง,การปลูกข้าว (Rice),1,46.8,ไร่ (rai),53.54
1927,2564,7,เจริญศิลป์,การขนส่งทางถนน (On-road),1,47.6,1000 L,128.16
1928,2562,6,อากาศอำนวย,การปลูกข้าว (Rice),1,21.7,ไร่ (rai),24.07
1929,2564,1,วาริชภูมิ,การขนส่งทางถนน (On-road),1,60.8,1000 L,142.37
1930,2564,7,ค้อวัง,พลังงานที่พักอาศัย (Residential),2,227.6,1000 kWh,116.95
1931,2563,9,เมืองสกลนคร,การปลูกข้าว (Rice),1,116.0,ไร่ (rai),145.99
1932,2563,10,สว่างแดนดิน,ปศุสัตว์ (Livestock),1,210.2,unit,152.1
1933,2563,5,อากาศอำนวย,การปลูกข้าว (Rice),1,74.1,ไร่ (rai),79.6
1934,2562,6,อากาศอำนวย,การปลูกข้าว (Rice),1,23.4,ไร่ (rai),26.74
1935,2562,7,โพนนาแก้ว,ฝังกลบขยะ (Landfill),1,90.7,unit,71.85
1936,2564,10,คำตากล้า,การปลูกข้าว (Rice),1,122.9,ไร่ (rai),131.55
1937,2563,5,นิคมน้ำอูน,การปลูกข้าว (Rice),1,81.1,ไร่ (rai),98.78
1938,2564,5,เจริญศิลป์,การปลูกข้าว (Rice),1,120.2,ไร่ (rai),159.44
1939,2563,6,คำตากล้า,การปลูกข้าว (Rice),1,81.7,ไร่ (rai),89.24
1940,2562,6,เมืองสกลนคร,การปลูกข้าว (Rice),1,92.8,ไร่ (rai),114.22
1941,2564,4,วานรนิวาส,ดินที่จัดการ (Managed soil),1,136.8,unit,62.31
1942,2562,12,โคกศรีสุพรรณ,การปลูกข้าว (Rice),1,90.4,ไร่ (rai),117.19
1943,2563,5,ส่องดาว,การปลูกข้าว (Rice),1,46.1,ไร่ (rai),58.45
1944,2562,6,ค้อวัง,การปลูกข้าว (Rice),1,76.5,ไร่ (rai),102.78
1945,2562,11,โพนนาแก้ว,การปลูกข้าว (Rice),1,86.2,ไร่ (rai),98.48
1946,2562,1,อากาศอำนวย,น้ำเสีย (Wastewater),1,47.1,unit,23.2
1947,2562,5,โคกศรีสุพรรณ,การขนส่งทางถนน (On-road),1,44.2,1000 L,126.99
1948,2562,5,กุสุมาลย์,การปลูกข้าว (Rice),1,85.3,ไร่ (rai),115.43
1949,2563,9,ส่องดาว,การปลูกข้าว (Rice),1,97.0,ไร่ (rai),125.3
1950,2563,11,เจริญศิลป์,การปลูกข้าว (Rice),1,102.7,ไร่ (rai),120.8
1951,2564,9,เต่างอย,การขนส่งทางถนน (On-road),1,5.0,1000 L,14.55
1952,2564,4,เต่างอย,การปลูกข้าว (Rice),1,68.4,ไร่ (rai),91.87
1953,2564,8,อากาศอำนวย,การปลูกข้าว (Rice),1,100.6,ไร่ (rai),121.62
1954,2562,10,คำตากล้า,ปศุสัตว์ (Livestock),1,139.8,unit,99.04
1955,2563,10,กุสุมาลย์,การปลูกข้าว (Rice),1,91.0,ไร่ (rai),102.95
1956,2563,11,เต่างอย,พลังงานที่พักอาศัย (Residential),2,166.0,1000 kWh,76.9
1957,2564,7,อากาศอำนวย,การปลูกข้าว (Rice),1,71.3,ไร่ (rai),89.9
1958,2563,4,เจริญศิลป์,พลังงานที่พักอาศัย (Residential),2,225.5,1000 kWh,102.83
1959,2563,3,ค้อวัง,การปลูกข้าว (Rice),1,85.8,ไร่ (rai),97.75
1960,2562,12,ค้อวัง,ดินที่จัดการ (Managed soil),1,223.3,unit,123.42
1961,2564,9,อากาศอำนวย,ฝังกลบขยะ (Landfill),1,70.6,unit,53.58
1962,2562,2,นิคมน้ำอูน,การปลูกข้าว (Rice),1,50.1,ไร่ (rai),59.66
1963,2564,7,บ้านม่วง,การปลูกข้าว (Rice),1,100.4,ไร่ (rai),125.74
1964,2563,7,กุสุมาลย์,ดินที่จัดการ (Managed soil),1,291.3,unit,127.72
1965,2563,7,โพนนาแก้ว,ปศุสัตว์ (Livestock),1,169.4,unit,146.62
1966,2562,6,ค้อวัง,การปลูกข้าว (Rice),1,122.6,ไร่ (rai),132.47
1967,2562,4,วาริชภูมิ,การปลูกข้าว (Rice),1,114.4,ไร่ (rai),134.24
1968,2563,7,เมืองสกลนคร,ฝังกลบขยะ (Landfill),1,116.5,unit,93.9
1969,2562,12,อากาศอำนวย,การปลูกข้าว (Rice),1,59.7,ไร่ (rai),68.84
1970,2562,2,สว่างแดนดิน,การปลูกข้าว (Rice),1,80.2,ไร่ (rai),96.0
1971,2563,12,บ้านม่วง,การปลูกข้าว (Rice),1,143.6,ไร่ (rai),163.2
1972,2562,8,พังโคน,ปศุสัตว์ (Livestock),1,61.8,unit,54.08
1973,2562,12,พรรณานิคม,การปลูกข้าว (Rice),1,115.5,ไร่ (rai),149.49
1974,2562,6,บ้านม่วง,พลังงานที่พักอาศัย (Residential),2,266.0,1000 kWh,131.45
1975,2563,3,วานรนิวาส,พลังงานที่พักอาศัย (Residential),2,138.0,1000 kWh,66.72
1976,2562,10,เต่างอย,การปลูกข้าว (Rice),1,109.6,ไร่ (rai),136.75
1977,2564,7,บ้านม่วง,ปศุสัตว์ (Livestock),1,178.0,unit,137.63
1978,2564,4,นิคมน้ำอูน,การปลูกข้าว (Rice),1,68.9,ไร่ (rai),70.68
1979,2564,12,โคกศรีสุพรรณ,การปลูกข้าว (Rice),1,36.9,ไร่ (rai),40.57
1980,2562,7,ค้อวัง,พลังงานธุรกิจ (Commercial),2,125.4,unit,82.15
1981,2564,12,บ้านม่วง,การปลูกข้าว (Rice),1,69.5,ไร่ (rai),84.77
1982,2563,11,คำตากล้า,การขนส่งทางถนน (On-road),1,36.2,1000 L,111.65
1983,2562,6,นิคมน้ำอูน,ดินที่จัดการ (Managed soil),1,239.6,unit,116.18
1984,2563,8,ส่องดาว,การขนส่งทางถนน (On-road),1,36.7,1000 L,100.87
1985,2562,10,สว่างแดนดิน,การขนส่งทางถนน (On-road),1,57.0,1000 L,137.19
1986,2564,10,โคกศรีสุพรรณ,การขนส่งทางถนน (On-road),1,49.6,1000 L,150.87
1987,2562,6,พรรณานิคม,การปลูกข้าว (Rice),1,100.2,ไร่ (rai),126.81
1988,2564,7,กุสุมาลย์,การปลูกข้าว (Rice),1,104.7,ไร่ (rai),142.09
1989,2564,9,พังโคน,ปศุสัตว์ (Livestock),1,48.7,unit,34.72
1990,2563,2,วานรนิวาส,ดินที่จัดการ (Managed soil),1,143.0,unit,80.68
1991,2562,4,นิคมน้ำอูน,การปลูกข้าว (Rice),1,108.7,ไร่ (rai),140.96
1992,2564,10,ค้อวัง,ดินที่จัดการ (Managed soil),1,344.6,unit,169.54
1993,2562,6,เมืองสกลนคร,การปลูกข้าว (Rice),1,67.4,ไร่ (rai),72.44
1994,2562,11,โคกศรีสุพรรณ,การปลูกข้าว (Rice),1,115.1,ไร่ (rai),126.23
1995,2562,11,โพนนาแก้ว,การปลูกข้าว (Rice),1,95.2,ไร่ (rai),120.52
1996,2564,7,นิคมน้ำอูน,ปศุสัตว์ (Livestock),1,182.0,unit,140.96
1997,2563,10,พรรณานิคม,การปลูกข้าว (Rice),1,80.2,ไร่ (rai),86.87
1998,2564,12,พังโคน,การปลูกข้าว (Rice),1,78.5,ไร่ (rai),80.15
1999,2564,11,ภูพาน,การปลูกข้าว (Rice),1,130.4,ไร่ (rai),141.96
2000,2562,4,อากาศอำนวย,การปลูกข้าว (Rice),1,75.4,ไร่ (rai),84.77
2001,2563,5,คำตากล้า,การปลูกข้าว (Rice),1,29.7,ไร่ (rai),30.85
2002,2562,10,วานรนิวาส,การปลูกข้าว (Rice),1,58.1,ไร่ (rai),76.73
2003,2562,10,เมืองสกลนคร,การปลูกข้าว (Rice),1,32.3,ไร่ (rai),44.16
2004,2564,11,เต่างอย,การปลูกข้าว (Rice),1,90.7,ไร่ (rai),117.54
2005,2562,9,เจริญศิลป์,การปลูกข้าว (Rice),1,87.9,ไร่ (rai),112.13
2006,2562,9,พรรณานิคม,การปลูกข้าว (Rice),1,118.7,ไร่ (rai),154.39
2007,2562,11,พังโคน,การขนส่งทางถนน (On-road),1,39.4,1000 L,92.29
2008,2564,8,เมืองสกลนคร,ปศุสัตว์ (Livestock),1,85.2,unit,61.76
2009,2563,9,พังโคน,ปศุสัตว์ (Livestock),1,88.6,unit,75.57
2010,2564,4,ค้อวัง,การปลูกข้าว (Rice),1,103.3,ไร่ (rai),133.08
2011,2563,4,เมืองสกลนคร,การปลูกข้าว (Rice),1,40.9,ไร่ (rai),56.08
2012,2563,8,วานรนิวาส,การปลูกข้าว (Rice),1,85.2,ไร่ (rai),90.44
2013,2562,11,เมืองสกลนคร,การปลูกข้าว (Rice),1,53.6,ไร่ (rai),55.6
2014,2564,8,ภูพาน,พลังงานที่พักอาศัย (Residential),2,252.5,1000 kWh,117.57
2015,2563,8,นิคมน้ำอูน,การปลูกข้าว (Rice),1,107.0,ไร่ (rai),110.47
2016,2562,9,สว่างแดนดิน,การปลูกข้าว (Rice),1,110.9,ไร่ (rai),113.57
2017,2562,2,วานรนิวาส,การปลูกข้าว (Rice),1,77.2,ไร่ (rai),87.82
2018,2562,11,บ้านม่วง,ปศุสัตว์ (Livestock),1,134.3,unit,114.44
2019,2562,9,เจริญศิลป์,การปลูกข้าว (Rice),1,82.6,ไร่ (rai),95.87
2020,2563,8,นิคมน้ำอูน,การขนส่งทางถนน (On-road),1,31.0,1000 L,72.75
2021,2563,3,โพนนาแก้ว,พลังงานที่พักอาศัย (Residential),2,273.2,1000 kWh,147.87
2022,2562,10,ค้อวัง,การขนส่งทางถนน (On-road),1,21.7,1000 L,59.92
2023,2562,11,วาริชภูมิ,การขนส่งทางถนน (On-road),1,38.6,1000 L,101.9
2024,2564,12,วานรนิวาส,พลังงานที่พักอาศัย (Residential),2,149.2,1000 kWh,79.85
2025,2562,9,ส่องดาว,ปศุสัตว์ (Livestock),1,183.0,unit,154.68
2026,2562,6,วาริชภูมิ,ปศุสัตว์ (Livestock),1,30.0,unit,23.86
2027,2563,7,โพนนาแก้ว,ปศุสัตว์ (Livestock),1,223.4,unit,169.3
2028,2562,5,อากาศอำนวย,การปลูกข้าว (Rice),1,96.8,ไร่ (rai),114.09
2029,2564,9,สว่างแดนดิน,การปลูกข้าว (Rice),1,88.9,ไร่ (rai),119.62
2030,2562,10,เจริญศิลป์,การปลูกข้าว (Rice),1,78.8,ไร่ (rai),91.22
2031,2563,8,บ้านม่วง,พลังงานที่พักอาศัย (Residential),2,73.2,1000 kWh,36.13
2032,2563,10,คำตากล้า,การขนส่งทางถนน (On-road),1,56.3,1000 L,155.03
2033,2562,9,อากาศอำนวย,พลังงานที่พักอาศัย (Residential),2,325.4,1000 kWh,158.3
2034,2564,1,ค้อวัง,การขนส่งทางถนน (On-road),1,43.1,1000 L,130.03
2035,2564,8,ส่องดาว,การปลูกข้าว (Rice),1,40.1,ไร่ (rai),52.56
2036,2564,2,ส่องดาว,การขนส่งทางถนน (On-road),1,57.7,1000 L,156.22
2037,2562,11,วานรนิวาส,พลังงานที่พักอาศัย (Residential),2,187.3,1000 kWh,93.62
2038,2562,12,เจริญศิลป์,ปศุสัตว์ (Livestock),1,188.0,unit,131.98
2039,2564,3,โคกศรีสุพรรณ,การปลูกข้าว (Rice),1,109.8,ไร่ (rai),150.62
2040,2562,3,กุสุมาลย์,การปลูกข้าว (Rice),1,113.4,ไร่ (rai),135.78
2041,2563,9,เต่างอย,การขนส่งทางถนน (On-road),1,48.4,1000 L,134.97
2042,2563,10,วานรนิวาส,การปลูกข้าว (Rice),1,75.3,ไร่ (rai),94.51
2043,2563,1,บ้านม่วง,การขนส่งทางถนน (On-road),1,68.9,1000 L,180.63
2044,2564,3,กุสุมาลย์,การขนส่งทางถนน (On-road),1,24.4,1000 L,60.54
2045,2563,2,เต่างอย,ฝังกลบขยะ (Landfill),1,25.4,unit,21.51
2046,2564,10,เมืองสกลนคร,การขนส่งทางถนน (On-road),1,43.1,1000 L,114.21
2047,2563,9,สว่างแดนดิน,ดินที่จัดการ (Managed soil),1,321.3,unit,174.21
2048,2564,11,โคกศรีสุพรรณ,การปลูกข้าว (Rice),1,122.0,ไร่ (rai),135.5
2049,2564,7,โคกศรีสุพรรณ,การปลูกข้าว (Rice),1,104.2,ไร่ (rai),118.8
2050,2562,5,วาริชภูมิ,การขนส่งทางถนน (On-road),1,43.4,1000 L,125.15
2051,2562,9,เต่างอย,การปลูกข้าว (Rice),1,134.2,ไร่ (rai),146.99
2052,2562,12,เมืองสกลนคร,ปศุสัตว์ (Livestock),1,202.9,unit,183.65
2053,2563,1,โพนนาแก้ว,การขนส่งทางถนน (On-road),1,35.6,1000 L,92.57
2054,2562,3,เมืองสกลนคร,การขนส่งทางถนน (On-road),1,10.8,1000 L,26.04
2055,2564,7,พรรณานิคม,น้ำเสีย (Wastewater),1,237.3,unit,105.97
2056,2564,7,นิคมน้ำอูน,การปลูกข้าว (Rice),1,73.2,ไร่ (rai),81.53
2057,2564,10,ค้อวัง,การปลูกข้าว (Rice),1,108.1,ไร่ (rai),140.31
2058,2563,7,กุสุมาลย์,ดินที่จัดการ (Managed soil),1,114.3,unit,52.27
2059,2564,8,เต่างอย,ดินที่จัดการ (Managed soil),1,200.1,unit,90.5
2060,2564,1,ส่องดาว,การขนส่งทางถนน (On-road),1,43.7,1000 L,111.73
2061,2563,1,คำตากล้า,การปลูกข้าว (Rice),1,53.6,ไร่ (rai),60.07
2062,2564,10,วาริชภูมิ,การปลูกข้าว (Rice),1,60.6,ไร่ (rai),71.96
2063,2564,8,วาริชภูมิ,การปลูกข้าว (Rice),1,99.0,ไร่ (rai),112.29
2064,2563,4,พังโคน,การขนส่งทางถนน (On-road),1,50.2,1000 L,119.29
2065,2564,1,โพนนาแก้ว,การปลูกข้าว (Rice),1,46.8,ไร่ (rai),62.61
2066,2563,2,ค้อวัง,การปลูกข้าว (Rice),1,51.5,ไร่ (rai),57.41
2067,2564,4,เจริญศิลป์,การปลูกข้าว (Rice),1,116.9,ไร่ (rai),121.52
2068,2564,10,เจริญศิลป์,พลังงานที่พักอาศัย (Residential),2,337.3,1000 kWh,172.84
2069,2564,4,เมืองสกลนคร,การปลูกข้าว (Rice),1,64.6,ไร่ (rai),86.41
2070,2563,9,บ้านม่วง,การปลูกข้าว (Rice),1,71.3,ไร่ (rai),93.29
2071,2563,1,พรรณานิคม,การปลูกข้าว (Rice),1,36.8,ไร่ (rai),46.98
2072,2563,8,บ้านม่วง,การปลูกข้าว (Rice),1,75.7,ไร่ (rai),90.52
2073,2562,3,เจริญศิลป์,การปลูกข้าว (Rice),1,87.2,ไร่ (rai),112.51
2074,2562,3,คำตากล้า,การขนส่งทางถนน (On-road),1,41.0,1000 L,117.95
2075,2564,8,เมืองสกลนคร,การปลูกข้าว (Rice),1,76.9,ไร่ (rai),91.46
2076,2562,7,โคกศรีสุพรรณ,ปศุสัตว์ (Livestock),1,79.0,unit,68.51
2077,2564,3,โพนนาแก้ว,พลังงานที่พักอาศัย (Residential),2,216.1,1000 kWh,94.06
2078,2564,8,นิคมน้ำอูน,ดินที่จัดการ (Managed soil),1,371.5,unit,176.8
2079,2563,10,เจริญศิลป์,การปลูกข้าว (Rice),1,61.5,ไร่ (rai),71.9
2080,2564,2,โพนนาแก้ว,การปลูกข้าว (Rice),1,166.0,ไร่ (rai),173.44
2081,2563,8,วาริชภูมิ,การปลูกข้าว (Rice),1,65.7,ไร่ (rai),76.01
2082,2562,5,วานรนิวาส,การขนส่งทางถนน (On-road),1,25.5,1000 L,60.75
2083,2564,2,เต่างอย,ดินที่จัดการ (Managed soil),1,386.0,unit,175.54
2084,2563,12,นิคมน้ำอูน,การปลูกข้าว (Rice),1,109.2,ไร่ (rai),131.47
2085,2564,5,นิคมน้ำอูน,การปลูกข้าว (Rice),1,106.0,ไร่ (rai),119.49
2086,2563,11,อากาศอำนวย,การปลูกข้าว (Rice),1,81.7,ไร่ (rai),112.64
2087,2562,6,อากาศอำนวย,การปลูกข้าว (Rice),1,48.2,ไร่ (rai),54.29
2088,2562,7,คำตากล้า,ปศุสัตว์ (Livestock),1,60.3,unit,47.8
2089,2564,9,คำตากล้า,พลังงานธุรกิจ (Commercial),2,96.5,unit,49.26
2090,2564,4,วานรนิวาส,การปลูกข้าว (Rice),1,108.6,ไร่ (rai),139.78
2091,2564,9,เต่างอย,ฝังกลบขยะ (Landfill),1,175.2,unit,141.85
2092,2564,8,สว่างแดนดิน,ปศุสัตว์ (Livestock),1,30.7,unit,25.11
2093,2564,7,เต่างอย,การปลูกข้าว (Rice),1,121.4,ไร่ (rai),152.07
2094,2564,10,ส่องดาว,ดินที่จัดการ (Managed soil),1,288.7,unit,132.34
2095,2562,10,โคกศรีสุพรรณ,การขนส่งทางถนน (On-road),1,40.4,1000 L,101.48
2096,2564,7,กุสุมาลย์,การปลูกข้าว (Rice),1,82.5,ไร่ (rai),100.19
2097,2562,11,พังโคน,การปลูกข้าว (Rice),1,53.5,ไร่ (rai),63.65
2098,2563,11,นิคมน้ำอูน,การขนส่งทางถนน (On-road),1,63.9,1000 L,147.66
2099,2563,10,เต่างอย,การขนส่งทางถนน (On-road),1,24.6,1000 L,69.99
2100,2563,7,เมืองสกลนคร,การปลูกข้าว (Rice),1,108.1,ไร่ (rai),124.78
2101,2563,8,โพนนาแก้ว,การปลูกข้าว (Rice),1,130.2,ไร่ (rai),134.33
2102,2564,5,กุสุมาลย์,ปศุสัตว์ (Livestock),1,183.9,unit,162.77
2103,2564,5,ส่องดาว,การปลูกข้าว (Rice),1,154.6,ไร่ (rai),180.57
2104,2564,11,พรรณานิคม,พลังงานธุรกิจ (Commercial),2,178.6,unit,122.08
2105,2564,6,ค้อวัง,ปศุสัตว์ (Livestock),1,73.6,unit,62.52
2106,2563,12,กุสุมาลย์,การขนส่งทางถนน (On-road),1,59.3,1000 L,162.63
2107,2564,10,เมืองสกลนคร,การปลูกข้าว (Rice),1,125.9,ไร่ (rai),165.64
2108,2564,9,โคกศรีสุพรรณ,ปศุสัตว์ (Livestock),1,135.4,unit,99.97
2109,2562,4,นิคมน้ำอูน,พลังงานที่พักอาศัย (Residential),2,289.5,1000 kWh,145.1
2110,2563,1,สว่างแดนดิน,การปลูกข้าว (Rice),1,62.6,ไร่ (rai),73.48
2111,2564,11,โพนนาแก้ว,การขนส่งทางถนน (On-road),1,60.7,1000 L,161.97
2112,2562,10,อากาศอำนวย,การปลูกข้าว (Rice),1,93.1,ไร่ (rai),108.84
2113,2562,12,วาริชภูมิ,การปลูกข้าว (Rice),1,33.6,ไร่ (rai),44.17
2114,2563,9,พรรณานิคม,การปลูกข้าว (Rice),1,92.4,ไร่ (rai),126.18
2115,2564,3,ส่องดาว,การปลูกข้าว (Rice),1,71.5,ไร่ (rai),78.25
2116,2562,5,พรรณานิคม,การปลูกข้าว (Rice),1,40.9,ไร่ (rai),55.41
2117,2564,8,วาริชภูมิ,การปลูกข้าว (Rice),1,80.9,ไร่ (rai),92.7
2118,2564,10,คำตากล้า,การปลูกข้าว (Rice),1,103.9,ไร่ (rai),142.95
2119,2563,9,เมืองสกลนคร,การปลูกข้าว (Rice),1,67.6,ไร่ (rai),83.75
2120,2563,7,บ้านม่วง,การปลูกข้าว (Rice),1,27.1,ไร่ (rai),32.07
2121,2564,4,พังโคน,การปลูกข้าว (Rice),1,9.1,ไร่ (rai),10.47
2122,2564,9,เจริญศิลป์,พลังงานธุรกิจ (Commercial),2,166.0,unit,88.77
2123,2564,1,บ้านม่วง,การปลูกข้าว (Rice),1,108.2,ไร่ (rai),146.29
2124,2562,3,อากาศอำนวย,พลังงานธุรกิจ (Commercial),2,104.0,unit,67.22
2125,2562,5,โพนนาแก้ว,ปศุสัตว์ (Livestock),1,127.7,unit,99.1
2126,2564,4,ภูพาน,การปลูกข้าว (Rice),1,61.9,ไร่ (rai),82.41
2127,2562,6,เมืองสกลนคร,การขนส่งทางถนน (On-road),1,7.7,1000 L,18.37
2128,2562,2,เจริญศิลป์,การขนส่งทางถนน (On-road),1,39.4,1000 L,94.45
2129,2563,4,กุสุมาลย์,การปลูกข้าว (Rice),1,39.1,ไร่ (rai),45.88
2130,2564,5,ค้อวัง,การขนส่งทางถนน (On-road),1,35.1,1000 L,103.28
2131,2562,4,นิคมน้ำอูน,การปลูกข้าว (Rice),1,23.4,ไร่ (rai),27.9
2132,2564,1,สว่างแดนดิน,พลังงานธุรกิจ (Commercial),2,293.8,unit,167.65
2133,2562,12,คำตากล้า,การขนส่งทางถนน (On-road),1,52.8,1000 L,127.33
2134,2564,4,เจริญศิลป์,การปลูกข้าว (Rice),1,57.6,ไร่ (rai),71.03
2135,2562,5,เต่างอย,การปลูกข้าว (Rice),1,37.5,ไร่ (rai),46.32
2136,2562,8,คำตากล้า,พลังงานที่พักอาศัย (Residential),2,272.6,1000 kWh,145.65
2137,2562,9,สว่างแดนดิน,การปลูกข้าว (Rice),1,82.5,ไร่ (rai),104.4
2138,2564,3,โพนนาแก้ว,การขนส่งทางถนน (On-road),1,20.6,1000 L,62.47
2139,2562,2,เต่างอย,น้ำเสีย (Wastewater),1,267.1,unit,114.27
2140,2562,7,เมืองสกลนคร,ปศุสัตว์ (Livestock),1,186.9,unit,144.94
2141,2563,7,นิคมน้ำอูน,การปลูกข้าว (Rice),1,64.1,ไร่ (rai),67.89
2142,2564,5,ส่องดาว,การขนส่งทางถนน (On-road),1,60.1,1000 L,144.56
2143,2562,1,ค้อวัง,น้ำเสีย (Wastewater),1,360.9,unit,161.1
2144,2562,9,ค้อวัง,พลังงานที่พักอาศัย (Residential),2,276.8,1000 kWh,154.15
2145,2564,6,อากาศอำนวย,การปลูกข้าว (Rice),1,60.9,ไร่ (rai),73.21
2146,2563,10,เมืองสกลนคร,การขนส่งทางถนน (On-road),1,50.7,1000 L,123.09
2147,2562,4,สว่างแดนดิน,การปลูกข้าว (Rice),1,88.2,ไร่ (rai),93.49
2148,2563,1,วานรนิวาส,การขนส่งทางถนน (On-road),1,56.7,1000 L,172.33
2149,2563,12,ส่องดาว,พลังงานธุรกิจ (Commercial),2,224.3,unit,145.22
2150,2564,10,วานรนิวาส,ปศุสัตว์ (Livestock),1,205.6,unit,168.57
2151,2564,11,เมืองสกลนคร,การปลูกข้าว (Rice),1,149.7,ไร่ (rai),199.06
2152,2562,7,วาริชภูมิ,การขนส่งทางถนน (On-road),1,27.4,1000 L,76.76
2153,2563,11,พรรณานิคม,การปลูกข้าว (Rice),1,9.1,ไร่ (rai),10.19
2154,2563,10,วาริชภูมิ,การปลูกข้าว (Rice),1,183.8,ไร่ (rai),188.53
2155,2562,2,วาริชภูมิ,ฝังกลบขยะ (Landfill),1,148.2,unit,107.52
2156,2563,9,สว่างแดนดิน,ฝังกลบขยะ (Landfill),1,214.5,unit,194.26
2157,2563,9,เมืองสกลนคร,การปลูกข้าว (Rice),1,116.4,ไร่ (rai),147.23
2158,2564,3,วาริชภูมิ,ฝังกลบขยะ (Landfill),1,86.4,unit,63.43
2159,2563,12,ภูพาน,การขนส่งทางถนน (On-road),1,5.0,1000 L,13.67
2160,2563,5,โพนนาแก้ว,ฝังกลบขยะ (Landfill),1,59.3,unit,47.35
2161,2563,4,ส่องดาว,ดินที่จัดการ (Managed soil),1,312.7,unit,163.67
2162,2563,4,วานรนิวาส,การปลูกข้าว (Rice),1,114.5,ไร่ (rai),124.6
2163,2563,6,บ้านม่วง,ปศุสัตว์ (Livestock),1,172.9,unit,153.82
2164,2563,3,โคกศรีสุพรรณ,การขนส่งทางถนน (On-road),1,28.6,1000 L,78.06
2165,2562,8,อากาศอำนวย,ฝังกลบขยะ (Landfill),1,136.8,unit,106.45
2166,2564,3,อากาศอำนวย,การปลูกข้าว (Rice),1,63.4,ไร่ (rai),87.39
2167,2563,3,วานรนิวาส,การขนส่งทางถนน (On-road),1,36.6,1000 L,92.28
2168,2564,1,เมืองสกลนคร,พลังงานธุรกิจ (Commercial),2,197.2,unit,131.39
2169,2564,6,นิคมน้ำอูน,การขนส่งทางถนน (On-road),1,33.7,1000 L,82.5
2170,2564,1,ค้อวัง,ฝังกลบขยะ (Landfill),1,86.3,unit,66.55
2171,2564,4,วานรนิวาส,ปศุสัตว์ (Livestock),1,131.9,unit,114.16
2172,2563,6,พังโคน,การปลูกข้าว (Rice),1,84.2,ไร่ (rai),98.59
2173,2562,2,นิคมน้ำอูน,การปลูกข้าว (Rice),1,117.6,ไร่ (rai),132.58
2174,2563,1,เต่างอย,การปลูกข้าว (Rice),1,90.3,ไร่ (rai),115.08
2175,2564,7,วาริชภูมิ,ฝังกลบขยะ (Landfill),1,158.1,unit,136.52
2176,2562,4,คำตากล้า,น้ำเสีย (Wastewater),1,158.3,unit,76.78
2177,2562,11,วานรนิวาส,การปลูกข้าว (Rice),1,80.7,ไร่ (rai),84.37
2178,2564,12,พังโคน,การปลูกข้าว (Rice),1,81.3,ไร่ (rai),88.63
2179,2563,11,เมืองสกลนคร,การปลูกข้าว (Rice),1,92.4,ไร่ (rai),98.38
2180,2563,10,สว่างแดนดิน,การปลูกข้าว (Rice),1,102.0,ไร่ (rai),139.22
2181,2562,5,อากาศอำนวย,การปลูกข้าว (Rice),1,94.4,ไร่ (rai),117.86
2182,2563,12,โคกศรีสุพรรณ,การปลูกข้าว (Rice),1,122.8,ไร่ (rai),167.94
2183,2562,1,นิคมน้ำอูน,การปลูกข้าว (Rice),1,109.8,ไร่ (rai),139.18
2184,2562,1,เมืองสกลนคร,ปศุสัตว์ (Livestock),1,81.3,unit,65.19
2185,2563,12,อากาศอำนวย,น้ำเสีย (Wastewater),1,176.6,unit,93.88
2186,2563,5,เจริญศิลป์,การปลูกข้าว (Rice),1,15.4,ไร่ (rai),19.84
2187,2562,3,วานรนิวาส,การปลูกข้าว (Rice),1,29.2,ไร่ (rai),40.02
2188,2562,2,พังโคน,การขนส่งทางถนน (On-road),1,44.2,1000 L,117.89
2189,2564,12,โคกศรีสุพรรณ,การปลูกข้าว (Rice),1,100.5,ไร่ (rai),130.86
2190,2562,11,เต่างอย,การขนส่งทางถนน (On-road),1,48.0,1000 L,126.11
2191,2563,8,เต่างอย,การปลูกข้าว (Rice),1,51.6,ไร่ (rai),64.65
2192,2564,7,โพนนาแก้ว,การปลูกข้าว (Rice),1,72.0,ไร่ (rai),78.88
2193,2562,6,อากาศอำนวย,พลังงานที่พักอาศัย (Residential),2,212.0,1000 kWh,117.29
2194,2562,11,พังโคน,การปลูกข้าว (Rice),1,32.9,ไร่ (rai),41.77
2195,2563,9,ค้อวัง,การขนส่งทางถนน (On-road),1,31.7,1000 L,81.01
2196,2563,8,กุสุมาลย์,การปลูกข้าว (Rice),1,146.9,ไร่ (rai),183.98
2197,2564,8,เต่างอย,การปลูกข้าว (Rice),1,88.7,ไร่ (rai),105.53
2198,2563,11,นิคมน้ำอูน,การปลูกข้าว (Rice),1,66.7,ไร่ (rai),91.25
2199,2563,1,โพนนาแก้ว,ปศุสัตว์ (Livestock),1,60.2,unit,45.12
2200,2562,10,พรรณานิคม,การปลูกข้าว (Rice),1,66.3,ไร่ (rai),83.63
2201,2563,2,กุสุมาลย์,การปลูกข้าว (Rice),1,5.0,ไร่ (rai),6.32
2202,2564,1,เมืองสกลนคร,การปลูกข้าว (Rice),1,107.6,ไร่ (rai),110.54
2203,2564,5,คำตากล้า,ปศุสัตว์ (Livestock),1,167.9,unit,138.89
2204,2564,1,บ้านม่วง,น้ำเสีย (Wastewater),1,247.5,unit,138.18
2205,2564,5,วานรนิวาส,การปลูกข้าว (Rice),1,24.1,ไร่ (rai),30.52
2206,2563,12,วานรนิวาส,การปลูกข้าว (Rice),1,60.3,ไร่ (rai),72.37
2207,2563,8,วาริชภูมิ,ปศุสัตว์ (Livestock),1,5.0,unit,3.45
2208,2563,9,คำตากล้า,การปลูกข้าว (Rice),1,89.3,ไร่ (rai),107.13
2209,2562,1,กุสุมาลย์,การปลูกข้าว (Rice),1,46.8,ไร่ (rai),51.1
2210,2562,9,วานรนิวาส,การปลูกข้าว (Rice),1,91.4,ไร่ (rai),123.86
2211,2564,9,พังโคน,การปลูกข้าว (Rice),1,41.2,ไร่ (rai),56.51
2212,2563,9,คำตากล้า,ดินที่จัดการ (Managed soil),1,396.9,unit,188.06
2213,2564,10,เจริญศิลป์,การปลูกข้าว (Rice),1,122.4,ไร่ (rai),138.97
2214,2562,6,พังโคน,การขนส่งทางถนน (On-road),1,13.1,1000 L,36.56
2215,2562,11,วาริชภูมิ,พลังงานที่พักอาศัย (Residential),2,256.0,1000 kWh,115.09
2216,2564,10,ส่องดาว,การขนส่งทางถนน (On-road),1,27.3,1000 L,67.99
2217,2563,12,พรรณานิคม,การปลูกข้าว (Rice),1,163.9,ไร่ (rai),207.9
2218,2564,3,บ้านม่วง,ปศุสัตว์ (Livestock),1,5.0,unit,3.93
2219,2564,12,สว่างแดนดิน,การปลูกข้าว (Rice),1,119.1,ไร่ (rai),131.08
2220,2563,12,คำตากล้า,การปลูกข้าว (Rice),1,97.7,ไร่ (rai),122.53
2221,2563,2,วานรนิวาส,การปลูกข้าว (Rice),1,56.0,ไร่ (rai),60.39
2222,2564,5,สว่างแดนดิน,พลังงานที่พักอาศัย (Residential),2,286.1,1000 kWh,148.59
2223,2562,3,สว่างแดนดิน,พลังงานธุรกิจ (Commercial),2,163.9,unit,87.74
2224,2563,2,ค้อวัง,การปลูกข้าว (Rice),1,75.3,ไร่ (rai),102.05
2225,2564,9,คำตากล้า,การขนส่งทางถนน (On-road),1,50.3,1000 L,148.5
2226,2563,9,บ้านม่วง,การปลูกข้าว (Rice),1,70.7,ไร่ (rai),78.87
2227,2564,4,เจริญศิลป์,น้ำเสีย (Wastewater),1,246.2,unit,137.68
2228,2564,11,ส่องดาว,การปลูกข้าว (Rice),1,68.6,ไร่ (rai),89.87
2229,2563,2,พังโคน,การปลูกข้าว (Rice),1,47.1,ไร่ (rai),55.67
2230,2563,8,โคกศรีสุพรรณ,การปลูกข้าว (Rice),1,112.6,ไร่ (rai),136.35
2231,2562,8,พรรณานิคม,การปลูกข้าว (Rice),1,44.6,ไร่ (rai),50.65
2232,2562,8,โพนนาแก้ว,การขนส่งทางถนน (On-road),1,35.7,1000 L,103.23
2233,2563,11,บ้านม่วง,การปลูกข้าว (Rice),1,131.4,ไร่ (rai),168.37
2234,2562,7,เมืองสกลนคร,การปลูกข้าว (Rice),1,111.3,ไร่ (rai),138.72
2235,2564,9,โพนนาแก้ว,การปลูกข้าว (Rice),1,74.8,ไร่ (rai),84.38
2236,2563,5,ค้อวัง,ฝังกลบขยะ (Landfill),1,5.0,unit,4.59
2237,2564,7,นิคมน้ำอูน,การปลูกข้าว (Rice),1,74.0,ไร่ (rai),84.33
2238,2563,1,คำตากล้า,ดินที่จัดการ (Managed soil),1,135.0,unit,77.32
2239,2563,3,โพนนาแก้ว,การปลูกข้าว (Rice),1,119.7,ไร่ (rai),146.41
2240,2563,12,เจริญศิลป์,การปลูกข้าว (Rice),1,108.4,ไร่ (rai),120.89
2241,2564,2,เต่างอย,การปลูกข้าว (Rice),1,121.6,ไร่ (rai),157.3
2242,2562,1,พรรณานิคม,พลังงานที่พักอาศัย (Residential),2,278.7,1000 kWh,134.77
2243,2563,4,ค้อวัง,การขนส่งทางถนน (On-road),1,39.5,1000 L,98.34
2244,2562,8,สว่างแดนดิน,การปลูกข้าว (Rice),1,57.1,ไร่ (rai),60.56
2245,2562,3,นิคมน้ำอูน,การปลูกข้าว (Rice),1,62.6,ไร่ (rai),67.88
2246,2564,12,อากาศอำนวย,ปศุสัตว์ (Livestock),1,48.8,unit,36.83
2247,2563,7,วานรนิวาส,พลังงานที่พักอาศัย (Residential),2,213.5,1000 kWh,108.07
2248,2562,3,อากาศอำนวย,การปลูกข้าว (Rice),1,104.0,ไร่ (rai),106.74
2249,2562,11,พังโคน,การขนส่งทางถนน (On-road),1,34.5,1000 L,107.02
2250,2562,10,วาริชภูมิ,การปลูกข้าว (Rice),1,108.5,ไร่ (rai),122.31
2251,2563,6,วานรนิวาส,ปศุสัตว์ (Livestock),1,148.8,unit,132.16
2252,2564,2,เมืองสกลนคร,การปลูกข้าว (Rice),1,18.0,ไร่ (rai),23.94
2253,2562,8,พรรณานิคม,การปลูกข้าว (Rice),1,112.5,ไร่ (rai),150.49
2254,2563,3,คำตากล้า,การปลูกข้าว (Rice),1,86.0,ไร่ (rai),113.45
2255,2563,4,พรรณานิคม,การปลูกข้าว (Rice),1,113.8,ไร่ (rai),143.82
2256,2564,9,วาริชภูมิ,การขนส่งทางถนน (On-road),1,17.8,1000 L,42.58
2257,2563,1,ค้อวัง,การขนส่งทางถนน (On-road),1,46.3,1000 L,125.78
2258,2564,11,บ้านม่วง,การปลูกข้าว (Rice),1,125.2,ไร่ (rai),159.32
2259,2563,8,ค้อวัง,การปลูกข้าว (Rice),1,43.8,ไร่ (rai),50.74
2260,2563,5,กุสุมาลย์,การปลูกข้าว (Rice),1,73.3,ไร่ (rai),91.32
2261,2563,9,เจริญศิลป์,ปศุสัตว์ (Livestock),1,109.8,unit,78.31
2262,2562,9,วานรนิวาส,การปลูกข้าว (Rice),1,97.0,ไร่ (rai),119.5
2263,2564,10,กุสุมาลย์,ปศุสัตว์ (Livestock),1,124.1,unit,93.5
2264,2562,5,คำตากล้า,การปลูกข้าว (Rice),1,60.9,ไร่ (rai),73.47
2265,2562,4,เมืองสกลนคร,ปศุสัตว์ (Livestock),1,140.0,unit,104.55
2266,2564,12,สว่างแดนดิน,การปลูกข้าว (Rice),1,73.5,ไร่ (rai),94.39
2267,2563,6,ค้อวัง,การขนส่งทางถนน (On-road),1,43.3,1000 L,105.78
2268,2564,11,วานรนิวาส,การปลูกข้าว (Rice),1,66.3,ไร่ (rai),88.87
2269,2563,11,กุสุมาลย์,น้ำเสีย (Wastewater),1,202.8,unit,109.38
2270,2564,6,อากาศอำนวย,การปลูกข้าว (Rice),1,96.0,ไร่ (rai),131.43
2271,2562,4,สว่างแดนดิน,การปลูกข้าว (Rice),1,142.7,ไร่ (rai),153.92
2272,2563,7,ค้อวัง,ปศุสัตว์ (Livestock),1,130.9,unit,98.77
2273,2562,3,นิคมน้ำอูน,การปลูกข้าว (Rice),1,129.3,ไร่ (rai),177.37
2274,2562,4,พรรณานิคม,การขนส่งทางถนน (On-road),1,43.1,1000 L,123.4
2275,2562,9,เมืองสกลนคร,ปศุสัตว์ (Livestock),1,138.8,unit,113.43
2276,2564,5,ค้อวัง,การปลูกข้าว (Rice),1,79.9,ไร่ (rai),92.86
2277,2562,2,สว่างแดนดิน,พลังงานที่พักอาศัย (Residential),2,151.8,1000 kWh,71.12
2278,2563,4,โพนนาแก้ว,การปลูกข้าว (Rice),1,105.6,ไร่ (rai),135.59
2279,2564,10,กุสุมาลย์,การปลูกข้าว (Rice),1,26.6,ไร่ (rai),30.95
2280,2563,3,วานรนิวาส,ปศุสัตว์ (Livestock),1,179.1,unit,129.69
2281,2564,10,ภูพาน,ดินที่จัดการ (Managed soil),1,197.0,unit,86.67
2282,2562,10,กุสุมาลย์,การขนส่งทางถนน (On-road),1,59.7,1000 L,184.5
2283,2564,3,ส่องดาว,การปลูกข้าว (Rice),1,5.0,ไร่ (rai),5.77
2284,2563,10,โพนนาแก้ว,การปลูกข้าว (Rice),1,51.7,ไร่ (rai),57.64
2285,2562,3,พังโคน,การปลูกข้าว (Rice),1,54.6,ไร่ (rai),72.6
2286,2562,4,เจริญศิลป์,ดินที่จัดการ (Managed soil),1,164.8,unit,78.85
2287,2562,9,นิคมน้ำอูน,พลังงานธุรกิจ (Commercial),2,187.8,unit,104.8
2288,2563,2,โพนนาแก้ว,การปลูกข้าว (Rice),1,104.1,ไร่ (rai),130.29
2289,2562,6,วานรนิวาส,การปลูกข้าว (Rice),1,69.6,ไร่ (rai),81.67
2290,2563,10,คำตากล้า,ปศุสัตว์ (Livestock),1,93.5,unit,75.35
2291,2564,12,วานรนิวาส,การปลูกข้าว (Rice),1,85.3,ไร่ (rai),90.2
2292,2564,7,เต่างอย,การปลูกข้าว (Rice),1,119.3,ไร่ (rai),140.76
2293,2562,11,กุสุมาลย์,การปลูกข้าว (Rice),1,113.7,ไร่ (rai),138.6
2294,2562,3,กุสุมาลย์,การปลูกข้าว (Rice),1,73.3,ไร่ (rai),92.23
2295,2563,3,ภูพาน,การขนส่งทางถนน (On-road),1,28.0,1000 L,85.93
2296,2563,5,พรรณานิคม,ปศุสัตว์ (Livestock),1,138.8,unit,117.84
2297,2562,8,เจริญศิลป์,ปศุสัตว์ (Livestock),1,91.3,unit,70.46
2298,2563,12,อากาศอำนวย,การปลูกข้าว (Rice),1,59.1,ไร่ (rai),63.25
2299,2564,1,เจริญศิลป์,ปศุสัตว์ (Livestock),1,102.9,unit,80.62
2300,2562,12,นิคมน้ำอูน,การปลูกข้าว (Rice),1,94.9,ไร่ (rai),130.75
2301,2563,4,อากาศอำนวย,พลังงานที่พักอาศัย (Residential),2,311.3,1000 kWh,132.77
2302,2562,2,ค้อวัง,ปศุสัตว์ (Livestock),1,68.5,unit,54.19
2303,2564,11,ภูพาน,การขนส่งทางถนน (On-road),1,28.6,1000 L,80.35
2304,2563,7,อากาศอำนวย,การขนส่งทางถนน (On-road),1,18.8,1000 L,49.78
2305,2562,4,ค้อวัง,การปลูกข้าว (Rice),1,104.6,ไร่ (rai),113.01
2306,2563,1,สว่างแดนดิน,การปลูกข้าว (Rice),1,60.7,ไร่ (rai),83.65
2307,2564,2,โคกศรีสุพรรณ,ปศุสัตว์ (Livestock),1,48.7,unit,33.92
2308,2562,7,เจริญศิลป์,การปลูกข้าว (Rice),1,54.3,ไร่ (rai),64.66
2309,2564,9,กุสุมาลย์,การปลูกข้าว (Rice),1,12.2,ไร่ (rai),12.63
2310,2562,9,อากาศอำนวย,ฝังกลบขยะ (Landfill),1,111.5,unit,95.46
2311,2563,9,โคกศรีสุพรรณ,การปลูกข้าว (Rice),1,102.9,ไร่ (rai),112.49
2312,2563,4,กุสุมาลย์,การปลูกข้าว (Rice),1,48.1,ไร่ (rai),62.01
2313,2562,5,พังโคน,ฝังกลบขยะ (Landfill),1,141.2,unit,104.75
2314,2564,5,พังโคน,การปลูกข้าว (Rice),1,79.0,ไร่ (rai),96.37
2315,2564,8,อากาศอำนวย,การขนส่งทางถนน (On-road),1,40.2,1000 L,116.06
2316,2564,3,วานรนิวาส,การปลูกข้าว (Rice),1,90.3,ไร่ (rai),118.45
2317,2564,9,ค้อวัง,การขนส่งทางถนน (On-road),1,40.5,1000 L,106.68
2318,2564,5,สว่างแดนดิน,การปลูกข้าว (Rice),1,102.9,ไร่ (rai),107.48
2319,2562,6,อากาศอำนวย,การขนส่งทางถนน (On-road),1,33.4,1000 L,86.79
2320,2562,5,วาริชภูมิ,การปลูกข้าว (Rice),1,59.0,ไร่ (rai),77.1
2321,2563,7,พรรณานิคม,ปศุสัตว์ (Livestock),1,154.6,unit,105.24
2322,2564,7,วานรนิวาส,การปลูกข้าว (Rice),1,62.5,ไร่ (rai),80.8
2323,2564,2,บ้านม่วง,การปลูกข้าว (Rice),1,98.6,ไร่ (rai),105.0
2324,2564,6,เจริญศิลป์,การปลูกข้าว (Rice),1,89.2,ไร่ (rai),98.48
2325,2563,8,ภูพาน,การปลูกข้าว (Rice),1,92.7,ไร่ (rai),114.38
2326,2562,11,วาริชภูมิ,การขนส่งทางถนน (On-road),1,76.9,1000 L,225.6
2327,2563,10,ส่องดาว,การปลูกข้าว (Rice),1,64.4,ไร่ (rai),79.87
2328,2562,4,ส่องดาว,การขนส่งทางถนน (On-road),1,17.1,1000 L,47.61
2329,2564,12,อากาศอำนวย,การปลูกข้าว (Rice),1,58.8,ไร่ (rai),73.66
2330,2564,2,พรรณานิคม,การปลูกข้าว (Rice),1,110.2,ไร่ (rai),141.28
2331,2563,6,ค้อวัง,พลังงานที่พักอาศัย (Residential),2,104.9,1000 kWh,57.01
2332,2563,11,วาริชภูมิ,น้ำเสีย (Wastewater),1,82.3,unit,36.38
2333,2562,3,ค้อวัง,ปศุสัตว์ (Livestock),1,161.0,unit,147.55
2334,2562,12,โพนนาแก้ว,ปศุสัตว์ (Livestock),1,122.2,unit,96.68
2335,2563,3,เจริญศิลป์,การปลูกข้าว (Rice),1,130.5,ไร่ (rai),149.93
2336,2564,8,เจริญศิลป์,ฝังกลบขยะ (Landfill),1,89.7,unit,74.15
2337,2563,7,ส่องดาว,การปลูกข้าว (Rice),1,145.4,ไร่ (rai),163.45
2338,2564,4,โคกศรีสุพรรณ,การปลูกข้าว (Rice),1,139.9,ไร่ (rai),171.42
2339,2564,8,อากาศอำนวย,การขนส่งทางถนน (On-road),1,19.0,1000 L,56.92
2340,2564,4,สว่างแดนดิน,การปลูกข้าว (Rice),1,56.7,ไร่ (rai),66.38
2341,2563,6,อากาศอำนวย,การปลูกข้าว (Rice),1,122.9,ไร่ (rai),168.2
2342,2563,11,โคกศรีสุพรรณ,การปลูกข้าว (Rice),1,90.1,ไร่ (rai),106.92
2343,2563,12,ส่องดาว,การปลูกข้าว (Rice),1,99.5,ไร่ (rai),118.46
2344,2563,6,บ้านม่วง,การปลูกข้าว (Rice),1,59.6,ไร่ (rai),78.7
2345,2562,4,โพนนาแก้ว,การปลูกข้าว (Rice),1,72.3,ไร่ (rai),99.2
2346,2563,8,อากาศอำนวย,พลังงานธุรกิจ (Commercial),2,171.9,unit,95.7
2347,2562,7,โคกศรีสุพรรณ,การปลูกข้าว (Rice),1,85.8,ไร่ (rai),114.61
2348,2562,1,สว่างแดนดิน,ปศุสัตว์ (Livestock),1,193.9,unit,142.93
2349,2563,10,วานรนิวาส,การปลูกข้าว (Rice),1,147.0,ไร่ (rai),181.36
2350,2563,12,เจริญศิลป์,การปลูกข้าว (Rice),1,60.9,ไร่ (rai),74.8
2351,2563,10,นิคมน้ำอูน,การปลูกข้าว (Rice),1,132.7,ไร่ (rai),173.55
2352,2563,6,สว่างแดนดิน,การปลูกข้าว (Rice),1,112.5,ไร่ (rai),125.63
2353,2564,7,พรรณานิคม,ปศุสัตว์ (Livestock),1,94.5,unit,86.39
2354,2563,9,ส่องดาว,การปลูกข้าว (Rice),1,111.4,ไร่ (rai),152.46
2355,2563,8,เมืองสกลนคร,การขนส่งทางถนน (On-road),1,61.7,1000 L,189.15
2356,2564,12,วาริชภูมิ,การปลูกข้าว (Rice),1,96.9,ไร่ (rai),112.13
2357,2562,6,วานรนิวาส,การปลูกข้าว (Rice),1,91.1,ไร่ (rai),109.82
2358,2564,9,สว่างแดนดิน,การปลูกข้าว (Rice),1,142.2,ไร่ (rai),169.46
2359,2564,12,ค้อวัง,พลังงานธุรกิจ (Commercial),2,175.1,unit,118.12
2360,2564,11,บ้านม่วง,การปลูกข้าว (Rice),1,86.7,ไร่ (rai),93.4
2361,2563,2,กุสุมาลย์,พลังงานธุรกิจ (Commercial),2,258.1,unit,141.81
2362,2562,7,สว่างแดนดิน,การปลูกข้าว (Rice),1,33.5,ไร่ (rai),42.43
2363,2563,12,เมืองสกลนคร,การปลูกข้าว (Rice),1,90.5,ไร่ (rai),92.7
2364,2562,9,ภูพาน,การปลูกข้าว (Rice),1,130.6,ไร่ (rai),160.24
2365,2563,7,เมืองสกลนคร,ดินที่จัดการ (Managed soil),1,195.3,unit,103.69
2366,2562,2,พังโคน,การปลูกข้าว (Rice),1,57.6,ไร่ (rai),69.85
2367,2563,5,วาริชภูมิ,การปลูกข้าว (Rice),1,112.7,ไร่ (rai),140.24
2368,2563,4,พังโคน,การขนส่งทางถนน (On-road),1,59.9,1000 L,138.65
2369,2562,11,เต่างอย,ฝังกลบขยะ (Landfill),1,130.4,unit,97.59
2370,2564,9,เมืองสกลนคร,การขนส่งทางถนน (On-road),1,24.3,1000 L,70.96
2371,2563,6,นิคมน้ำอูน,การปลูกข้าว (Rice),1,40.0,ไร่ (rai),44.37
2372,2564,4,พังโคน,ปศุสัตว์ (Livestock),1,136.7,unit,106.59
2373,2564,8,อากาศอำนวย,การขนส่งทางถนน (On-road),1,50.0,1000 L,119.67
2374,2563,8,สว่างแดนดิน,การปลูกข้าว (Rice),1,24.2,ไร่ (rai),33.29
2375,2564,7,พังโคน,การปลูกข้าว (Rice),1,70.7,ไร่ (rai),89.25
2376,2563,5,คำตากล้า,การปลูกข้าว (Rice),1,85.9,ไร่ (rai),89.46
2377,2564,4,นิคมน้ำอูน,การขนส่งทางถนน (On-road),1,34.7,1000 L,80.23
2378,2563,8,สว่างแดนดิน,การขนส่งทางถนน (On-road),1,9.3,1000 L,26.83
2379,2562,10,วาริชภูมิ,การปลูกข้าว (Rice),1,78.5,ไร่ (rai),106.15
2380,2563,8,บ้านม่วง,การปลูกข้าว (Rice),1,92.6,ไร่ (rai),99.21
2381,2564,10,อากาศอำนวย,การปลูกข้าว (Rice),1,79.5,ไร่ (rai),87.67
2382,2563,6,วานรนิวาส,การขนส่งทางถนน (On-road),1,40.1,1000 L,95.56
2383,2563,8,อากาศอำนวย,น้ำเสีย (Wastewater),1,186.3,unit,98.51
2384,2562,8,ค้อวัง,การปลูกข้าว (Rice),1,54.5,ไร่ (rai),59.14
2385,2563,10,วาริชภูมิ,การปลูกข้าว (Rice),1,108.6,ไร่ (rai),115.41
2386,2564,1,โพนนาแก้ว,การปลูกข้าว (Rice),1,43.7,ไร่ (rai),49.15
2387,2562,10,พรรณานิคม,การปลูกข้าว (Rice),1,74.3,ไร่ (rai),93.63
2388,2564,8,เจริญศิลป์,การขนส่งทางถนน (On-road),1,63.9,1000 L,149.29
2389,2564,5,ภูพาน,ฝังกลบขยะ (Landfill),1,183.4,unit,134.06
2390,2564,10,อากาศอำนวย,การปลูกข้าว (Rice),1,29.6,ไร่ (rai),37.38
2391,2564,4,พังโคน,ดินที่จัดการ (Managed soil),1,152.5,unit,83.89
2392,2563,2,นิคมน้ำอูน,การปลูกข้าว (Rice),1,83.5,ไร่ (rai),106.56
2393,2564,9,พรรณานิคม,ปศุสัตว์ (Livestock),1,172.4,unit,130.48
2394,2562,7,วาริชภูมิ,การปลูกข้าว (Rice),1,156.4,ไร่ (rai),186.36
2395,2564,4,ส่องดาว,การปลูกข้าว (Rice),1,59.9,ไร่ (rai),71.08
2396,2562,6,เจริญศิลป์,การขนส่งทางถนน (On-road),1,36.2,1000 L,103.58
2397,2563,2,เต่างอย,การปลูกข้าว (Rice),1,102.2,ไร่ (rai),118.87
2398,2562,10,เมืองสกลนคร,การปลูกข้าว (Rice),1,45.4,ไร่ (rai),58.75
2399,2564,3,สว่างแดนดิน,การขนส่งทางถนน (On-road),1,19.5,1000 L,54.52
2400,2563,7,ค้อวัง,ฝังกลบขยะ (Landfill),1,117.5,unit,97.45
2401,2564,6,อากาศอำนวย,การปลูกข้าว (Rice),1,71.1,ไร่ (rai),96.78
2402,2562,12,เต่างอย,การปลูกข้าว (Rice),1,78.9,ไร่ (rai),83.73
2403,2562,6,โคกศรีสุพรรณ,ปศุสัตว์ (Livestock),1,72.5,unit,62.97
2404,2563,5,ภูพาน,การปลูกข้าว (Rice),1,73.4,ไร่ (rai),86.35
2405,2563,11,นิคมน้ำอูน,การขนส่งทางถนน (On-road),1,36.1,1000 L,105.99
2406,2562,8,บ้านม่วง,การปลูกข้าว (Rice),1,68.1,ไร่ (rai),71.98
2407,2563,9,นิคมน้ำอูน,การปลูกข้าว (Rice),1,114.4,ไร่ (rai),146.85
2408,2564,7,คำตากล้า,การปลูกข้าว (Rice),1,78.7,ไร่ (rai),106.03
2409,2562,10,โคกศรีสุพรรณ,การปลูกข้าว (Rice),1,136.6,ไร่ (rai),155.0
2410,2563,11,ภูพาน,ปศุสัตว์ (Livestock),1,102.6,unit,72.07
2411,2563,10,เจริญศิลป์,การปลูกข้าว (Rice),1,67.0,ไร่ (rai),72.47
2412,2563,1,ส่องดาว,การปลูกข้าว (Rice),1,80.2,ไร่ (rai),97.8
2413,2563,4,อากาศอำนวย,ฝังกลบขยะ (Landfill),1,125.6,unit,106.51
2414,2562,11,พังโคน,การปลูกข้าว (Rice),1,41.5,ไร่ (rai),54.13
2415,2563,5,นิคมน้ำอูน,พลังงานที่พักอาศัย (Residential),2,179.8,1000 kWh,93.85
2416,2563,7,บ้านม่วง,การขนส่งทางถนน (On-road),1,39.7,1000 L,117.24
2417,2563,11,โพนนาแก้ว,การปลูกข้าว (Rice),1,81.9,ไร่ (rai),109.4
2418,2562,12,เมืองสกลนคร,การปลูกข้าว (Rice),1,92.7,ไร่ (rai),108.37
2419,2563,4,โคกศรีสุพรรณ,การปลูกข้าว (Rice),1,85.4,ไร่ (rai),89.25
2420,2563,11,ภูพาน,ปศุสัตว์ (Livestock),1,167.5,unit,145.48
2421,2563,7,วานรนิวาส,การปลูกข้าว (Rice),1,124.2,ไร่ (rai),142.74
2422,2564,11,นิคมน้ำอูน,การปลูกข้าว (Rice),1,107.2,ไร่ (rai),126.36
2423,2564,3,ส่องดาว,การปลูกข้าว (Rice),1,68.4,ไร่ (rai),76.23
2424,2563,5,กุสุมาลย์,ปศุสัตว์ (Livestock),1,250.2,unit,185.42
2425,2564,3,กุสุมาลย์,ปศุสัตว์ (Livestock),1,120.2,unit,105.16
2426,2563,4,อากาศอำนวย,การปลูกข้าว (Rice),1,105.4,ไร่ (rai),127.37
2427,2563,8,เจริญศิลป์,การปลูกข้าว (Rice),1,62.0,ไร่ (rai),78.72
2428,2564,2,วานรนิวาส,การปลูกข้าว (Rice),1,133.4,ไร่ (rai),178.23
2429,2563,4,นิคมน้ำอูน,การปลูกข้าว (Rice),1,69.5,ไร่ (rai),71.63
2430,2562,1,ค้อวัง,การปลูกข้าว (Rice),1,133.4,ไร่ (rai),141.73
2431,2562,6,ค้อวัง,การขนส่งทางถนน (On-road),1,49.1,1000 L,138.77
2432,2562,10,วาริชภูมิ,การขนส่งทางถนน (On-road),1,44.2,1000 L,135.01
2433,2562,5,ค้อวัง,การปลูกข้าว (Rice),1,96.3,ไร่ (rai),105.07
2434,2563,4,เต่างอย,การขนส่งทางถนน (On-road),1,41.1,1000 L,103.17
2435,2562,9,วานรนิวาส,การปลูกข้าว (Rice),1,120.9,ไร่ (rai),138.11
2436,2564,2,วาริชภูมิ,การขนส่งทางถนน (On-road),1,34.9,1000 L,82.61
2437,2564,7,ภูพาน,ปศุสัตว์ (Livestock),1,105.0,unit,84.19
2438,2562,4,บ้านม่วง,การปลูกข้าว (Rice),1,72.3,ไร่ (rai),80.84
2439,2562,8,อากาศอำนวย,พลังงานที่พักอาศัย (Residential),2,217.4,1000 kWh,120.35
2440,2563,11,นิคมน้ำอูน,การปลูกข้าว (Rice),1,114.5,ไร่ (rai),156.39
2441,2562,8,เจริญศิลป์,การปลูกข้าว (Rice),1,79.0,ไร่ (rai),90.77
2442,2563,2,พังโคน,การปลูกข้าว (Rice),1,96.4,ไร่ (rai),111.15
2443,2564,8,คำตากล้า,การขนส่งทางถนน (On-road),1,43.6,1000 L,102.07
2444,2562,3,กุสุมาลย์,น้ำเสีย (Wastewater),1,79.4,unit,39.04
2445,2562,12,บ้านม่วง,การปลูกข้าว (Rice),1,86.1,ไร่ (rai),89.03
2446,2563,6,เมืองสกลนคร,พลังงานธุรกิจ (Commercial),2,67.5,unit,45.1
2447,2564,3,อากาศอำนวย,การปลูกข้าว (Rice),1,39.9,ไร่ (rai),53.92
2448,2564,5,เต่างอย,ปศุสัตว์ (Livestock),1,205.8,unit,146.64
2449,2564,2,กุสุมาลย์,การปลูกข้าว (Rice),1,81.3,ไร่ (rai),93.07
2450,2563,10,เต่างอย,การปลูกข้าว (Rice),1,59.6,ไร่ (rai),79.84
2451,2563,7,โคกศรีสุพรรณ,การปลูกข้าว (Rice),1,57.5,ไร่ (rai),61.88
2452,2564,11,พรรณานิคม,การปลูกข้าว (Rice),1,92.9,ไร่ (rai),126.55
2453,2564,7,ส่องดาว,พลังงานที่พักอาศัย (Residential),2,218.3,1000 kWh,98.18
2454,2563,5,เจริญศิลป์,ดินที่จัดการ (Managed soil),1,226.6,unit,96.54
2455,2562,3,นิคมน้ำอูน,ปศุสัตว์ (Livestock),1,83.7,unit,74.84
2456,2562,8,พรรณานิคม,น้ำเสีย (Wastewater),1,266.2,unit,115.58
2457,2563,6,เต่างอย,การขนส่งทางถนน (On-road),1,58.9,1000 L,160.76
2458,2564,6,ค้อวัง,น้ำเสีย (Wastewater),1,269.6,unit,142.84
2459,2564,8,วาริชภูมิ,การปลูกข้าว (Rice),1,65.1,ไร่ (rai),87.5
2460,2562,10,โพนนาแก้ว,การปลูกข้าว (Rice),1,38.4,ไร่ (rai),50.99
2461,2564,11,พรรณานิคม,การปลูกข้าว (Rice),1,107.7,ไร่ (rai),139.39
2462,2562,8,ค้อวัง,ดินที่จัดการ (Managed soil),1,157.5,unit,71.02
2463,2564,10,เต่างอย,การปลูกข้าว (Rice),1,75.5,ไร่ (rai),95.61
2464,2562,10,ค้อวัง,การปลูกข้าว (Rice),1,84.7,ไร่ (rai),95.81
2465,2564,9,พังโคน,การขนส่งทางถนน (On-road),1,18.7,1000 L,43.72
2466,2563,3,ค้อวัง,การขนส่งทางถนน (On-road),1,36.1,1000 L,100.57
2467,2562,11,คำตากล้า,การขนส่งทางถนน (On-road),1,24.9,1000 L,64.11
2468,2562,8,พรรณานิคม,พลังงานที่พักอาศัย (Residential),2,234.6,1000 kWh,100.0
2469,2564,2,คำตากล้า,ปศุสัตว์ (Livestock),1,32.7,unit,26.19
2470,2564,11,บ้านม่วง,การปลูกข้าว (Rice),1,67.4,ไร่ (rai),90.05
2471,2563,4,โพนนาแก้ว,การขนส่งทางถนน (On-road),1,25.9,1000 L,72.83
2472,2562,5,พังโคน,การขนส่งทางถนน (On-road),1,31.1,1000 L,75.38
2473,2564,12,ค้อวัง,ปศุสัตว์ (Livestock),1,256.0,unit,232.85
2474,2564,5,ส่องดาว,การขนส่งทางถนน (On-road),1,48.5,1000 L,135.57
2475,2562,6,สว่างแดนดิน,การขนส่งทางถนน (On-road),1,29.0,1000 L,73.25
2476,2563,12,เต่างอย,การขนส่งทางถนน (On-road),1,32.5,1000 L,99.37
2477,2563,7,กุสุมาลย์,การปลูกข้าว (Rice),1,22.1,ไร่ (rai),27.38
2478,2564,4,อากาศอำนวย,การปลูกข้าว (Rice),1,51.3,ไร่ (rai),65.19
2479,2562,1,คำตากล้า,การปลูกข้าว (Rice),1,124.7,ไร่ (rai),158.97
2480,2564,5,นิคมน้ำอูน,การขนส่งทางถนน (On-road),1,18.5,1000 L,55.04
2481,2562,7,กุสุมาลย์,น้ำเสีย (Wastewater),1,204.5,unit,91.88
2482,2563,6,อากาศอำนวย,การปลูกข้าว (Rice),1,62.9,ไร่ (rai),69.75
2483,2562,4,เมืองสกลนคร,การปลูกข้าว (Rice),1,94.0,ไร่ (rai),96.31
2484,2563,3,เจริญศิลป์,การขนส่งทางถนน (On-road),1,30.0,1000 L,68.87
2485,2562,12,เมืองสกลนคร,การปลูกข้าว (Rice),1,120.4,ไร่ (rai),150.28
2486,2564,5,วาริชภูมิ,การปลูกข้าว (Rice),1,158.3,ไร่ (rai),169.63
2487,2563,1,โพนนาแก้ว,การปลูกข้าว (Rice),1,112.0,ไร่ (rai),125.03
2488,2562,9,อากาศอำนวย,การปลูกข้าว (Rice),1,75.8,ไร่ (rai),103.91
2489,2564,10,ค้อวัง,การปลูกข้าว (Rice),1,90.3,ไร่ (rai),95.53
2490,2563,11,เจริญศิลป์,การปลูกข้าว (Rice),1,18.2,ไร่ (rai),20.97
2491,2564,3,วาริชภูมิ,การปลูกข้าว (Rice),1,125.7,ไร่ (rai),162.16
2492,2564,4,พังโคน,การปลูกข้าว (Rice),1,86.8,ไร่ (rai),91.02
2493,2564,3,กุสุมาลย์,ฝังกลบขยะ (Landfill),1,156.8,unit,130.03
2494,2563,3,ภูพาน,การปลูกข้าว (Rice),1,92.9,ไร่ (rai),96.04
2495,2564,11,ส่องดาว,การปลูกข้าว (Rice),1,90.8,ไร่ (rai),121.21
2496,2563,12,เต่างอย,การปลูกข้าว (Rice),1,26.9,ไร่ (rai),30.14
2497,2562,4,เจริญศิลป์,การขนส่งทางถนน (On-road),1,10.7,1000 L,30.81
2498,2562,9,บ้านม่วง,การขนส่งทางถนน (On-road),1,18.5,1000 L,54.42
2499,2564,12,พรรณานิคม,ปศุสัตว์ (Livestock),1,9.4,unit,6.48
2500,2563,7,กุสุมาลย์,การปลูกข้าว (Rice),1,54.5,ไร่ (rai),71.43
2501,2563,6,พรรณานิคม,การปลูกข้าว (Rice),1,74.0,ไร่ (rai),89.69
2502,2563,12,วานรนิวาส,พลังงานที่พักอาศัย (Residential),2,301.1,1000 kWh,134.49
2503,2564,3,ส่องดาว,การปลูกข้าว (Rice),1,60.1,ไร่ (rai),77.33
2504,2563,10,เจริญศิลป์,ปศุสัตว์ (Livestock),1,185.4,unit,156.79
2505,2564,3,อากาศอำนวย,ฝังกลบขยะ (Landfill),1,57.7,unit,49.9
2506,2564,11,บ้านม่วง,การปลูกข้าว (Rice),1,106.5,ไร่ (rai),131.32
2507,2562,6,นิคมน้ำอูน,การปลูกข้าว (Rice),1,135.1,ไร่ (rai),157.88
2508,2562,3,พรรณานิคม,การปลูกข้าว (Rice),1,113.6,ไร่ (rai),128.54
2509,2563,1,พังโคน,ปศุสัตว์ (Livestock),1,151.5,unit,139.24
2510,2562,2,โพนนาแก้ว,ปศุสัตว์ (Livestock),1,104.3,unit,83.09
2511,2562,12,วานรนิวาส,การปลูกข้าว (Rice),1,70.7,ไร่ (rai),84.8
2512,2564,10,ค้อวัง,ปศุสัตว์ (Livestock),1,123.8,unit,111.91
2513,2564,10,ภูพาน,พลังงานธุรกิจ (Commercial),2,180.5,unit,101.26
2514,2564,11,บ้านม่วง,พลังงานที่พักอาศัย (Residential),2,213.4,1000 kWh,92.49
2515,2563,10,บ้านม่วง,พลังงานธุรกิจ (Commercial),2,101.7,unit,52.18
2516,2564,12,เมืองสกลนคร,พลังงานธุรกิจ (Commercial),2,211.3,unit,128.27
2517,2563,12,วานรนิวาส,ปศุสัตว์ (Livestock),1,110.5,unit,75.31
2518,2563,9,ภูพาน,ปศุสัตว์ (Livestock),1,147.3,unit,113.47
2519,2563,4,สว่างแดนดิน,ปศุสัตว์ (Livestock),1,108.7,unit,81.94
2520,2564,8,อากาศอำนวย,น้ำเสีย (Wastewater),1,36.1,unit,15.92
2521,2563,3,พังโคน,ปศุสัตว์ (Livestock),1,110.7,unit,94.17
2522,2564,4,พังโคน,การปลูกข้าว (Rice),1,64.7,ไร่ (rai),86.77
2523,2563,6,ส่องดาว,การขนส่งทางถนน (On-road),1,53.3,1000 L,157.0
2524,2562,12,นิคมน้ำอูน,การปลูกข้าว (Rice),1,43.6,ไร่ (rai),46.89
2525,2564,10,คำตากล้า,การปลูกข้าว (Rice),1,110.6,ไร่ (rai),147.98
2526,2564,3,กุสุมาลย์,การปลูกข้าว (Rice),1,34.6,ไร่ (rai),40.29
2527,2563,2,ภูพาน,การขนส่งทางถนน (On-road),1,18.2,1000 L,54.94
2528,2562,9,บ้านม่วง,ดินที่จัดการ (Managed soil),1,310.0,unit,170.33
2529,2563,2,วานรนิวาส,การปลูกข้าว (Rice),1,19.6,ไร่ (rai),21.16
2530,2564,5,พรรณานิคม,การขนส่งทางถนน (On-road),1,44.4,1000 L,136.18
2531,2562,5,บ้านม่วง,การปลูกข้าว (Rice),1,131.1,ไร่ (rai),159.28
2532,2562,1,คำตากล้า,การปลูกข้าว (Rice),1,79.8,ไร่ (rai),81.79
2533,2564,11,วาริชภูมิ,การปลูกข้าว (Rice),1,85.9,ไร่ (rai),92.34
2534,2563,5,ส่องดาว,การขนส่งทางถนน (On-road),1,55.6,1000 L,133.15
2535,2562,10,เต่างอย,พลังงานที่พักอาศัย (Residential),2,219.4,1000 kWh,101.86
2536,2564,5,พังโคน,การปลูกข้าว (Rice),1,56.8,ไร่ (rai),70.63
2537,2564,1,อากาศอำนวย,การปลูกข้าว (Rice),1,33.6,ไร่ (rai),42.02
2538,2562,6,พรรณานิคม,การปลูกข้าว (Rice),1,69.3,ไร่ (rai),81.33
2539,2564,3,เมืองสกลนคร,การปลูกข้าว (Rice),1,83.4,ไร่ (rai),85.36
2540,2563,1,เมืองสกลนคร,การปลูกข้าว (Rice),1,106.6,ไร่ (rai),131.84
2541,2564,1,พรรณานิคม,การขนส่งทางถนน (On-road),1,20.7,1000 L,47.6
2542,2564,3,เมืองสกลนคร,การปลูกข้าว (Rice),1,93.5,ไร่ (rai),127.11
2543,2564,3,พรรณานิคม,การปลูกข้าว (Rice),1,72.0,ไร่ (rai),90.35
2544,2564,2,บ้านม่วง,ดินที่จัดการ (Managed soil),1,181.8,unit,102.81
2545,2562,2,เจริญศิลป์,น้ำเสีย (Wastewater),1,311.6,unit,171.23
2546,2563,11,อากาศอำนวย,การปลูกข้าว (Rice),1,89.4,ไร่ (rai),122.57
2547,2562,6,โคกศรีสุพรรณ,การปลูกข้าว (Rice),1,60.2,ไร่ (rai),79.95
2548,2562,1,สว่างแดนดิน,การขนส่งทางถนน (On-road),1,37.0,1000 L,108.16
2549,2564,7,ภูพาน,การขนส่งทางถนน (On-road),1,59.1,1000 L,166.67
2550,2564,3,สว่างแดนดิน,การปลูกข้าว (Rice),1,101.4,ไร่ (rai),116.37
2551,2563,2,ค้อวัง,การขนส่งทางถนน (On-road),1,46.6,1000 L,110.21
2552,2562,11,โพนนาแก้ว,ปศุสัตว์ (Livestock),1,114.4,unit,100.8
2553,2564,8,นิคมน้ำอูน,การปลูกข้าว (Rice),1,83.2,ไร่ (rai),110.26
2554,2564,3,เมืองสกลนคร,การปลูกข้าว (Rice),1,125.8,ไร่ (rai),147.24
2555,2563,11,พรรณานิคม,พลังงานธุรกิจ (Commercial),2,137.2,unit,92.95
2556,2564,3,โพนนาแก้ว,ดินที่จัดการ (Managed soil),1,152.5,unit,69.13
2557,2564,11,ส่องดาว,การขนส่งทางถนน (On-road),1,40.7,1000 L,115.36
2558,2563,4,นิคมน้ำอูน,การปลูกข้าว (Rice),1,108.8,ไร่ (rai),146.59
2559,2563,6,เมืองสกลนคร,การปลูกข้าว (Rice),1,120.1,ไร่ (rai),148.89
2560,2564,8,สว่างแดนดิน,การปลูกข้าว (Rice),1,41.7,ไร่ (rai),50.99
2561,2563,8,นิคมน้ำอูน,การปลูกข้าว (Rice),1,130.3,ไร่ (rai),134.25
2562,2562,7,ภูพาน,ฝังกลบขยะ (Landfill),1,188.1,unit,152.59
2563,2563,5,วาริชภูมิ,พลังงานที่พักอาศัย (Residential),2,139.7,1000 kWh,75.18
2564,2564,8,วาริชภูมิ,การปลูกข้าว (Rice),1,53.9,ไร่ (rai),59.53
2565,2563,3,เมืองสกลนคร,พลังงานที่พักอาศัย (Residential),2,198.0,1000 kWh,97.37
2566,2563,8,คำตากล้า,การปลูกข้าว (Rice),1,123.7,ไร่ (rai),154.39
2567,2564,7,อากาศอำนวย,พลังงานธุรกิจ (Commercial),2,172.1,unit,113.01
2568,2562,6,วานรนิวาส,ฝังกลบขยะ (Landfill),1,76.4,unit,68.13
2569,2564,1,เต่างอย,การปลูกข้าว (Rice),1,113.0,ไร่ (rai),117.1
2570,2562,8,บ้านม่วง,การปลูกข้าว (Rice),1,115.0,ไร่ (rai),138.11
2571,2563,6,อากาศอำนวย,ดินที่จัดการ (Managed soil),1,182.4,unit,96.42
2572,2563,7,กุสุมาลย์,การขนส่งทางถนน (On-road),1,49.6,1000 L,138.81
2573,2562,4,สว่างแดนดิน,ปศุสัตว์ (Livestock),1,150.8,unit,122.94
2574,2562,10,นิคมน้ำอูน,การปลูกข้าว (Rice),1,88.2,ไร่ (rai),91.18
2575,2562,6,เมืองสกลนคร,การขนส่งทางถนน (On-road),1,41.2,1000 L,123.66
2576,2563,10,คำตากล้า,การปลูกข้าว (Rice),1,125.9,ไร่ (rai),169.21
2577,2564,7,เมืองสกลนคร,พลังงานที่พักอาศัย (Residential),2,182.6,1000 kWh,100.49
2578,2563,2,บ้านม่วง,การขนส่งทางถนน (On-road),1,57.5,1000 L,154.67
2579,2562,11,วาริชภูมิ,การปลูกข้าว (Rice),1,113.4,ไร่ (rai),130.31
2580,2564,4,บ้านม่วง,การปลูกข้าว (Rice),1,90.1,ไร่ (rai),119.09
2581,2564,2,สว่างแดนดิน,การขนส่งทางถนน (On-road),1,31.3,1000 L,76.55
2582,2562,4,กุสุมาลย์,การปลูกข้าว (Rice),1,59.8,ไร่ (rai),72.7
2583,2564,3,เมืองสกลนคร,ฝังกลบขยะ (Landfill),1,149.0,unit,115.05
2584,2563,12,นิคมน้ำอูน,ปศุสัตว์ (Livestock),1,181.2,unit,132.74
2585,2564,10,วานรนิวาส,การปลูกข้าว (Rice),1,124.5,ไร่ (rai),170.94
2586,2564,6,ส่องดาว,น้ำเสีย (Wastewater),1,217.0,unit,103.52
2587,2563,5,กุสุมาลย์,การขนส่งทางถนน (On-road),1,24.7,1000 L,73.03
2588,2562,8,พรรณานิคม,การขนส่งทางถนน (On-road),1,47.7,1000 L,137.32
2589,2562,11,โพนนาแก้ว,การขนส่งทางถนน (On-road),1,46.5,1000 L,124.7
2590,2564,5,เต่างอย,การขนส่งทางถนน (On-road),1,49.9,1000 L,133.94
2591,2562,4,คำตากล้า,การขนส่งทางถนน (On-road),1,40.6,1000 L,111.98
2592,2562,2,กุสุมาลย์,การปลูกข้าว (Rice),1,121.3,ไร่ (rai),134.15
2593,2564,9,กุสุมาลย์,การปลูกข้าว (Rice),1,18.5,ไร่ (rai),19.72
2594,2562,11,ส่องดาว,การปลูกข้าว (Rice),1,64.6,ไร่ (rai),66.75
2595,2562,3,กุสุมาลย์,การปลูกข้าว (Rice),1,114.5,ไร่ (rai),125.12
2596,2564,2,พังโคน,การขนส่งทางถนน (On-road),1,41.1,1000 L,127.55
2597,2563,9,โพนนาแก้ว,ดินที่จัดการ (Managed soil),1,272.2,unit,128.16
2598,2564,5,พรรณานิคม,การขนส่งทางถนน (On-road),1,43.8,1000 L,130.99
2599,2562,3,ส่องดาว,การปลูกข้าว (Rice),1,33.1,ไร่ (rai),37.29
2600,2562,6,วาริชภูมิ,ปศุสัตว์ (Livestock),1,7.2,unit,6.28
2601,2562,2,พังโคน,การขนส่งทางถนน (On-road),1,14.0,1000 L,37.29
2602,2562,10,พังโคน,การปลูกข้าว (Rice),1,5.0,ไร่ (rai),5.79
2603,2563,3,โพนนาแก้ว,การขนส่งทางถนน (On-road),1,50.2,1000 L,146.15
2604,2563,1,อากาศอำนวย,การปลูกข้าว (Rice),1,102.9,ไร่ (rai),110.33
2605,2564,1,กุสุมาลย์,ดินที่จัดการ (Managed soil),1,38.0,unit,21.56
2606,2564,9,พรรณานิคม,การขนส่งทางถนน (On-road),1,64.2,1000 L,191.33
2607,2562,1,บ้านม่วง,ปศุสัตว์ (Livestock),1,114.4,unit,84.11
2608,2563,8,เจริญศิลป์,การขนส่งทางถนน (On-road),1,55.8,1000 L,165.18
2609,2563,4,พรรณานิคม,การปลูกข้าว (Rice),1,132.7,ไร่ (rai),142.39
2610,2564,7,เจริญศิลป์,การปลูกข้าว (Rice),1,11.2,ไร่ (rai),14.4
2611,2563,9,อากาศอำนวย,การปลูกข้าว (Rice),1,70.3,ไร่ (rai),95.62
2612,2564,2,ค้อวัง,พลังงานที่พักอาศัย (Residential),2,138.6,1000 kWh,74.65
2613,2563,1,ค้อวัง,การปลูกข้าว (Rice),1,25.3,ไร่ (rai),28.91
2614,2564,7,พรรณานิคม,การขนส่งทางถนน (On-road),1,41.9,1000 L,102.43
2615,2564,4,พังโคน,การปลูกข้าว (Rice),1,96.8,ไร่ (rai),111.04
2616,2563,6,คำตากล้า,การปลูกข้าว (Rice),1,77.6,ไร่ (rai),81.14
2617,2564,5,อากาศอำนวย,การปลูกข้าว (Rice),1,101.7,ไร่ (rai),129.51
2618,2562,2,ส่องดาว,การปลูกข้าว (Rice),1,157.6,ไร่ (rai),196.54
2619,2562,5,วานรนิวาส,การปลูกข้าว (Rice),1,50.9,ไร่ (rai),59.97
2620,2564,5,เต่างอย,การปลูกข้าว (Rice),1,95.8,ไร่ (rai),104.81
2621,2562,4,พังโคน,ดินที่จัดการ (Managed soil),1,207.0,unit,117.37
2622,2562,4,พังโคน,ฝังกลบขยะ (Landfill),1,184.8,unit,145.37
2623,2563,9,เต่างอย,พลังงานธุรกิจ (Commercial),2,356.6,unit,189.93
2624,2562,5,สว่างแดนดิน,การปลูกข้าว (Rice),1,56.5,ไร่ (rai),61.37
2625,2563,9,เจริญศิลป์,การขนส่งทางถนน (On-road),1,34.4,1000 L,89.74
2626,2562,8,พรรณานิคม,ปศุสัตว์ (Livestock),1,134.6,unit,118.81
2627,2564,5,วาริชภูมิ,ปศุสัตว์ (Livestock),1,171.9,unit,119.1
2628,2563,5,เต่างอย,การปลูกข้าว (Rice),1,86.4,ไร่ (rai),112.47
2629,2562,8,พังโคน,การขนส่งทางถนน (On-road),1,38.3,1000 L,98.95
2630,2563,9,คำตากล้า,พลังงานธุรกิจ (Commercial),2,173.5,unit,116.99
2631,2564,2,ภูพาน,การปลูกข้าว (Rice),1,97.6,ไร่ (rai),134.59
2632,2564,8,กุสุมาลย์,การขนส่งทางถนน (On-road),1,41.1,1000 L,126.27
2633,2564,10,เต่างอย,การปลูกข้าว (Rice),1,108.4,ไร่ (rai),146.13
2634,2562,9,เต่างอย,การปลูกข้าว (Rice),1,110.9,ไร่ (rai),132.21
2635,2562,1,นิคมน้ำอูน,ปศุสัตว์ (Livestock),1,201.6,unit,161.13
2636,2563,11,บ้านม่วง,การปลูกข้าว (Rice),1,40.3,ไร่ (rai),45.65
2637,2564,9,ค้อวัง,พลังงานที่พักอาศัย (Residential),2,299.5,1000 kWh,138.4
2638,2564,12,วานรนิวาส,ปศุสัตว์ (Livestock),1,42.1,unit,29.66
2639,2563,5,อากาศอำนวย,การขนส่งทางถนน (On-road),1,39.0,1000 L,97.11
2640,2562,4,พรรณานิคม,การปลูกข้าว (Rice),1,127.9,ไร่ (rai),151.01
2641,2564,4,อากาศอำนวย,การปลูกข้าว (Rice),1,38.6,ไร่ (rai),45.93
2642,2562,1,เมืองสกลนคร,น้ำเสีย (Wastewater),1,150.8,unit,77.01
2643,2563,10,เมืองสกลนคร,การปลูกข้าว (Rice),1,67.1,ไร่ (rai),72.44
2644,2562,7,เจริญศิลป์,การปลูกข้าว (Rice),1,88.2,ไร่ (rai),117.39
2645,2562,4,คำตากล้า,การปลูกข้าว (Rice),1,88.0,ไร่ (rai),119.88
2646,2563,11,นิคมน้ำอูน,ปศุสัตว์ (Livestock),1,107.8,unit,95.2
2647,2563,6,พังโคน,การปลูกข้าว (Rice),1,107.1,ไร่ (rai),118.23
2648,2563,2,โพนนาแก้ว,การปลูกข้าว (Rice),1,117.3,ไร่ (rai),126.01
2649,2563,10,อากาศอำนวย,การปลูกข้าว (Rice),1,52.7,ไร่ (rai),59.55
2650,2563,4,สว่างแดนดิน,การขนส่งทางถนน (On-road),1,52.5,1000 L,146.02
2651,2564,6,นิคมน้ำอูน,การปลูกข้าว (Rice),1,114.3,ไร่ (rai),147.77
2652,2564,7,วาริชภูมิ,การปลูกข้าว (Rice),1,82.2,ไร่ (rai),92.07
2653,2564,11,พังโคน,การปลูกข้าว (Rice),1,133.2,ไร่ (rai),176.64
2654,2563,8,ค้อวัง,การปลูกข้าว (Rice),1,106.1,ไร่ (rai),118.64
2655,2564,4,เจริญศิลป์,การปลูกข้าว (Rice),1,115.5,ไร่ (rai),148.28
2656,2563,1,โคกศรีสุพรรณ,การขนส่งทางถนน (On-road),1,48.8,1000 L,114.38
2657,2564,5,สว่างแดนดิน,การปลูกข้าว (Rice),1,68.8,ไร่ (rai),78.81
2658,2562,9,พังโคน,พลังงานธุรกิจ (Commercial),2,171.6,unit,101.05
2659,2563,2,นิคมน้ำอูน,การขนส่งทางถนน (On-road),1,36.2,1000 L,112.16
2660,2564,11,คำตากล้า,การขนส่งทางถนน (On-road),1,36.7,1000 L,96.11
2661,2562,8,ส่องดาว,การปลูกข้าว (Rice),1,122.6,ไร่ (rai),148.14
2662,2562,2,พังโคน,พลังงานที่พักอาศัย (Residential),2,264.9,1000 kWh,143.86
2663,2564,11,พรรณานิคม,ดินที่จัดการ (Managed soil),1,189.9,unit,106.62
2664,2564,11,พังโคน,การปลูกข้าว (Rice),1,103.5,ไร่ (rai),121.12
2665,2564,1,พรรณานิคม,การขนส่งทางถนน (On-road),1,49.8,1000 L,130.66
2666,2563,3,พังโคน,ปศุสัตว์ (Livestock),1,186.0,unit,164.74
2667,2564,1,โคกศรีสุพรรณ,การปลูกข้าว (Rice),1,117.3,ไร่ (rai),146.93
2668,2563,3,ส่องดาว,พลังงานที่พักอาศัย (Residential),2,189.2,1000 kWh,84.38
2669,2563,1,กุสุมาลย์,พลังงานธุรกิจ (Commercial),2,237.2,unit,129.62
2670,2564,2,วาริชภูมิ,การปลูกข้าว (Rice),1,46.5,ไร่ (rai),55.51
2671,2562,10,พรรณานิคม,น้ำเสีย (Wastewater),1,208.0,unit,115.7
2672,2563,4,นิคมน้ำอูน,การปลูกข้าว (Rice),1,107.3,ไร่ (rai),143.22
2673,2563,4,เต่างอย,การปลูกข้าว (Rice),1,135.6,ไร่ (rai),143.41
2674,2564,1,เจริญศิลป์,การปลูกข้าว (Rice),1,128.5,ไร่ (rai),156.34
2675,2562,1,นิคมน้ำอูน,การปลูกข้าว (Rice),1,59.1,ไร่ (rai),72.48
2676,2564,8,ส่องดาว,การขนส่งทางถนน (On-road),1,56.3,1000 L,146.31
2677,2564,7,คำตากล้า,การปลูกข้าว (Rice),1,75.5,ไร่ (rai),95.02
2678,2563,3,เจริญศิลป์,การปลูกข้าว (Rice),1,121.5,ไร่ (rai),157.33
2679,2564,6,ภูพาน,การปลูกข้าว (Rice),1,89.2,ไร่ (rai),114.22
2680,2563,2,เต่างอย,การขนส่งทางถนน (On-road),1,44.3,1000 L,109.38
2681,2563,4,โพนนาแก้ว,การปลูกข้าว (Rice),1,84.0,ไร่ (rai),91.48
2682,2562,1,เจริญศิลป์,การปลูกข้าว (Rice),1,173.4,ไร่ (rai),193.94
2683,2563,6,บ้านม่วง,การปลูกข้าว (Rice),1,106.4,ไร่ (rai),139.41
2684,2562,2,ค้อวัง,พลังงานที่พักอาศัย (Residential),2,184.1,1000 kWh,83.88
2685,2563,6,อากาศอำนวย,ปศุสัตว์ (Livestock),1,168.3,unit,132.34
2686,2562,2,เต่างอย,การปลูกข้าว (Rice),1,111.3,ไร่ (rai),146.22
2687,2562,11,ค้อวัง,ปศุสัตว์ (Livestock),1,123.0,unit,85.96
2688,2563,11,ส่องดาว,ปศุสัตว์ (Livestock),1,124.8,unit,109.6
2689,2562,1,ส่องดาว,ดินที่จัดการ (Managed soil),1,36.6,unit,16.38
2690,2562,5,เมืองสกลนคร,การขนส่งทางถนน (On-road),1,48.6,1000 L,147.68
2691,2562,12,ภูพาน,ปศุสัตว์ (Livestock),1,36.0,unit,30.68
2692,2564,8,วานรนิวาส,การขนส่งทางถนน (On-road),1,46.4,1000 L,140.49
2693,2562,3,เจริญศิลป์,ฝังกลบขยะ (Landfill),1,50.8,unit,40.34
2694,2564,2,นิคมน้ำอูน,การปลูกข้าว (Rice),1,40.6,ไร่ (rai),54.5
2695,2564,12,ภูพาน,การปลูกข้าว (Rice),1,84.3,ไร่ (rai),114.11
2696,2564,7,กุสุมาลย์,การปลูกข้าว (Rice),1,91.2,ไร่ (rai),123.78
2697,2563,7,วาริชภูมิ,การขนส่งทางถนน (On-road),1,47.6,1000 L,119.33
2698,2562,7,วานรนิวาส,การขนส่งทางถนน (On-road),1,50.5,1000 L,140.5
2699,2562,9,พังโคน,การปลูกข้าว (Rice),1,103.2,ไร่ (rai),142.03
2700,2562,2,นิคมน้ำอูน,การปลูกข้าว (Rice),1,85.5,ไร่ (rai),106.52
2701,2563,9,ส่องดาว,การปลูกข้าว (Rice),1,54.8,ไร่ (rai),69.33
2702,2564,6,เต่างอย,การปลูกข้าว (Rice),1,99.4,ไร่ (rai),117.86
2703,2564,6,บ้านม่วง,การปลูกข้าว (Rice),1,77.4,ไร่ (rai),97.54
2704,2564,10,พรรณานิคม,การปลูกข้าว (Rice),1,96.7,ไร่ (rai),113.43
2705,2564,9,อากาศอำนวย,การขนส่งทางถนน (On-road),1,41.1,1000 L,120.23
2706,2562,2,เมืองสกลนคร,ดินที่จัดการ (Managed soil),1,345.2,unit,169.78
2707,2563,9,เต่างอย,ปศุสัตว์ (Livestock),1,102.3,unit,87.21
2708,2562,10,ส่องดาว,การขนส่งทางถนน (On-road),1,34.8,1000 L,95.79
2709,2564,7,เมืองสกลนคร,ปศุสัตว์ (Livestock),1,122.7,unit,87.9
2710,2562,4,คำตากล้า,การขนส่งทางถนน (On-road),1,31.2,1000 L,77.08
2711,2563,3,โพนนาแก้ว,น้ำเสีย (Wastewater),1,240.9,unit,125.67
2712,2564,11,เต่างอย,ปศุสัตว์ (Livestock),1,132.7,unit,91.21
2713,2564,7,พรรณานิคม,การขนส่งทางถนน (On-road),1,31.3,1000 L,95.89
2714,2564,9,กุสุมาลย์,การปลูกข้าว (Rice),1,85.4,ไร่ (rai),93.28
2715,2563,12,โพนนาแก้ว,การขนส่งทางถนน (On-road),1,57.3,1000 L,161.54
2716,2563,1,วาริชภูมิ,การปลูกข้าว (Rice),1,133.8,ไร่ (rai),177.05
2717,2563,2,โคกศรีสุพรรณ,การปลูกข้าว (Rice),1,132.9,ไร่ (rai),161.59
2718,2563,11,ค้อวัง,การปลูกข้าว (Rice),1,78.4,ไร่ (rai),104.18
2719,2564,11,ภูพาน,การขนส่งทางถนน (On-road),1,31.9,1000 L,87.59
2720,2563,7,โพนนาแก้ว,การปลูกข้าว (Rice),1,100.5,ไร่ (rai),110.11
2721,2564,9,วาริชภูมิ,การขนส่งทางถนน (On-road),1,12.7,1000 L,39.26
2722,2564,3,นิคมน้ำอูน,การปลูกข้าว (Rice),1,41.2,ไร่ (rai),44.47
2723,2562,8,ภูพาน,การปลูกข้าว (Rice),1,92.2,ไร่ (rai),99.47
2724,2562,6,คำตากล้า,การปลูกข้าว (Rice),1,86.2,ไร่ (rai),109.21
2725,2564,8,บ้านม่วง,การปลูกข้าว (Rice),1,84.3,ไร่ (rai),93.85
2726,2564,8,ภูพาน,การปลูกข้าว (Rice),1,51.6,ไร่ (rai),70.04
2727,2564,10,บ้านม่วง,ปศุสัตว์ (Livestock),1,242.0,unit,183.48
2728,2563,5,เต่างอย,การปลูกข้าว (Rice),1,96.0,ไร่ (rai),118.35
2729,2564,8,โพนนาแก้ว,ฝังกลบขยะ (Landfill),1,133.1,unit,102.81
2730,2564,4,โพนนาแก้ว,การปลูกข้าว (Rice),1,145.0,ไร่ (rai),157.29
2731,2563,1,เต่างอย,การขนส่งทางถนน (On-road),1,53.7,1000 L,149.76
2732,2562,2,เจริญศิลป์,การปลูกข้าว (Rice),1,95.2,ไร่ (rai),110.57
2733,2564,2,เมืองสกลนคร,การปลูกข้าว (Rice),1,127.0,ไร่ (rai),144.86
2734,2564,1,โคกศรีสุพรรณ,การปลูกข้าว (Rice),1,95.1,ไร่ (rai),124.83
2735,2562,1,คำตากล้า,ปศุสัตว์ (Livestock),1,110.5,unit,86.65
2736,2563,7,พรรณานิคม,น้ำเสีย (Wastewater),1,287.4,unit,147.49
2737,2564,3,วาริชภูมิ,การปลูกข้าว (Rice),1,67.4,ไร่ (rai),79.94
2738,2562,8,คำตากล้า,ปศุสัตว์ (Livestock),1,153.0,unit,128.52
2739,2564,7,เต่างอย,การปลูกข้าว (Rice),1,116.3,ไร่ (rai),144.91
2740,2564,2,เมืองสกลนคร,การปลูกข้าว (Rice),1,94.8,ไร่ (rai),107.31
2741,2563,3,ภูพาน,การปลูกข้าว (Rice),1,79.9,ไร่ (rai),106.62
2742,2564,2,เต่างอย,การปลูกข้าว (Rice),1,82.8,ไร่ (rai),87.44
2743,2564,10,ค้อวัง,การปลูกข้าว (Rice),1,40.6,ไร่ (rai),50.06
2744,2564,5,ภูพาน,การขนส่งทางถนน (On-road),1,39.7,1000 L,109.0
2745,2564,11,โคกศรีสุพรรณ,การปลูกข้าว (Rice),1,121.1,ไร่ (rai),162.14
2746,2562,4,คำตากล้า,การขนส่งทางถนน (On-road),1,51.2,1000 L,148.33
2747,2564,5,คำตากล้า,ปศุสัตว์ (Livestock),1,63.1,unit,43.8
2748,2563,7,เมืองสกลนคร,น้ำเสีย (Wastewater),1,194.0,unit,92.42
2749,2563,1,เมืองสกลนคร,ปศุสัตว์ (Livestock),1,128.5,unit,94.66
2750,2562,6,เจริญศิลป์,การปลูกข้าว (Rice),1,36.9,ไร่ (rai),44.81
2751,2563,10,เมืองสกลนคร,การขนส่งทางถนน (On-road),1,33.4,1000 L,97.4
2752,2562,10,กุสุมาลย์,การปลูกข้าว (Rice),1,91.3,ไร่ (rai),99.18
2753,2563,8,พรรณานิคม,การปลูกข้าว (Rice),1,86.9,ไร่ (rai),97.57
2754,2562,5,ภูพาน,การปลูกข้าว (Rice),1,74.2,ไร่ (rai),98.46
2755,2562,4,นิคมน้ำอูน,การปลูกข้าว (Rice),1,78.7,ไร่ (rai),93.69
2756,2563,11,โคกศรีสุพรรณ,ปศุสัตว์ (Livestock),1,56.4,unit,43.19
2757,2563,9,อากาศอำนวย,พลังงานที่พักอาศัย (Residential),2,182.4,1000 kWh,80.23
2758,2562,1,เต่างอย,การขนส่งทางถนน (On-road),1,39.9,1000 L,104.25
2759,2564,11,พังโคน,การปลูกข้าว (Rice),1,91.5,ไร่ (rai),98.96
2760,2562,10,สว่างแดนดิน,การปลูกข้าว (Rice),1,121.5,ไร่ (rai),130.74
2761,2563,12,วาริชภูมิ,การปลูกข้าว (Rice),1,21.9,ไร่ (rai),26.85
2762,2564,11,กุสุมาลย์,การปลูกข้าว (Rice),1,131.6,ไร่ (rai),145.88
2763,2562,4,บ้านม่วง,การปลูกข้าว (Rice),1,66.9,ไร่ (rai),70.12
2764,2564,8,ค้อวัง,การปลูกข้าว (Rice),1,96.3,ไร่ (rai),99.38
2765,2564,1,คำตากล้า,การปลูกข้าว (Rice),1,77.8,ไร่ (rai),84.37
2766,2563,11,กุสุมาลย์,การปลูกข้าว (Rice),1,122.9,ไร่ (rai),152.82
2767,2564,10,กุสุมาลย์,การปลูกข้าว (Rice),1,30.0,ไร่ (rai),31.09
2768,2563,11,วาริชภูมิ,การขนส่งทางถนน (On-road),1,30.7,1000 L,95.31
2769,2562,8,สว่างแดนดิน,การขนส่งทางถนน (On-road),1,35.7,1000 L,97.69
2770,2562,3,เจริญศิลป์,การปลูกข้าว (Rice),1,103.2,ไร่ (rai),115.05
2771,2563,9,สว่างแดนดิน,การปลูกข้าว (Rice),1,54.4,ไร่ (rai),73.55
2772,2564,2,คำตากล้า,การปลูกข้าว (Rice),1,85.6,ไร่ (rai),89.67
2773,2562,12,บ้านม่วง,ดินที่จัดการ (Managed soil),1,204.0,unit,90.22
2774,2564,4,อากาศอำนวย,การปลูกข้าว (Rice),1,138.2,ไร่ (rai),181.68
2775,2563,2,โคกศรีสุพรรณ,การปลูกข้าว (Rice),1,59.8,ไร่ (rai),67.07
2776,2564,1,โพนนาแก้ว,การปลูกข้าว (Rice),1,67.9,ไร่ (rai),78.73
2777,2562,1,โพนนาแก้ว,การปลูกข้าว (Rice),1,68.3,ไร่ (rai),90.89
2778,2563,2,เมืองสกลนคร,การขนส่งทางถนน (On-road),1,23.2,1000 L,57.18
2779,2562,10,ค้อวัง,การปลูกข้าว (Rice),1,141.0,ไร่ (rai),184.4
2780,2562,3,ส่องดาว,ดินที่จัดการ (Managed soil),1,296.9,unit,130.93
2781,2564,2,พรรณานิคม,ปศุสัตว์ (Livestock),1,19.5,unit,14.79
2782,2564,3,พรรณานิคม,การปลูกข้าว (Rice),1,60.7,ไร่ (rai),74.54
2783,2564,3,พังโคน,การปลูกข้าว (Rice),1,60.0,ไร่ (rai),67.27
2784,2562,10,กุสุมาลย์,ปศุสัตว์ (Livestock),1,96.1,unit,77.13
2785,2563,2,อากาศอำนวย,น้ำเสีย (Wastewater),1,208.0,unit,114.33
2786,2562,5,เจริญศิลป์,พลังงานที่พักอาศัย (Residential),2,185.4,1000 kWh,91.42
2787,2563,8,โพนนาแก้ว,การปลูกข้าว (Rice),1,92.0,ไร่ (rai),112.57
2788,2564,12,คำตากล้า,การปลูกข้าว (Rice),1,112.8,ไร่ (rai),118.6
2789,2563,10,วานรนิวาส,การขนส่งทางถนน (On-road),1,36.8,1000 L,88.67
2790,2563,7,พังโคน,การปลูกข้าว (Rice),1,79.2,ไร่ (rai),85.44
2791,2562,1,เจริญศิลป์,การขนส่งทางถนน (On-road),1,28.0,1000 L,66.76
2792,2563,1,เต่างอย,การขนส่งทางถนน (On-road),1,42.3,1000 L,117.17
2793,2563,5,โพนนาแก้ว,ปศุสัตว์ (Livestock),1,65.6,unit,59.99
2794,2563,10,ค้อวัง,การขนส่งทางถนน (On-road),1,22.9,1000 L,58.88
2795,2562,3,พังโคน,ฝังกลบขยะ (Landfill),1,208.9,unit,163.5
2796,2563,7,บ้านม่วง,การขนส่งทางถนน (On-road),1,40.5,1000 L,99.36
2797,2562,11,เมืองสกลนคร,การขนส่งทางถนน (On-road),1,33.2,1000 L,98.31
2798,2564,5,วานรนิวาส,การขนส่งทางถนน (On-road),1,38.6,1000 L,96.85
2799,2563,6,วาริชภูมิ,การปลูกข้าว (Rice),1,111.8,ไร่ (rai),134.36
2800,2562,11,เจริญศิลป์,การปลูกข้าว (Rice),1,133.8,ไร่ (rai),171.92
2801,2562,1,โพนนาแก้ว,ปศุสัตว์ (Livestock),1,91.3,unit,63.92
2802,2563,10,สว่างแดนดิน,ปศุสัตว์ (Livestock),1,191.2,unit,133.87
2803,2563,4,สว่างแดนดิน,ปศุสัตว์ (Livestock),1,157.0,unit,140.26
2804,2564,11,วาริชภูมิ,การขนส่งทางถนน (On-road),1,28.4,1000 L,77.29
2805,2563,8,เจริญศิลป์,ปศุสัตว์ (Livestock),1,155.3,unit,119.34
2806,2564,9,โคกศรีสุพรรณ,การปลูกข้าว (Rice),1,70.7,ไร่ (rai),89.27
2807,2564,11,โคกศรีสุพรรณ,การปลูกข้าว (Rice),1,38.7,ไร่ (rai),40.78
2808,2562,3,โคกศรีสุพรรณ,การปลูกข้าว (Rice),1,115.9,ไร่ (rai),122.41
2809,2562,12,โคกศรีสุพรรณ,การปลูกข้าว (Rice),1,64.0,ไร่ (rai),67.89
2810,2564,3,ส่องดาว,การปลูกข้าว (Rice),1,100.0,ไร่ (rai),117.1
2811,2563,8,วานรนิวาส,การขนส่งทางถนน (On-road),1,50.1,1000 L,146.26
2812,2564,1,วานรนิวาส,การปลูกข้าว (Rice),1,70.5,ไร่ (rai),77.12
2813,2563,8,ส่องดาว,การขนส่งทางถนน (On-road),1,41.9,1000 L,97.86
2814,2563,12,คำตากล้า,การปลูกข้าว (Rice),1,71.8,ไร่ (rai),78.68
2815,2563,9,วานรนิวาส,การปลูกข้าว (Rice),1,77.3,ไร่ (rai),83.73
2816,2562,2,โพนนาแก้ว,น้ำเสีย (Wastewater),1,188.7,unit,85.39
2817,2562,2,เจริญศิลป์,การปลูกข้าว (Rice),1,85.7,ไร่ (rai),100.6
2818,2563,3,นิคมน้ำอูน,การปลูกข้าว (Rice),1,78.5,ไร่ (rai),105.98
2819,2562,5,ภูพาน,การปลูกข้าว (Rice),1,89.3,ไร่ (rai),99.07
2820,2564,12,ภูพาน,การขนส่งทางถนน (On-road),1,36.3,1000 L,107.52
2821,2564,10,นิคมน้ำอูน,ฝังกลบขยะ (Landfill),1,57.1,unit,49.67
2822,2562,11,คำตากล้า,การปลูกข้าว (Rice),1,88.2,ไร่ (rai),92.99
2823,2563,4,อากาศอำนวย,การปลูกข้าว (Rice),1,58.3,ไร่ (rai),75.93
2824,2563,8,ภูพาน,การปลูกข้าว (Rice),1,86.0,ไร่ (rai),115.85
2825,2563,3,พังโคน,การขนส่งทางถนน (On-road),1,41.8,1000 L,109.79
2826,2563,12,อากาศอำนวย,น้ำเสีย (Wastewater),1,92.5,unit,50.75
2827,2562,5,กุสุมาลย์,ฝังกลบขยะ (Landfill),1,117.3,unit,96.8
2828,2562,8,โคกศรีสุพรรณ,การปลูกข้าว (Rice),1,158.5,ไร่ (rai),187.5
2829,2563,10,เมืองสกลนคร,การปลูกข้าว (Rice),1,83.4,ไร่ (rai),88.26
2830,2564,11,วาริชภูมิ,การปลูกข้าว (Rice),1,27.9,ไร่ (rai),37.14
2831,2563,11,พรรณานิคม,ดินที่จัดการ (Managed soil),1,175.9,unit,77.92
2832,2564,6,โพนนาแก้ว,การปลูกข้าว (Rice),1,57.5,ไร่ (rai),64.83
2833,2562,1,กุสุมาลย์,การปลูกข้าว (Rice),1,91.4,ไร่ (rai),97.43
2834,2562,5,วาริชภูมิ,การปลูกข้าว (Rice),1,79.0,ไร่ (rai),83.05
2835,2564,10,สว่างแดนดิน,การปลูกข้าว (Rice),1,74.7,ไร่ (rai),86.17
2836,2564,5,เมืองสกลนคร,ปศุสัตว์ (Livestock),1,93.7,unit,83.72
2837,2563,1,นิคมน้ำอูน,พลังงานธุรกิจ (Commercial),2,145.5,unit,89.6
2838,2562,1,ค้อวัง,การปลูกข้าว (Rice),1,78.5,ไร่ (rai),95.46
2839,2564,1,วานรนิวาส,การปลูกข้าว (Rice),1,97.1,ไร่ (rai),115.04
2840,2564,11,กุสุมาลย์,การปลูกข้าว (Rice),1,105.2,ไร่ (rai),124.43
2841,2564,7,โพนนาแก้ว,ดินที่จัดการ (Managed soil),1,122.5,unit,68.48
2842,2562,6,พรรณานิคม,ปศุสัตว์ (Livestock),1,206.2,unit,185.08
2843,2564,1,ค้อวัง,พลังงานที่พักอาศัย (Residential),2,173.8,1000 kWh,98.43
2844,2564,11,พรรณานิคม,การปลูกข้าว (Rice),1,76.0,ไร่ (rai),95.24
2845,2562,8,อากาศอำนวย,การขนส่งทางถนน (On-road),1,51.7,1000 L,157.56
2846,2563,5,บ้านม่วง,การปลูกข้าว (Rice),1,48.6,ไร่ (rai),65.82
2847,2564,11,โพนนาแก้ว,ดินที่จัดการ (Managed soil),1,170.7,unit,74.84
2848,2562,5,พังโคน,ปศุสัตว์ (Livestock),1,175.1,unit,153.58
2849,2563,5,เจริญศิลป์,การปลูกข้าว (Rice),1,131.1,ไร่ (rai),147.09
2850,2564,3,สว่างแดนดิน,การขนส่งทางถนน (On-road),1,30.7,1000 L,95.3
2851,2563,1,เจริญศิลป์,ดินที่จัดการ (Managed soil),1,257.9,unit,145.05
2852,2564,12,โพนนาแก้ว,การปลูกข้าว (Rice),1,90.7,ไร่ (rai),122.13
2853,2564,11,บ้านม่วง,การปลูกข้าว (Rice),1,87.8,ไร่ (rai),105.45
2854,2562,9,นิคมน้ำอูน,ปศุสัตว์ (Livestock),1,118.1,unit,85.07
2855,2562,3,คำตากล้า,ปศุสัตว์ (Livestock),1,98.5,unit,90.4
2856,2563,10,ค้อวัง,การขนส่งทางถนน (On-road),1,41.6,1000 L,119.8
2857,2564,12,เมืองสกลนคร,พลังงานที่พักอาศัย (Residential),2,193.0,1000 kWh,93.78
2858,2563,2,วานรนิวาส,การปลูกข้าว (Rice),1,62.2,ไร่ (rai),63.63
2859,2562,4,วาริชภูมิ,การขนส่งทางถนน (On-road),1,47.4,1000 L,116.72
2860,2562,4,วาริชภูมิ,การปลูกข้าว (Rice),1,30.0,ไร่ (rai),32.9
2861,2564,10,สว่างแดนดิน,การขนส่งทางถนน (On-road),1,43.0,1000 L,110.62
2862,2563,12,วานรนิวาส,การปลูกข้าว (Rice),1,106.7,ไร่ (rai),127.72
2863,2564,3,เจริญศิลป์,การปลูกข้าว (Rice),1,52.4,ไร่ (rai),64.35
2864,2564,1,สว่างแดนดิน,การปลูกข้าว (Rice),1,116.0,ไร่ (rai),151.57
2865,2562,4,โพนนาแก้ว,ปศุสัตว์ (Livestock),1,87.0,unit,63.25
2866,2562,3,เมืองสกลนคร,พลังงานธุรกิจ (Commercial),2,211.6,unit,130.13
2867,2562,8,เจริญศิลป์,การขนส่งทางถนน (On-road),1,68.0,1000 L,185.62
2868,2564,9,สว่างแดนดิน,ปศุสัตว์ (Livestock),1,90.9,unit,81.4
2869,2563,1,สว่างแดนดิน,การปลูกข้าว (Rice),1,127.7,ไร่ (rai),146.92
2870,2562,11,ส่องดาว,การปลูกข้าว (Rice),1,43.5,ไร่ (rai),46.97
2871,2563,1,โคกศรีสุพรรณ,การปลูกข้าว (Rice),1,94.2,ไร่ (rai),109.76
2872,2564,6,โคกศรีสุพรรณ,ปศุสัตว์ (Livestock),1,116.5,unit,106.62
2873,2563,5,ภูพาน,การขนส่งทางถนน (On-road),1,14.2,1000 L,34.42
2874,2562,9,วานรนิวาส,การปลูกข้าว (Rice),1,72.1,ไร่ (rai),81.88
2875,2562,6,โพนนาแก้ว,การขนส่งทางถนน (On-road),1,14.2,1000 L,34.14
2876,2562,3,ค้อวัง,ปศุสัตว์ (Livestock),1,137.6,unit,122.19
2877,2564,10,โพนนาแก้ว,การปลูกข้าว (Rice),1,72.1,ไร่ (rai),76.76
2878,2564,11,สว่างแดนดิน,การปลูกข้าว (Rice),1,43.7,ไร่ (rai),53.64
2879,2564,11,วานรนิวาส,การขนส่งทางถนน (On-road),1,40.4,1000 L,104.0
2880,2564,1,กุสุมาลย์,การปลูกข้าว (Rice),1,91.7,ไร่ (rai),97.69
2881,2564,8,นิคมน้ำอูน,การปลูกข้าว (Rice),1,81.9,ไร่ (rai),99.92
2882,2562,12,เต่างอย,การปลูกข้าว (Rice),1,51.7,ไร่ (rai),63.83
2883,2562,11,พังโคน,การปลูกข้าว (Rice),1,53.9,ไร่ (rai),55.02
2884,2562,4,ส่องดาว,ปศุสัตว์ (Livestock),1,130.0,unit,110.8
2885,2562,11,ส่องดาว,การปลูกข้าว (Rice),1,54.0,ไร่ (rai),65.59
2886,2564,12,ภูพาน,พลังงานธุรกิจ (Commercial),2,291.1,unit,152.77
2887,2562,3,โพนนาแก้ว,ฝังกลบขยะ (Landfill),1,185.1,unit,143.86
2888,2563,4,ภูพาน,การขนส่งทางถนน (On-road),1,53.9,1000 L,134.85
2889,2563,6,คำตากล้า,การขนส่งทางถนน (On-road),1,14.8,1000 L,41.14
2890,2564,12,สว่างแดนดิน,การปลูกข้าว (Rice),1,86.4,ไร่ (rai),100.47
2891,2562,5,โพนนาแก้ว,ปศุสัตว์ (Livestock),1,169.1,unit,138.02
2892,2562,8,เจริญศิลป์,การปลูกข้าว (Rice),1,85.2,ไร่ (rai),89.16
2893,2564,7,อากาศอำนวย,พลังงานธุรกิจ (Commercial),2,152.1,unit,87.18
2894,2564,11,พรรณานิคม,ปศุสัตว์ (Livestock),1,106.1,unit,72.99
2895,2562,11,โพนนาแก้ว,ดินที่จัดการ (Managed soil),1,199.9,unit,104.75
2896,2563,11,พังโคน,ฝังกลบขยะ (Landfill),1,241.7,unit,211.44
2897,2564,11,วาริชภูมิ,การปลูกข้าว (Rice),1,71.5,ไร่ (rai),87.4
2898,2562,3,เมืองสกลนคร,การปลูกข้าว (Rice),1,107.1,ไร่ (rai),123.05
2899,2564,5,บ้านม่วง,การปลูกข้าว (Rice),1,46.2,ไร่ (rai),61.65
2900,2563,9,ส่องดาว,การปลูกข้าว (Rice),1,94.2,ไร่ (rai),111.48
2901,2564,11,ค้อวัง,การปลูกข้าว (Rice),1,110.1,ไร่ (rai),118.14
2902,2564,8,วาริชภูมิ,การปลูกข้าว (Rice),1,25.8,ไร่ (rai),27.95
2903,2564,6,ภูพาน,ปศุสัตว์ (Livestock),1,125.6,unit,85.56
2904,2562,5,ภูพาน,ดินที่จัดการ (Managed soil),1,173.0,unit,88.23
2905,2563,6,ค้อวัง,น้ำเสีย (Wastewater),1,298.3,unit,167.31
2906,2562,2,เต่างอย,พลังงานธุรกิจ (Commercial),2,78.2,unit,50.78
2907,2564,8,เจริญศิลป์,การปลูกข้าว (Rice),1,46.2,ไร่ (rai),49.92
2908,2564,9,บ้านม่วง,การปลูกข้าว (Rice),1,43.9,ไร่ (rai),49.89
2909,2562,2,คำตากล้า,ปศุสัตว์ (Livestock),1,162.3,unit,117.25
2910,2563,2,อากาศอำนวย,การขนส่งทางถนน (On-road),1,72.2,1000 L,197.51
2911,2562,9,บ้านม่วง,พลังงานที่พักอาศัย (Residential),2,267.3,1000 kWh,124.45
2912,2564,9,บ้านม่วง,การปลูกข้าว (Rice),1,158.8,ไร่ (rai),216.85
2913,2563,10,ค้อวัง,การปลูกข้าว (Rice),1,115.0,ไร่ (rai),144.0
2914,2562,5,โพนนาแก้ว,ปศุสัตว์ (Livestock),1,167.0,unit,147.73
2915,2564,5,โพนนาแก้ว,การปลูกข้าว (Rice),1,50.4,ไร่ (rai),65.46
2916,2562,7,ส่องดาว,การขนส่งทางถนน (On-road),1,61.9,1000 L,164.03
2917,2563,4,เต่างอย,การขนส่งทางถนน (On-road),1,9.5,1000 L,24.44
2918,2564,7,สว่างแดนดิน,ปศุสัตว์ (Livestock),1,161.4,unit,138.43
2919,2563,7,ค้อวัง,พลังงานที่พักอาศัย (Residential),2,111.5,1000 kWh,49.24
2920,2562,1,กุสุมาลย์,การปลูกข้าว (Rice),1,121.8,ไร่ (rai),150.45
2921,2563,5,ค้อวัง,การปลูกข้าว (Rice),1,101.2,ไร่ (rai),138.54
2922,2563,5,บ้านม่วง,การปลูกข้าว (Rice),1,72.6,ไร่ (rai),79.24
2923,2562,10,บ้านม่วง,การปลูกข้าว (Rice),1,34.7,ไร่ (rai),43.24
2924,2563,10,พังโคน,การปลูกข้าว (Rice),1,91.2,ไร่ (rai),122.85
2925,2562,12,ส่องดาว,ปศุสัตว์ (Livestock),1,183.7,unit,146.81
2926,2564,8,วาริชภูมิ,การขนส่งทางถนน (On-road),1,12.5,1000 L,36.66
2927,2562,8,อากาศอำนวย,การปลูกข้าว (Rice),1,89.1,ไร่ (rai),105.0
2928,2563,1,วาริชภูมิ,การปลูกข้าว (Rice),1,84.0,ไร่ (rai),110.22
2929,2564,9,เจริญศิลป์,การปลูกข้าว (Rice),1,110.5,ไร่ (rai),146.46
2930,2564,6,เต่างอย,น้ำเสีย (Wastewater),1,289.7,unit,164.45
2931,2564,4,เมืองสกลนคร,การขนส่งทางถนน (On-road),1,48.2,1000 L,143.84
2932,2564,8,เมืองสกลนคร,การขนส่งทางถนน (On-road),1,28.3,1000 L,70.72
2933,2562,11,กุสุมาลย์,การขนส่งทางถนน (On-road),1,35.9,1000 L,107.79
2934,2562,6,พังโคน,การขนส่งทางถนน (On-road),1,5.0,1000 L,12.96
2935,2564,1,วานรนิวาส,การขนส่งทางถนน (On-road),1,49.0,1000 L,141.24
2936,2563,10,พรรณานิคม,การขนส่งทางถนน (On-road),1,38.0,1000 L,102.37
2937,2563,8,กุสุมาลย์,การปลูกข้าว (Rice),1,104.4,ไร่ (rai),126.7
2938,2563,8,กุสุมาลย์,การปลูกข้าว (Rice),1,40.0,ไร่ (rai),42.22
2939,2564,10,อากาศอำนวย,ปศุสัตว์ (Livestock),1,191.7,unit,166.08
2940,2563,6,วาริชภูมิ,น้ำเสีย (Wastewater),1,290.3,unit,124.24
2941,2563,3,นิคมน้ำอูน,ดินที่จัดการ (Managed soil),1,244.9,unit,129.03
2942,2563,11,ส่องดาว,ดินที่จัดการ (Managed soil),1,155.0,unit,74.85
2943,2563,9,ภูพาน,การปลูกข้าว (Rice),1,68.2,ไร่ (rai),92.85
2944,2562,1,พังโคน,การปลูกข้าว (Rice),1,58.1,ไร่ (rai),70.22
2945,2562,5,คำตากล้า,ปศุสัตว์ (Livestock),1,197.0,unit,171.32
2946,2564,12,เจริญศิลป์,การขนส่งทางถนน (On-road),1,53.8,1000 L,129.8
2947,2562,5,เจริญศิลป์,พลังงานที่พักอาศัย (Residential),2,88.9,1000 kWh,49.44
2948,2563,2,เต่างอย,การปลูกข้าว (Rice),1,125.7,ไร่ (rai),128.53
2949,2563,4,โพนนาแก้ว,ปศุสัตว์ (Livestock),1,129.9,unit,104.4
2950,2564,3,คำตากล้า,การปลูกข้าว (Rice),1,105.1,ไร่ (rai),113.9
2951,2564,9,วานรนิวาส,การปลูกข้าว (Rice),1,41.0,ไร่ (rai),43.28
2952,2562,12,วาริชภูมิ,การขนส่งทางถนน (On-road),1,52.6,1000 L,127.37
2953,2564,11,อากาศอำนวย,การปลูกข้าว (Rice),1,101.2,ไร่ (rai),109.8
2954,2562,12,คำตากล้า,การขนส่งทางถนน (On-road),1,40.1,1000 L,120.27
2955,2564,8,ภูพาน,ปศุสัตว์ (Livestock),1,96.8,unit,72.03
2956,2563,5,โคกศรีสุพรรณ,การปลูกข้าว (Rice),1,84.8,ไร่ (rai),106.81
2957,2564,5,โคกศรีสุพรรณ,การปลูกข้าว (Rice),1,76.0,ไร่ (rai),90.72
2958,2564,8,นิคมน้ำอูน,พลังงานที่พักอาศัย (Residential),2,213.9,1000 kWh,109.85
2959,2562,10,เต่างอย,การปลูกข้าว (Rice),1,33.0,ไร่ (rai),36.81
2960,2564,11,อากาศอำนวย,การปลูกข้าว (Rice),1,76.9,ไร่ (rai),95.99
2961,2562,4,เจริญศิลป์,ฝังกลบขยะ (Landfill),1,85.1,unit,73.69
2962,2562,5,วาริชภูมิ,การขนส่งทางถนน (On-road),1,44.3,1000 L,121.36
2963,2563,7,บ้านม่วง,การขนส่งทางถนน (On-road),1,55.6,1000 L,149.55
2964,2564,6,วานรนิวาส,การขนส่งทางถนน (On-road),1,29.7,1000 L,81.82
2965,2562,9,บ้านม่วง,การขนส่งทางถนน (On-road),1,38.9,1000 L,118.9
2966,2562,7,โพนนาแก้ว,การปลูกข้าว (Rice),1,83.8,ไร่ (rai),112.48
2967,2564,8,อากาศอำนวย,การขนส่งทางถนน (On-road),1,21.4,1000 L,62.63
2968,2564,12,โพนนาแก้ว,พลังงานที่พักอาศัย (Residential),2,71.6,1000 kWh,40.99
2969,2563,4,พังโคน,การปลูกข้าว (Rice),1,136.1,ไร่ (rai),154.55
2970,2564,10,คำตากล้า,การปลูกข้าว (Rice),1,112.8,ไร่ (rai),119.63
2971,2562,1,วาริชภูมิ,การขนส่งทางถนน (On-road),1,14.1,1000 L,42.1
2972,2562,9,โคกศรีสุพรรณ,การปลูกข้าว (Rice),1,60.1,ไร่ (rai),74.4
2973,2563,4,กุสุมาลย์,การปลูกข้าว (Rice),1,124.8,ไร่ (rai),157.33
2974,2562,7,เมืองสกลนคร,การปลูกข้าว (Rice),1,84.9,ไร่ (rai),93.58
2975,2562,9,โคกศรีสุพรรณ,การปลูกข้าว (Rice),1,82.1,ไร่ (rai),96.25
2976,2562,2,เต่างอย,พลังงานที่พักอาศัย (Residential),2,123.6,1000 kWh,56.92
2977,2564,1,สว่างแดนดิน,พลังงานที่พักอาศัย (Residential),2,84.7,1000 kWh,48.13
2978,2563,7,ส่องดาว,การปลูกข้าว (Rice),1,68.3,ไร่ (rai),84.27
2979,2564,4,วาริชภูมิ,ปศุสัตว์ (Livestock),1,117.0,unit,83.63
2980,2563,12,วาริชภูมิ,การปลูกข้าว (Rice),1,99.3,ไร่ (rai),132.18
2981,2562,6,พรรณานิคม,การปลูกข้าว (Rice),1,74.8,ไร่ (rai),91.83
2982,2562,8,กุสุมาลย์,การขนส่งทางถนน (On-road),1,28.7,1000 L,88.52
2983,2563,6,สว่างแดนดิน,การปลูกข้าว (Rice),1,45.2,ไร่ (rai),62.08
2984,2563,7,คำตากล้า,การปลูกข้าว (Rice),1,137.2,ไร่ (rai),173.67
2985,2564,11,วาริชภูมิ,ปศุสัตว์ (Livestock),1,184.5,unit,131.32
2986,2563,3,เมืองสกลนคร,การปลูกข้าว (Rice),1,70.3,ไร่ (rai),78.88
2987,2562,2,พรรณานิคม,การปลูกข้าว (Rice),1,144.3,ไร่ (rai),155.21
2988,2562,6,พรรณานิคม,การปลูกข้าว (Rice),1,109.8,ไร่ (rai),143.87
2989,2564,9,เต่างอย,การปลูกข้าว (Rice),1,100.0,ไร่ (rai),120.15
2990,2564,11,วานรนิวาส,พลังงานธุรกิจ (Commercial),2,226.8,unit,149.2
2991,2564,5,โพนนาแก้ว,การปลูกข้าว (Rice),1,38.5,ไร่ (rai),48.92
2992,2564,12,สว่างแดนดิน,ปศุสัตว์ (Livestock),1,180.0,unit,130.05
2993,2564,8,วาริชภูมิ,ฝังกลบขยะ (Landfill),1,137.7,unit,98.67
2994,2564,11,เจริญศิลป์,ฝังกลบขยะ (Landfill),1,129.3,unit,116.78
2995,2564,12,ส่องดาว,การปลูกข้าว (Rice),1,81.6,ไร่ (rai),89.45
2996,2563,7,พรรณานิคม,การปลูกข้าว (Rice),1,84.5,ไร่ (rai),93.19
2997,2564,2,โพนนาแก้ว,การปลูกข้าว (Rice),1,140.6,ไร่ (rai),146.61
2998,2562,12,เมืองสกลนคร,น้ำเสีย (Wastewater),1,108.3,unit,50.94
2999,2563,11,เจริญศิลป์,การปลูกข้าว (Rice),1,134.5,ไร่ (rai),169.55
3000,2563,1,โคกศรีสุพรรณ,พลังงานที่พักอาศัย (Residential),2,221.3,1000 kWh,104.29
3001,2563,6,นิคมน้ำอูน,ปศุสัตว์ (Livestock),1,142.4,unit,117.17
3002,2564,10,วาริชภูมิ,การปลูกข้าว (Rice),1,154.6,ไร่ (rai),191.79
3003,2563,9,เต่างอย,การขนส่งทางถนน (On-road),1,18.0,1000 L,45.43
3004,2562,1,อากาศอำนวย,การปลูกข้าว (Rice),1,23.9,ไร่ (rai),28.79
3005,2562,4,โพนนาแก้ว,พลังงานที่พักอาศัย (Residential),2,141.9,1000 kWh,65.1
3006,2562,2,พรรณานิคม,การปลูกข้าว (Rice),1,73.0,ไร่ (rai),81.82
3007,2562,7,ค้อวัง,การขนส่งทางถนน (On-road),1,36.7,1000 L,90.18
3008,2563,1,คำตากล้า,การขนส่งทางถนน (On-road),1,42.1,1000 L,124.39
3009,2564,8,กุสุมาลย์,การปลูกข้าว (Rice),1,52.3,ไร่ (rai),54.94
3010,2563,5,โคกศรีสุพรรณ,การปลูกข้าว (Rice),1,30.1,ไร่ (rai),31.94
3011,2562,12,วาริชภูมิ,การขนส่งทางถนน (On-road),1,22.7,1000 L,52.9
3012,2563,12,โพนนาแก้ว,การปลูกข้าว (Rice),1,83.5,ไร่ (rai),99.76
3013,2563,3,โพนนาแก้ว,น้ำเสีย (Wastewater),1,297.8,unit,165.03
3014,2562,8,เจริญศิลป์,ปศุสัตว์ (Livestock),1,96.1,unit,86.73
3015,2562,9,ภูพาน,การขนส่งทางถนน (On-road),1,52.0,1000 L,126.87
3016,2562,6,ส่องดาว,การขนส่งทางถนน (On-road),1,46.4,1000 L,139.53
3017,2563,11,โคกศรีสุพรรณ,การปลูกข้าว (Rice),1,92.4,ไร่ (rai),124.95
3018,2564,9,พรรณานิคม,การขนส่งทางถนน (On-road),1,40.5,1000 L,119.11
3019,2562,1,ค้อวัง,พลังงานที่พักอาศัย (Residential),2,357.7,1000 kWh,185.47
3020,2563,3,กุสุมาลย์,การขนส่งทางถนน (On-road),1,46.6,1000 L,129.74
3021,2563,1,เมืองสกลนคร,การปลูกข้าว (Rice),1,51.2,ไร่ (rai),67.41
3022,2564,6,ค้อวัง,การปลูกข้าว (Rice),1,127.3,ไร่ (rai),131.85
3023,2564,3,เจริญศิลป์,น้ำเสีย (Wastewater),1,183.4,unit,88.95
3024,2564,5,ค้อวัง,ปศุสัตว์ (Livestock),1,145.3,unit,112.7
3025,2564,1,ค้อวัง,การปลูกข้าว (Rice),1,92.8,ไร่ (rai),117.0
3026,2562,1,วาริชภูมิ,ดินที่จัดการ (Managed soil),1,294.3,unit,152.97
3027,2563,11,เต่างอย,การขนส่งทางถนน (On-road),1,32.9,1000 L,82.54
3028,2563,6,โคกศรีสุพรรณ,การขนส่งทางถนน (On-road),1,17.7,1000 L,52.55
3029,2563,8,ค้อวัง,ฝังกลบขยะ (Landfill),1,102.2,unit,87.52
3030,2562,7,เจริญศิลป์,ปศุสัตว์ (Livestock),1,232.8,unit,208.53
3031,2564,11,กุสุมาลย์,น้ำเสีย (Wastewater),1,218.6,unit,109.44
3032,2564,12,ส่องดาว,การปลูกข้าว (Rice),1,7.7,ไร่ (rai),10.46
3033,2563,5,สว่างแดนดิน,พลังงานธุรกิจ (Commercial),2,164.8,unit,107.8
3034,2562,4,เมืองสกลนคร,การขนส่งทางถนน (On-road),1,12.9,1000 L,34.14
3035,2564,7,โคกศรีสุพรรณ,การปลูกข้าว (Rice),1,89.8,ไร่ (rai),101.24
3036,2564,7,ภูพาน,น้ำเสีย (Wastewater),1,335.8,unit,167.67
3037,2564,9,อากาศอำนวย,การขนส่งทางถนน (On-road),1,39.0,1000 L,107.45
3038,2563,3,เจริญศิลป์,พลังงานที่พักอาศัย (Residential),2,213.6,1000 kWh,118.26
3039,2562,11,คำตากล้า,การปลูกข้าว (Rice),1,49.8,ไร่ (rai),52.64
3040,2562,12,ส่องดาว,การขนส่งทางถนน (On-road),1,36.6,1000 L,105.27
3041,2563,5,นิคมน้ำอูน,การปลูกข้าว (Rice),1,105.3,ไร่ (rai),144.71
3042,2562,7,ส่องดาว,การปลูกข้าว (Rice),1,108.4,ไร่ (rai),137.35
3043,2563,5,บ้านม่วง,การขนส่งทางถนน (On-road),1,28.6,1000 L,66.14
3044,2564,4,ส่องดาว,ดินที่จัดการ (Managed soil),1,206.7,unit,94.84
3045,2562,4,พรรณานิคม,การปลูกข้าว (Rice),1,101.1,ไร่ (rai),122.49
3046,2563,8,สว่างแดนดิน,พลังงานที่พักอาศัย (Residential),2,226.3,1000 kWh,121.82
3047,2564,9,เมืองสกลนคร,ปศุสัตว์ (Livestock),1,127.2,unit,111.39
3048,2564,9,โพนนาแก้ว,ปศุสัตว์ (Livestock),1,195.8,unit,162.73
3049,2564,7,นิคมน้ำอูน,การปลูกข้าว (Rice),1,83.9,ไร่ (rai),109.15
3050,2564,1,เมืองสกลนคร,การปลูกข้าว (Rice),1,71.8,ไร่ (rai),82.51
3051,2562,4,เมืองสกลนคร,ปศุสัตว์ (Livestock),1,127.6,unit,109.51
3052,2562,1,วานรนิวาส,การขนส่งทางถนน (On-road),1,40.0,1000 L,111.28
3053,2563,11,บ้านม่วง,ดินที่จัดการ (Managed soil),1,165.8,unit,71.53
3054,2563,12,เต่างอย,การขนส่งทางถนน (On-road),1,47.8,1000 L,130.57
3055,2563,8,ค้อวัง,การปลูกข้าว (Rice),1,76.0,ไร่ (rai),104.19
3056,2563,2,วานรนิวาส,น้ำเสีย (Wastewater),1,133.1,unit,65.73
3057,2562,4,ค้อวัง,พลังงานธุรกิจ (Commercial),2,320.7,unit,206.86
3058,2563,2,นิคมน้ำอูน,การปลูกข้าว (Rice),1,46.3,ไร่ (rai),52.3
3059,2564,8,พังโคน,การปลูกข้าว (Rice),1,102.8,ไร่ (rai),131.04
3060,2562,7,วาริชภูมิ,การปลูกข้าว (Rice),1,66.0,ไร่ (rai),79.3
3061,2564,6,ส่องดาว,การปลูกข้าว (Rice),1,30.1,ไร่ (rai),31.43
3062,2564,1,พังโคน,พลังงานที่พักอาศัย (Residential),2,240.2,1000 kWh,117.26
3063,2564,1,เมืองสกลนคร,การขนส่งทางถนน (On-road),1,41.5,1000 L,105.42
3064,2563,4,สว่างแดนดิน,ปศุสัตว์ (Livestock),1,71.0,unit,62.85
3065,2564,9,วานรนิวาส,ปศุสัตว์ (Livestock),1,152.3,unit,114.79
3066,2562,3,นิคมน้ำอูน,ดินที่จัดการ (Managed soil),1,196.4,unit,111.63
3067,2563,2,ค้อวัง,ปศุสัตว์ (Livestock),1,51.5,unit,41.24
3068,2563,6,นิคมน้ำอูน,การขนส่งทางถนน (On-road),1,28.5,1000 L,87.21
3069,2562,11,โพนนาแก้ว,ปศุสัตว์ (Livestock),1,125.3,unit,94.77
3070,2564,1,ส่องดาว,ฝังกลบขยะ (Landfill),1,214.6,unit,166.65
3071,2563,9,กุสุมาลย์,การปลูกข้าว (Rice),1,137.1,ไร่ (rai),183.46
3072,2562,11,โพนนาแก้ว,ปศุสัตว์ (Livestock),1,122.1,unit,106.16
3073,2564,12,วาริชภูมิ,การปลูกข้าว (Rice),1,41.6,ไร่ (rai),57.3
3074,2563,1,โคกศรีสุพรรณ,ปศุสัตว์ (Livestock),1,134.2,unit,109.14
3075,2562,9,พรรณานิคม,การขนส่งทางถนน (On-road),1,31.3,1000 L,72.19
3076,2563,1,พังโคน,การปลูกข้าว (Rice),1,112.9,ไร่ (rai),131.46
3077,2564,10,พังโคน,การปลูกข้าว (Rice),1,61.6,ไร่ (rai),82.41
3078,2564,2,เต่างอย,การขนส่งทางถนน (On-road),1,40.0,1000 L,118.44
3079,2564,6,สว่างแดนดิน,การปลูกข้าว (Rice),1,61.5,ไร่ (rai),82.88
3080,2563,10,สว่างแดนดิน,น้ำเสีย (Wastewater),1,141.2,unit,72.74
3081,2562,6,พังโคน,ปศุสัตว์ (Livestock),1,43.6,unit,29.71
3082,2562,11,สว่างแดนดิน,การปลูกข้าว (Rice),1,32.6,ไร่ (rai),35.24
3083,2564,11,กุสุมาลย์,การปลูกข้าว (Rice),1,68.3,ไร่ (rai),84.39
3084,2563,7,พังโคน,การปลูกข้าว (Rice),1,72.8,ไร่ (rai),99.69
3085,2562,5,พังโคน,การปลูกข้าว (Rice),1,67.6,ไร่ (rai),80.48
3086,2563,11,พรรณานิคม,การปลูกข้าว (Rice),1,25.0,ไร่ (rai),34.14
3087,2562,10,นิคมน้ำอูน,การปลูกข้าว (Rice),1,137.6,ไร่ (rai),180.68
3088,2562,2,อากาศอำนวย,การปลูกข้าว (Rice),1,91.6,ไร่ (rai),97.91
3089,2563,1,เต่างอย,ดินที่จัดการ (Managed soil),1,124.1,unit,62.4
3090,2564,11,เมืองสกลนคร,การปลูกข้าว (Rice),1,96.6,ไร่ (rai),122.79
3091,2563,12,กุสุมาลย์,การขนส่งทางถนน (On-road),1,26.6,1000 L,68.53
3092,2562,9,ค้อวัง,การปลูกข้าว (Rice),1,132.3,ไร่ (rai),148.41
3093,2562,8,เต่างอย,การขนส่งทางถนน (On-road),1,38.6,1000 L,99.29
3094,2563,2,วาริชภูมิ,พลังงานที่พักอาศัย (Residential),2,202.5,1000 kWh,86.69
3095,2564,7,อากาศอำนวย,การปลูกข้าว (Rice),1,118.4,ไร่ (rai),146.17
3096,2562,8,คำตากล้า,ปศุสัตว์ (Livestock),1,154.1,unit,129.96
3097,2563,8,เจริญศิลป์,น้ำเสีย (Wastewater),1,363.6,unit,189.31
3098,2563,2,วาริชภูมิ,การขนส่งทางถนน (On-road),1,15.0,1000 L,43.32
3099,2564,12,อากาศอำนวย,การขนส่งทางถนน (On-road),1,47.9,1000 L,144.44
3100,2562,7,ส่องดาว,การขนส่งทางถนน (On-road),1,37.0,1000 L,102.82
3101,2562,1,ภูพาน,ปศุสัตว์ (Livestock),1,183.8,unit,139.64
3102,2563,4,บ้านม่วง,การปลูกข้าว (Rice),1,111.7,ไร่ (rai),146.65
3103,2562,7,เต่างอย,พลังงานที่พักอาศัย (Residential),2,209.2,1000 kWh,120.13
3104,2563,10,นิคมน้ำอูน,การปลูกข้าว (Rice),1,69.6,ไร่ (rai),75.52
3105,2562,12,นิคมน้ำอูน,การขนส่งทางถนน (On-road),1,45.8,1000 L,119.37
3106,2563,6,วาริชภูมิ,การปลูกข้าว (Rice),1,63.7,ไร่ (rai),69.52
3107,2563,7,อากาศอำนวย,พลังงานธุรกิจ (Commercial),2,206.4,unit,106.14
3108,2562,4,คำตากล้า,พลังงานที่พักอาศัย (Residential),2,170.8,1000 kWh,88.25
3109,2563,12,พรรณานิคม,การปลูกข้าว (Rice),1,87.8,ไร่ (rai),106.8
3110,2564,3,เมืองสกลนคร,น้ำเสีย (Wastewater),1,232.6,unit,121.71
3111,2562,4,โคกศรีสุพรรณ,ปศุสัตว์ (Livestock),1,128.1,unit,114.3
3112,2563,10,โพนนาแก้ว,การปลูกข้าว (Rice),1,97.5,ไร่ (rai),110.47
3113,2562,3,คำตากล้า,การปลูกข้าว (Rice),1,171.6,ไร่ (rai),176.84
3114,2564,1,เมืองสกลนคร,พลังงานที่พักอาศัย (Residential),2,182.5,1000 kWh,94.72
3115,2562,9,นิคมน้ำอูน,การปลูกข้าว (Rice),1,88.4,ไร่ (rai),102.5
3116,2562,8,ภูพาน,การปลูกข้าว (Rice),1,73.4,ไร่ (rai),89.33
3117,2564,7,เมืองสกลนคร,การปลูกข้าว (Rice),1,56.8,ไร่ (rai),73.12
3118,2563,2,เมืองสกลนคร,พลังงานธุรกิจ (Commercial),2,48.0,unit,28.63
3119,2563,10,พังโคน,การปลูกข้าว (Rice),1,99.2,ไร่ (rai),130.96
3120,2564,4,กุสุมาลย์,การปลูกข้าว (Rice),1,38.0,ไร่ (rai),41.37
3121,2564,1,เต่างอย,การปลูกข้าว (Rice),1,107.3,ไร่ (rai),142.74
3122,2563,10,สว่างแดนดิน,การขนส่งทางถนน (On-road),1,48.1,1000 L,135.2
3123,2563,2,คำตากล้า,การปลูกข้าว (Rice),1,114.7,ไร่ (rai),121.16
3124,2564,8,พังโคน,การขนส่งทางถนน (On-road),1,23.3,1000 L,58.76
3125,2562,8,วาริชภูมิ,การปลูกข้าว (Rice),1,111.5,ไร่ (rai),124.16
3126,2564,3,นิคมน้ำอูน,การปลูกข้าว (Rice),1,71.4,ไร่ (rai),84.9
3127,2562,3,พรรณานิคม,ปศุสัตว์ (Livestock),1,45.8,unit,38.24
3128,2562,6,ส่องดาว,การปลูกข้าว (Rice),1,84.1,ไร่ (rai),109.36
3129,2562,12,เจริญศิลป์,การปลูกข้าว (Rice),1,47.3,ไร่ (rai),58.34
3130,2564,2,ค้อวัง,การขนส่งทางถนน (On-road),1,30.5,1000 L,86.82
3131,2564,3,วาริชภูมิ,ปศุสัตว์ (Livestock),1,189.8,unit,143.67
3132,2563,11,บ้านม่วง,การปลูกข้าว (Rice),1,137.7,ไร่ (rai),146.28
3133,2562,5,ค้อวัง,การขนส่งทางถนน (On-road),1,29.7,1000 L,79.21
3134,2562,12,พรรณานิคม,การปลูกข้าว (Rice),1,80.0,ไร่ (rai),101.26
3135,2563,11,พรรณานิคม,การปลูกข้าว (Rice),1,46.6,ไร่ (rai),56.95
3136,2562,6,พรรณานิคม,การปลูกข้าว (Rice),1,169.5,ไร่ (rai),219.52
3137,2564,10,สว่างแดนดิน,การปลูกข้าว (Rice),1,43.9,ไร่ (rai),56.93
3138,2562,10,เมืองสกลนคร,การปลูกข้าว (Rice),1,75.1,ไร่ (rai),99.75
3139,2564,8,เจริญศิลป์,การขนส่งทางถนน (On-road),1,9.4,1000 L,25.31
3140,2563,12,นิคมน้ำอูน,การขนส่งทางถนน (On-road),1,46.4,1000 L,120.16
3141,2564,2,โคกศรีสุพรรณ,การปลูกข้าว (Rice),1,80.0,ไร่ (rai),85.55
3142,2562,11,วาริชภูมิ,พลังงานธุรกิจ (Commercial),2,105.4,unit,58.17
3143,2563,11,พรรณานิคม,การขนส่งทางถนน (On-road),1,36.4,1000 L,106.19
3144,2563,9,วานรนิวาส,พลังงานที่พักอาศัย (Residential),2,244.6,1000 kWh,139.66
3145,2564,8,วานรนิวาส,การปลูกข้าว (Rice),1,97.5,ไร่ (rai),114.33
3146,2563,4,โคกศรีสุพรรณ,การขนส่งทางถนน (On-road),1,39.8,1000 L,117.55
3147,2562,8,เจริญศิลป์,การปลูกข้าว (Rice),1,107.0,ไร่ (rai),128.82
3148,2564,8,คำตากล้า,การปลูกข้าว (Rice),1,103.4,ไร่ (rai),109.59
3149,2563,1,วาริชภูมิ,การปลูกข้าว (Rice),1,117.1,ไร่ (rai),155.19
3150,2563,8,โคกศรีสุพรรณ,การปลูกข้าว (Rice),1,102.4,ไร่ (rai),135.48
3151,2562,7,พรรณานิคม,การขนส่งทางถนน (On-road),1,24.2,1000 L,66.23
3152,2562,9,ส่องดาว,การปลูกข้าว (Rice),1,90.4,ไร่ (rai),110.09
3153,2563,2,พรรณานิคม,พลังงานที่พักอาศัย (Residential),2,206.4,1000 kWh,101.7
3154,2564,6,อากาศอำนวย,การปลูกข้าว (Rice),1,118.5,ไร่ (rai),132.95
3155,2564,5,พังโคน,การปลูกข้าว (Rice),1,53.1,ไร่ (rai),61.13
3156,2564,11,โคกศรีสุพรรณ,การปลูกข้าว (Rice),1,119.2,ไร่ (rai),124.98
3157,2563,10,พรรณานิคม,พลังงานที่พักอาศัย (Residential),2,239.9,1000 kWh,109.91
3158,2564,3,เจริญศิลป์,น้ำเสีย (Wastewater),1,128.4,unit,68.6
3159,2564,10,กุสุมาลย์,การปลูกข้าว (Rice),1,128.3,ไร่ (rai),131.4
3160,2563,9,พรรณานิคม,การปลูกข้าว (Rice),1,70.1,ไร่ (rai),74.26
3161,2564,1,เมืองสกลนคร,พลังงานที่พักอาศัย (Residential),2,122.7,1000 kWh,54.23
3162,2564,11,วานรนิวาส,การขนส่งทางถนน (On-road),1,40.8,1000 L,110.05
3163,2564,6,วาริชภูมิ,ฝังกลบขยะ (Landfill),1,128.2,unit,102.0
3164,2563,2,เมืองสกลนคร,พลังงานที่พักอาศัย (Residential),2,219.6,1000 kWh,95.19
3165,2564,11,เต่างอย,ฝังกลบขยะ (Landfill),1,104.8,unit,93.9
3166,2562,10,สว่างแดนดิน,พลังงานที่พักอาศัย (Residential),2,255.2,1000 kWh,131.0
3167,2562,10,นิคมน้ำอูน,ปศุสัตว์ (Livestock),1,222.7,unit,162.1
3168,2562,9,ค้อวัง,การขนส่งทางถนน (On-road),1,15.0,1000 L,46.02
3169,2564,8,เจริญศิลป์,การขนส่งทางถนน (On-road),1,38.9,1000 L,94.45
3170,2564,3,คำตากล้า,การปลูกข้าว (Rice),1,47.4,ไร่ (rai),56.89
3171,2564,9,ค้อวัง,การปลูกข้าว (Rice),1,72.9,ไร่ (rai),75.21
3172,2562,8,กุสุมาลย์,การขนส่งทางถนน (On-road),1,38.4,1000 L,119.0
3173,2563,12,โพนนาแก้ว,การขนส่งทางถนน (On-road),1,65.3,1000 L,185.2
3174,2563,3,โพนนาแก้ว,ปศุสัตว์ (Livestock),1,151.3,unit,130.54
3175,2564,10,คำตากล้า,การปลูกข้าว (Rice),1,96.7,ไร่ (rai),129.53
3176,2562,2,ส่องดาว,ปศุสัตว์ (Livestock),1,121.7,unit,109.51
3177,2563,6,กุสุมาลย์,การขนส่งทางถนน (On-road),1,43.7,1000 L,129.22
3178,2564,9,นิคมน้ำอูน,การปลูกข้าว (Rice),1,50.5,ไร่ (rai),64.92
3179,2564,7,ภูพาน,การปลูกข้าว (Rice),1,78.1,ไร่ (rai),84.98
3180,2562,7,กุสุมาลย์,การขนส่งทางถนน (On-road),1,56.5,1000 L,174.0
3181,2563,10,นิคมน้ำอูน,ฝังกลบขยะ (Landfill),1,189.8,unit,133.31
3182,2564,12,เจริญศิลป์,การขนส่งทางถนน (On-road),1,41.9,1000 L,97.02
3183,2563,5,โคกศรีสุพรรณ,ปศุสัตว์ (Livestock),1,94.5,unit,65.24
3184,2564,5,กุสุมาลย์,การปลูกข้าว (Rice),1,40.1,ไร่ (rai),47.94
3185,2563,3,คำตากล้า,การขนส่งทางถนน (On-road),1,33.7,1000 L,97.97
3186,2564,7,ภูพาน,การปลูกข้าว (Rice),1,119.3,ไร่ (rai),125.34
3187,2563,9,เต่างอย,การขนส่งทางถนน (On-road),1,14.8,1000 L,42.22
3188,2564,7,โพนนาแก้ว,การปลูกข้าว (Rice),1,71.8,ไร่ (rai),87.91
3189,2564,1,โคกศรีสุพรรณ,การขนส่งทางถนน (On-road),1,35.5,1000 L,85.18
3190,2564,8,พรรณานิคม,การปลูกข้าว (Rice),1,81.1,ไร่ (rai),105.96
3191,2564,7,เมืองสกลนคร,การขนส่งทางถนน (On-road),1,47.0,1000 L,128.47
3192,2563,6,วาริชภูมิ,การขนส่งทางถนน (On-road),1,49.3,1000 L,143.28
3193,2564,1,โพนนาแก้ว,การปลูกข้าว (Rice),1,52.1,ไร่ (rai),60.22
3194,2562,8,วานรนิวาส,ปศุสัตว์ (Livestock),1,152.8,unit,132.39
3195,2563,3,บ้านม่วง,การปลูกข้าว (Rice),1,96.6,ไร่ (rai),106.69
3196,2563,8,ส่องดาว,ดินที่จัดการ (Managed soil),1,254.6,unit,143.83
3197,2564,8,เมืองสกลนคร,การปลูกข้าว (Rice),1,67.9,ไร่ (rai),70.61
3198,2563,7,เมืองสกลนคร,การปลูกข้าว (Rice),1,68.7,ไร่ (rai),74.77
3199,2562,7,เจริญศิลป์,พลังงานธุรกิจ (Commercial),2,136.0,unit,93.52
3200,2564,4,กุสุมาลย์,การปลูกข้าว (Rice),1,136.9,ไร่ (rai),144.58
3201,2562,8,ภูพาน,ดินที่จัดการ (Managed soil),1,214.6,unit,97.9
3202,2562,6,โพนนาแก้ว,การปลูกข้าว (Rice),1,52.6,ไร่ (rai),72.31
3203,2562,9,อากาศอำนวย,การปลูกข้าว (Rice),1,128.3,ไร่ (rai),132.8
3204,2562,2,ส่องดาว,การปลูกข้าว (Rice),1,96.5,ไร่ (rai),120.54
3205,2563,8,ส่องดาว,การปลูกข้าว (Rice),1,69.4,ไร่ (rai),83.38
3206,2563,3,ค้อวัง,ปศุสัตว์ (Livestock),1,83.0,unit,70.56
3207,2563,1,เต่างอย,การขนส่งทางถนน (On-road),1,56.3,1000 L,159.02
3208,2562,3,คำตากล้า,ปศุสัตว์ (Livestock),1,133.6,unit,103.59
3209,2562,6,วานรนิวาส,การปลูกข้าว (Rice),1,135.4,ไร่ (rai),157.95
3210,2563,7,นิคมน้ำอูน,การปลูกข้าว (Rice),1,81.6,ไร่ (rai),88.49
3211,2562,7,วานรนิวาส,การปลูกข้าว (Rice),1,105.5,ไร่ (rai),119.53
3212,2563,12,อากาศอำนวย,การขนส่งทางถนน (On-road),1,34.1,1000 L,97.26
3213,2564,11,ส่องดาว,การปลูกข้าว (Rice),1,79.0,ไร่ (rai),97.89
3214,2564,5,โพนนาแก้ว,การปลูกข้าว (Rice),1,83.5,ไร่ (rai),100.54
3215,2562,1,ส่องดาว,ดินที่จัดการ (Managed soil),1,302.6,unit,155.55
3216,2563,2,วานรนิวาส,การปลูกข้าว (Rice),1,95.7,ไร่ (rai),107.36
3217,2563,8,ค้อวัง,การปลูกข้าว (Rice),1,45.4,ไร่ (rai),53.7
3218,2564,7,พังโคน,การปลูกข้าว (Rice),1,56.4,ไร่ (rai),76.52
3219,2562,11,ค้อวัง,การขนส่งทางถนน (On-road),1,36.2,1000 L,89.48
3220,2564,11,โพนนาแก้ว,ปศุสัตว์ (Livestock),1,88.8,unit,65.98
3221,2562,5,เจริญศิลป์,การปลูกข้าว (Rice),1,110.2,ไร่ (rai),130.85
3222,2564,3,โพนนาแก้ว,การขนส่งทางถนน (On-road),1,15.5,1000 L,47.4
3223,2564,1,โคกศรีสุพรรณ,การขนส่งทางถนน (On-road),1,64.6,1000 L,166.18
3224,2564,12,พรรณานิคม,การขนส่งทางถนน (On-road),1,21.0,1000 L,61.14
3225,2564,11,โพนนาแก้ว,การขนส่งทางถนน (On-road),1,39.6,1000 L,118.43
3226,2563,5,โคกศรีสุพรรณ,การปลูกข้าว (Rice),1,84.5,ไร่ (rai),96.97
3227,2563,5,อากาศอำนวย,การปลูกข้าว (Rice),1,25.1,ไร่ (rai),27.31
3228,2564,4,พรรณานิคม,การขนส่งทางถนน (On-road),1,52.0,1000 L,155.47
3229,2564,12,สว่างแดนดิน,การปลูกข้าว (Rice),1,51.7,ไร่ (rai),70.72
3230,2563,7,เต่างอย,การปลูกข้าว (Rice),1,128.5,ไร่ (rai),146.2
3231,2564,7,โพนนาแก้ว,พลังงานธุรกิจ (Commercial),2,240.9,unit,134.12
3232,2563,2,เจริญศิลป์,ฝังกลบขยะ (Landfill),1,192.1,unit,149.45
3233,2564,3,นิคมน้ำอูน,การขนส่งทางถนน (On-road),1,50.1,1000 L,136.64
3234,2564,7,สว่างแดนดิน,การขนส่งทางถนน (On-road),1,5.9,1000 L,16.09
3235,2563,12,บ้านม่วง,การปลูกข้าว (Rice),1,127.4,ไร่ (rai),172.37
3236,2564,10,วาริชภูมิ,การปลูกข้าว (Rice),1,20.1,ไร่ (rai),21.52
3237,2562,8,ส่องดาว,ปศุสัตว์ (Livestock),1,101.7,unit,81.9
3238,2562,9,ภูพาน,การปลูกข้าว (Rice),1,112.1,ไร่ (rai),147.11
3239,2563,4,วาริชภูมิ,ปศุสัตว์ (Livestock),1,138.6,unit,121.44
3240,2564,5,ภูพาน,การขนส่งทางถนน (On-road),1,9.5,1000 L,28.14
3241,2563,8,เมืองสกลนคร,พลังงานธุรกิจ (Commercial),2,193.0,unit,98.72
3242,2562,9,คำตากล้า,พลังงานที่พักอาศัย (Residential),2,239.6,1000 kWh,103.97
3243,2563,11,พรรณานิคม,ดินที่จัดการ (Managed soil),1,334.1,unit,150.01
3244,2564,12,วาริชภูมิ,การปลูกข้าว (Rice),1,136.2,ไร่ (rai),142.23
3245,2562,7,โคกศรีสุพรรณ,ปศุสัตว์ (Livestock),1,198.6,unit,138.87
3246,2563,7,อากาศอำนวย,การปลูกข้าว (Rice),1,96.2,ไร่ (rai),110.85
3247,2563,4,คำตากล้า,ปศุสัตว์ (Livestock),1,115.9,unit,85.92
3248,2562,8,ส่องดาว,การปลูกข้าว (Rice),1,139.7,ไร่ (rai),167.22
3249,2562,5,กุสุมาลย์,การปลูกข้าว (Rice),1,73.2,ไร่ (rai),82.94
3250,2564,9,พังโคน,ปศุสัตว์ (Livestock),1,162.4,unit,149.01
3251,2564,9,ภูพาน,การปลูกข้าว (Rice),1,117.4,ไร่ (rai),154.85
3252,2564,8,โพนนาแก้ว,การขนส่งทางถนน (On-road),1,39.3,1000 L,94.84
3253,2563,10,เต่างอย,ปศุสัตว์ (Livestock),1,110.7,unit,79.65
3254,2562,10,คำตากล้า,ฝังกลบขยะ (Landfill),1,171.1,unit,143.12
3255,2562,6,โคกศรีสุพรรณ,การปลูกข้าว (Rice),1,91.2,ไร่ (rai),99.28
3256,2564,6,วานรนิวาส,การปลูกข้าว (Rice),1,82.9,ไร่ (rai),102.06
3257,2562,2,วาริชภูมิ,การปลูกข้าว (Rice),1,164.0,ไร่ (rai),178.46
3258,2563,10,วานรนิวาส,การปลูกข้าว (Rice),1,68.1,ไร่ (rai),78.0
3259,2564,11,พังโคน,การปลูกข้าว (Rice),1,103.9,ไร่ (rai),120.86
3260,2564,7,ส่องดาว,การปลูกข้าว (Rice),1,89.1,ไร่ (rai),110.67
3261,2562,6,ภูพาน,การปลูกข้าว (Rice),1,94.7,ไร่ (rai),123.43
3262,2562,9,กุสุมาลย์,ดินที่จัดการ (Managed soil),1,159.6,unit,74.33
3263,2563,11,โคกศรีสุพรรณ,การขนส่งทางถนน (On-road),1,25.5,1000 L,73.36
3264,2562,10,นิคมน้ำอูน,การปลูกข้าว (Rice),1,78.6,ไร่ (rai),98.21
3265,2564,9,บ้านม่วง,การปลูกข้าว (Rice),1,63.4,ไร่ (rai),65.4
3266,2562,10,วาริชภูมิ,การปลูกข้าว (Rice),1,115.3,ไร่ (rai),157.05
3267,2563,3,วานรนิวาส,การปลูกข้าว (Rice),1,67.0,ไร่ (rai),75.85
3268,2564,6,โพนนาแก้ว,การขนส่งทางถนน (On-road),1,37.7,1000 L,110.65
3269,2562,8,กุสุมาลย์,การปลูกข้าว (Rice),1,94.8,ไร่ (rai),111.25
3270,2564,8,เมืองสกลนคร,พลังงานที่พักอาศัย (Residential),2,148.3,1000 kWh,66.63
3271,2563,4,สว่างแดนดิน,การปลูกข้าว (Rice),1,99.7,ไร่ (rai),124.29
3272,2563,12,คำตากล้า,การปลูกข้าว (Rice),1,78.4,ไร่ (rai),84.57
3273,2562,6,สว่างแดนดิน,ปศุสัตว์ (Livestock),1,213.5,unit,194.11
3274,2564,9,เมืองสกลนคร,การปลูกข้าว (Rice),1,78.5,ไร่ (rai),97.79
3275,2563,9,กุสุมาลย์,การปลูกข้าว (Rice),1,163.1,ไร่ (rai),176.89
3276,2564,12,เมืองสกลนคร,การปลูกข้าว (Rice),1,89.5,ไร่ (rai),122.75
3277,2563,6,วานรนิวาส,ปศุสัตว์ (Livestock),1,178.6,unit,139.67
3278,2564,8,กุสุมาลย์,การขนส่งทางถนน (On-road),1,63.6,1000 L,190.59
3279,2564,9,คำตากล้า,การปลูกข้าว (Rice),1,102.7,ไร่ (rai),126.08
3280,2562,3,วาริชภูมิ,การปลูกข้าว (Rice),1,87.0,ไร่ (rai),103.73
3281,2563,11,เต่างอย,ปศุสัตว์ (Livestock),1,175.4,unit,144.79
3282,2562,1,อากาศอำนวย,การปลูกข้าว (Rice),1,106.3,ไร่ (rai),111.22
3283,2563,11,คำตากล้า,การขนส่งทางถนน (On-road),1,49.7,1000 L,148.74
3284,2564,10,พรรณานิคม,ดินที่จัดการ (Managed soil),1,97.0,unit,54.23
3285,2562,9,กุสุมาลย์,การปลูกข้าว (Rice),1,112.5,ไร่ (rai),154.5
3286,2562,11,วาริชภูมิ,การปลูกข้าว (Rice),1,82.4,ไร่ (rai),93.87
3287,2563,4,วานรนิวาส,การขนส่งทางถนน (On-road),1,46.3,1000 L,143.47
3288,2564,4,อากาศอำนวย,การปลูกข้าว (Rice),1,82.0,ไร่ (rai),111.64
3289,2563,3,อากาศอำนวย,การปลูกข้าว (Rice),1,85.0,ไร่ (rai),110.95
3290,2564,1,สว่างแดนดิน,น้ำเสีย (Wastewater),1,201.7,unit,108.6
3291,2563,7,เต่างอย,การปลูกข้าว (Rice),1,33.5,ไร่ (rai),41.07
3292,2563,7,กุสุมาลย์,ดินที่จัดการ (Managed soil),1,96.5,unit,49.96
3293,2562,3,เจริญศิลป์,การปลูกข้าว (Rice),1,42.1,ไร่ (rai),44.06
3294,2564,11,ส่องดาว,การขนส่งทางถนน (On-road),1,37.9,1000 L,96.07
3295,2562,3,สว่างแดนดิน,ปศุสัตว์ (Livestock),1,156.9,unit,112.41
3296,2563,4,อากาศอำนวย,ฝังกลบขยะ (Landfill),1,72.6,unit,65.73
3297,2564,12,สว่างแดนดิน,การปลูกข้าว (Rice),1,41.1,ไร่ (rai),44.11
3298,2563,3,โพนนาแก้ว,การปลูกข้าว (Rice),1,94.0,ไร่ (rai),110.69
3299,2563,8,โพนนาแก้ว,การปลูกข้าว (Rice),1,59.3,ไร่ (rai),62.81
3300,2562,4,วานรนิวาส,การปลูกข้าว (Rice),1,55.8,ไร่ (rai),59.58
3301,2563,9,อากาศอำนวย,การปลูกข้าว (Rice),1,50.3,ไร่ (rai),57.74
3302,2564,10,โพนนาแก้ว,การปลูกข้าว (Rice),1,116.0,ไร่ (rai),142.59
3303,2562,5,บ้านม่วง,การขนส่งทางถนน (On-road),1,50.8,1000 L,121.58
3304,2563,9,บ้านม่วง,การปลูกข้าว (Rice),1,78.3,ไร่ (rai),102.85
3305,2562,12,นิคมน้ำอูน,การขนส่งทางถนน (On-road),1,41.4,1000 L,102.24
3306,2564,11,วาริชภูมิ,ปศุสัตว์ (Livestock),1,156.4,unit,115.4
3307,2562,10,คำตากล้า,การปลูกข้าว (Rice),1,132.4,ไร่ (rai),149.8
3308,2563,12,คำตากล้า,ปศุสัตว์ (Livestock),1,53.5,unit,47.85
3309,2564,12,เมืองสกลนคร,การขนส่งทางถนน (On-road),1,64.0,1000 L,155.93
3310,2562,8,สว่างแดนดิน,การปลูกข้าว (Rice),1,141.4,ไร่ (rai),180.6
3311,2563,3,ส่องดาว,พลังงานธุรกิจ (Commercial),2,133.2,unit,85.94
3312,2563,10,ภูพาน,การขนส่งทางถนน (On-road),1,28.6,1000 L,77.39
3313,2564,6,เมืองสกลนคร,การขนส่งทางถนน (On-road),1,35.7,1000 L,110.49
3314,2564,8,วาริชภูมิ,พลังงานที่พักอาศัย (Residential),2,169.0,1000 kWh,85.4
3315,2564,11,เจริญศิลป์,การขนส่งทางถนน (On-road),1,31.1,1000 L,75.05
3316,2564,7,ค้อวัง,การปลูกข้าว (Rice),1,47.5,ไร่ (rai),59.01
3317,2562,5,บ้านม่วง,พลังงานธุรกิจ (Commercial),2,321.1,unit,187.98
3318,2564,11,กุสุมาลย์,การปลูกข้าว (Rice),1,26.8,ไร่ (rai),34.0
3319,2564,4,สว่างแดนดิน,การปลูกข้าว (Rice),1,141.5,ไร่ (rai),156.23
3320,2563,3,กุสุมาลย์,การปลูกข้าว (Rice),1,105.3,ไร่ (rai),121.08
3321,2562,4,วานรนิวาส,การขนส่งทางถนน (On-road),1,29.2,1000 L,78.88
3322,2564,10,เมืองสกลนคร,การปลูกข้าว (Rice),1,118.1,ไร่ (rai),129.0
3323,2563,6,โคกศรีสุพรรณ,พลังงานธุรกิจ (Commercial),2,97.2,unit,52.05
3324,2563,9,กุสุมาลย์,การปลูกข้าว (Rice),1,81.2,ไร่ (rai),105.13
3325,2563,4,อากาศอำนวย,ปศุสัตว์ (Livestock),1,212.7,unit,162.28
3326,2563,6,วานรนิวาส,การปลูกข้าว (Rice),1,46.4,ไร่ (rai),63.34
3327,2563,7,พรรณานิคม,การปลูกข้าว (Rice),1,48.4,ไร่ (rai),50.69
3328,2563,12,เมืองสกลนคร,ปศุสัตว์ (Livestock),1,41.3,unit,34.58
3329,2562,9,วาริชภูมิ,ปศุสัตว์ (Livestock),1,93.3,unit,64.29
3330,2564,8,กุสุมาลย์,ปศุสัตว์ (Livestock),1,121.4,unit,89.23
3331,2563,1,เจริญศิลป์,น้ำเสีย (Wastewater),1,151.8,unit,64.75
3332,2562,2,ภูพาน,การขนส่งทางถนน (On-road),1,74.6,1000 L,214.79
3333,2564,3,พรรณานิคม,การขนส่งทางถนน (On-road),1,23.9,1000 L,56.27
3334,2562,6,อากาศอำนวย,การปลูกข้าว (Rice),1,57.2,ไร่ (rai),62.35
3335,2564,4,เจริญศิลป์,พลังงานที่พักอาศัย (Residential),2,326.8,1000 kWh,182.87
3336,2563,11,วานรนิวาส,การปลูกข้าว (Rice),1,54.1,ไร่ (rai),57.25
3337,2562,7,โคกศรีสุพรรณ,การปลูกข้าว (Rice),1,113.3,ไร่ (rai),146.77
3338,2564,10,ภูพาน,ดินที่จัดการ (Managed soil),1,188.3,unit,89.02
3339,2562,1,นิคมน้ำอูน,ปศุสัตว์ (Livestock),1,117.7,unit,92.96
3340,2563,7,นิคมน้ำอูน,การปลูกข้าว (Rice),1,88.6,ไร่ (rai),93.76
3341,2564,2,สว่างแดนดิน,การปลูกข้าว (Rice),1,133.0,ไร่ (rai),146.31
3342,2563,9,โคกศรีสุพรรณ,การปลูกข้าว (Rice),1,65.7,ไร่ (rai),78.64
3343,2562,7,คำตากล้า,การปลูกข้าว (Rice),1,76.7,ไร่ (rai),99.1
3344,2563,2,พังโคน,การปลูกข้าว (Rice),1,90.3,ไร่ (rai),117.18
3345,2563,8,วาริชภูมิ,การขนส่งทางถนน (On-road),1,59.8,1000 L,163.68
3346,2564,5,อากาศอำนวย,พลังงานที่พักอาศัย (Residential),2,164.3,1000 kWh,90.24
3347,2562,6,คำตากล้า,การปลูกข้าว (Rice),1,132.7,ไร่ (rai),138.03
3348,2564,3,ส่องดาว,การปลูกข้าว (Rice),1,67.3,ไร่ (rai),84.69
3349,2564,5,ภูพาน,การปลูกข้าว (Rice),1,88.5,ไร่ (rai),93.2
3350,2562,5,โพนนาแก้ว,การปลูกข้าว (Rice),1,61.3,ไร่ (rai),84.2
3351,2563,1,เมืองสกลนคร,พลังงานธุรกิจ (Commercial),2,53.1,unit,27.96
3352,2563,3,เจริญศิลป์,การขนส่งทางถนน (On-road),1,36.0,1000 L,88.86
3353,2563,5,วานรนิวาส,การปลูกข้าว (Rice),1,25.3,ไร่ (rai),27.1
3354,2563,1,วาริชภูมิ,ปศุสัตว์ (Livestock),1,155.3,unit,125.7
3355,2563,7,ภูพาน,ฝังกลบขยะ (Landfill),1,171.3,unit,153.32
3356,2562,1,กุสุมาลย์,การปลูกข้าว (Rice),1,118.6,ไร่ (rai),133.2
3357,2563,8,บ้านม่วง,การขนส่งทางถนน (On-road),1,52.8,1000 L,148.76
3358,2563,2,อากาศอำนวย,การปลูกข้าว (Rice),1,92.8,ไร่ (rai),110.39
3359,2562,3,ค้อวัง,การปลูกข้าว (Rice),1,164.5,ไร่ (rai),218.97
3360,2562,8,ค้อวัง,การปลูกข้าว (Rice),1,44.6,ไร่ (rai),49.79
3361,2564,1,อากาศอำนวย,ปศุสัตว์ (Livestock),1,5.0,unit,3.67
3362,2562,11,วานรนิวาส,การปลูกข้าว (Rice),1,78.7,ไร่ (rai),83.36
3363,2564,9,อากาศอำนวย,พลังงานธุรกิจ (Commercial),2,141.2,unit,75.77
3364,2563,8,พังโคน,การปลูกข้าว (Rice),1,81.5,ไร่ (rai),106.54
3365,2562,9,พังโคน,การปลูกข้าว (Rice),1,42.8,ไร่ (rai),46.61
3366,2563,10,ภูพาน,ดินที่จัดการ (Managed soil),1,294.0,unit,150.32
3367,2563,7,พังโคน,การปลูกข้าว (Rice),1,80.6,ไร่ (rai),89.95
3368,2562,1,วาริชภูมิ,การขนส่งทางถนน (On-road),1,66.1,1000 L,194.63
3369,2562,7,ส่องดาว,การปลูกข้าว (Rice),1,76.1,ไร่ (rai),87.66
3370,2564,12,เจริญศิลป์,การขนส่งทางถนน (On-road),1,54.4,1000 L,131.62
3371,2562,4,อากาศอำนวย,ดินที่จัดการ (Managed soil),1,330.2,unit,148.14
3372,2562,9,วาริชภูมิ,ปศุสัตว์ (Livestock),1,165.2,unit,140.89
3373,2562,1,ส่องดาว,การปลูกข้าว (Rice),1,118.1,ไร่ (rai),144.05
3374,2563,7,พังโคน,ดินที่จัดการ (Managed soil),1,188.7,unit,82.59
3375,2564,2,เมืองสกลนคร,การปลูกข้าว (Rice),1,149.1,ไร่ (rai),165.07
3376,2562,5,บ้านม่วง,ฝังกลบขยะ (Landfill),1,184.7,unit,156.46
3377,2563,12,กุสุมาลย์,การปลูกข้าว (Rice),1,40.2,ไร่ (rai),46.43
3378,2563,12,พรรณานิคม,การปลูกข้าว (Rice),1,76.2,ไร่ (rai),91.58
3379,2563,5,พังโคน,การขนส่งทางถนน (On-road),1,19.9,1000 L,52.91
3380,2563,7,ภูพาน,การปลูกข้าว (Rice),1,74.5,ไร่ (rai),101.06
3381,2564,10,ภูพาน,การปลูกข้าว (Rice),1,126.9,ไร่ (rai),140.46
3382,2563,5,อากาศอำนวย,การปลูกข้าว (Rice),1,67.5,ไร่ (rai),87.89
3383,2562,4,เมืองสกลนคร,การปลูกข้าว (Rice),1,115.4,ไร่ (rai),130.22
3384,2564,3,อากาศอำนวย,การขนส่งทางถนน (On-road),1,48.8,1000 L,126.79
3385,2564,3,เต่างอย,น้ำเสีย (Wastewater),1,232.5,unit,101.74
3386,2564,10,นิคมน้ำอูน,การปลูกข้าว (Rice),1,127.9,ไร่ (rai),138.42
3387,2562,3,ค้อวัง,พลังงานธุรกิจ (Commercial),2,259.6,unit,138.91
3388,2562,11,วานรนิวาส,พลังงานธุรกิจ (Commercial),2,54.0,unit,31.26
3389,2562,6,กุสุมาลย์,ปศุสัตว์ (Livestock),1,204.1,unit,150.04
3390,2564,11,สว่างแดนดิน,การขนส่งทางถนน (On-road),1,48.0,1000 L,121.14
3391,2564,11,โพนนาแก้ว,การขนส่งทางถนน (On-road),1,36.5,1000 L,104.73
3392,2563,6,สว่างแดนดิน,การปลูกข้าว (Rice),1,118.8,ไร่ (rai),133.14
3393,2564,1,คำตากล้า,การขนส่งทางถนน (On-road),1,57.7,1000 L,154.38
3394,2562,9,บ้านม่วง,พลังงานธุรกิจ (Commercial),2,151.1,unit,80.25
3395,2563,8,นิคมน้ำอูน,พลังงานธุรกิจ (Commercial),2,167.9,unit,114.68
3396,2564,3,ภูพาน,การขนส่งทางถนน (On-road),1,61.4,1000 L,154.87
3397,2562,2,เมืองสกลนคร,การปลูกข้าว (Rice),1,75.2,ไร่ (rai),98.08
3398,2564,7,สว่างแดนดิน,ดินที่จัดการ (Managed soil),1,173.0,unit,92.96
3399,2563,10,พรรณานิคม,การปลูกข้าว (Rice),1,99.4,ไร่ (rai),126.6
3400,2563,1,สว่างแดนดิน,การขนส่งทางถนน (On-road),1,56.7,1000 L,155.48
3401,2563,12,วานรนิวาส,การปลูกข้าว (Rice),1,77.0,ไร่ (rai),89.64
3402,2562,3,คำตากล้า,พลังงานธุรกิจ (Commercial),2,238.0,unit,164.13
3403,2563,2,ส่องดาว,การปลูกข้าว (Rice),1,113.2,ไร่ (rai),143.05
3404,2564,12,กุสุมาลย์,การปลูกข้าว (Rice),1,133.9,ไร่ (rai),176.72
3405,2563,10,ส่องดาว,ปศุสัตว์ (Livestock),1,141.3,unit,101.44
3406,2564,6,อากาศอำนวย,การขนส่งทางถนน (On-road),1,45.3,1000 L,121.12
3407,2564,7,คำตากล้า,พลังงานธุรกิจ (Commercial),2,88.2,unit,60.45
3408,2564,2,คำตากล้า,การปลูกข้าว (Rice),1,110.3,ไร่ (rai),123.15
3409,2562,4,วานรนิวาส,พลังงานธุรกิจ (Commercial),2,139.4,unit,93.74
3410,2564,9,อากาศอำนวย,ปศุสัตว์ (Livestock),1,80.7,unit,61.21
3411,2564,1,สว่างแดนดิน,การปลูกข้าว (Rice),1,57.5,ไร่ (rai),72.33
3412,2563,8,นิคมน้ำอูน,น้ำเสีย (Wastewater),1,190.8,unit,99.94
3413,2564,4,อากาศอำนวย,การขนส่งทางถนน (On-road),1,22.2,1000 L,65.27
3414,2562,6,วานรนิวาส,การปลูกข้าว (Rice),1,72.9,ไร่ (rai),93.12
3415,2564,1,นิคมน้ำอูน,การขนส่งทางถนน (On-road),1,49.6,1000 L,129.75
3416,2563,4,กุสุมาลย์,พลังงานธุรกิจ (Commercial),2,211.2,unit,110.42
3417,2563,2,นิคมน้ำอูน,การปลูกข้าว (Rice),1,145.0,ไร่ (rai),173.92
3418,2564,11,เต่างอย,การปลูกข้าว (Rice),1,84.9,ไร่ (rai),89.88
3419,2562,9,กุสุมาลย์,การปลูกข้าว (Rice),1,128.1,ไร่ (rai),142.11
3420,2563,10,ค้อวัง,การปลูกข้าว (Rice),1,87.9,ไร่ (rai),90.58
3421,2564,10,บ้านม่วง,การปลูกข้าว (Rice),1,74.4,ไร่ (rai),95.2
3422,2563,5,เจริญศิลป์,การปลูกข้าว (Rice),1,36.7,ไร่ (rai),49.46
3423,2563,12,ภูพาน,การขนส่งทางถนน (On-road),1,54.1,1000 L,132.76
3424,2563,1,ส่องดาว,ปศุสัตว์ (Livestock),1,233.0,unit,165.03
3425,2563,6,สว่างแดนดิน,พลังงานที่พักอาศัย (Residential),2,69.2,1000 kWh,35.76
3426,2563,6,ส่องดาว,การขนส่งทางถนน (On-road),1,30.1,1000 L,89.82
3427,2563,5,ค้อวัง,การปลูกข้าว (Rice),1,150.9,ไร่ (rai),185.07
3428,2562,6,โคกศรีสุพรรณ,การขนส่งทางถนน (On-road),1,61.0,1000 L,167.25
3429,2564,1,ส่องดาว,ปศุสัตว์ (Livestock),1,142.2,unit,123.79
3430,2562,5,พรรณานิคม,การปลูกข้าว (Rice),1,141.1,ไร่ (rai),156.38
3431,2562,4,เจริญศิลป์,การปลูกข้าว (Rice),1,69.8,ไร่ (rai),92.71
3432,2562,3,พรรณานิคม,การปลูกข้าว (Rice),1,87.1,ไร่ (rai),109.31
3433,2562,6,พรรณานิคม,การปลูกข้าว (Rice),1,77.2,ไร่ (rai),101.24
3434,2563,6,ค้อวัง,การปลูกข้าว (Rice),1,48.0,ไร่ (rai),57.28
3435,2562,2,ภูพาน,การปลูกข้าว (Rice),1,75.2,ไร่ (rai),101.92
3436,2564,6,ค้อวัง,การปลูกข้าว (Rice),1,65.4,ไร่ (rai),84.66
3437,2562,2,โคกศรีสุพรรณ,การปลูกข้าว (Rice),1,67.9,ไร่ (rai),73.0
3438,2562,12,ส่องดาว,การปลูกข้าว (Rice),1,96.5,ไร่ (rai),117.66
3439,2563,11,บ้านม่วง,การปลูกข้าว (Rice),1,40.2,ไร่ (rai),52.75
3440,2563,2,ค้อวัง,ปศุสัตว์ (Livestock),1,61.4,unit,54.62
3441,2564,12,อากาศอำนวย,การปลูกข้าว (Rice),1,122.7,ไร่ (rai),133.44
3442,2563,1,ภูพาน,การปลูกข้าว (Rice),1,86.4,ไร่ (rai),93.34
3443,2562,8,เต่างอย,การปลูกข้าว (Rice),1,13.1,ไร่ (rai),15.09
3444,2563,7,บ้านม่วง,การปลูกข้าว (Rice),1,69.1,ไร่ (rai),83.37
3445,2564,9,โคกศรีสุพรรณ,การปลูกข้าว (Rice),1,143.5,ไร่ (rai),171.61
3446,2563,5,โพนนาแก้ว,ปศุสัตว์ (Livestock),1,50.5,unit,39.77
3447,2564,3,ภูพาน,ปศุสัตว์ (Livestock),1,108.1,unit,83.28
3448,2563,2,เต่างอย,พลังงานที่พักอาศัย (Residential),2,285.9,1000 kWh,129.46
3449,2562,6,วาริชภูมิ,การปลูกข้าว (Rice),1,88.6,ไร่ (rai),111.86
3450,2562,3,โพนนาแก้ว,การปลูกข้าว (Rice),1,85.7,ไร่ (rai),107.81
3451,2563,10,วานรนิวาส,การปลูกข้าว (Rice),1,67.7,ไร่ (rai),84.63
3452,2564,6,ส่องดาว,การปลูกข้าว (Rice),1,34.1,ไร่ (rai),45.96
3453,2563,4,พรรณานิคม,การขนส่งทางถนน (On-road),1,43.6,1000 L,132.43
3454,2564,7,ภูพาน,ปศุสัตว์ (Livestock),1,173.0,unit,135.29
3455,2564,11,วานรนิวาส,ฝังกลบขยะ (Landfill),1,103.3,unit,73.17
3456,2564,5,โคกศรีสุพรรณ,การขนส่งทางถนน (On-road),1,32.1,1000 L,93.35
3457,2563,12,ภูพาน,การปลูกข้าว (Rice),1,57.8,ไร่ (rai),79.75
3458,2563,12,นิคมน้ำอูน,พลังงานธุรกิจ (Commercial),2,305.3,unit,160.62
3459,2563,12,อากาศอำนวย,การปลูกข้าว (Rice),1,46.6,ไร่ (rai),49.85
3460,2562,8,อากาศอำนวย,การปลูกข้าว (Rice),1,62.8,ไร่ (rai),77.77
3461,2562,11,เต่างอย,พลังงานธุรกิจ (Commercial),2,194.4,unit,128.25
3462,2563,10,โคกศรีสุพรรณ,ปศุสัตว์ (Livestock),1,153.6,unit,126.26
3463,2562,9,วาริชภูมิ,การขนส่งทางถนน (On-road),1,40.0,1000 L,113.94
3464,2564,3,วาริชภูมิ,การปลูกข้าว (Rice),1,106.5,ไร่ (rai),137.43
3465,2563,9,เมืองสกลนคร,การปลูกข้าว (Rice),1,33.1,ไร่ (rai),38.23
3466,2562,7,ค้อวัง,การปลูกข้าว (Rice),1,64.2,ไร่ (rai),71.49
3467,2564,10,บ้านม่วง,การปลูกข้าว (Rice),1,113.3,ไร่ (rai),131.01
3468,2562,12,พังโคน,การปลูกข้าว (Rice),1,99.2,ไร่ (rai),134.21
3469,2564,2,ภูพาน,ปศุสัตว์ (Livestock),1,88.5,unit,72.38
3470,2564,3,ภูพาน,ฝังกลบขยะ (Landfill),1,141.6,unit,121.52
3471,2562,12,ภูพาน,การปลูกข้าว (Rice),1,75.4,ไร่ (rai),85.84
3472,2563,3,ค้อวัง,พลังงานที่พักอาศัย (Residential),2,139.7,1000 kWh,66.22
3473,2562,2,บ้านม่วง,การขนส่งทางถนน (On-road),1,18.2,1000 L,45.1
3474,2562,9,ส่องดาว,ปศุสัตว์ (Livestock),1,96.5,unit,82.53
3475,2562,10,พรรณานิคม,การขนส่งทางถนน (On-road),1,66.8,1000 L,169.02
3476,2564,10,วานรนิวาส,การปลูกข้าว (Rice),1,65.8,ไร่ (rai),78.74
3477,2563,7,วาริชภูมิ,การปลูกข้าว (Rice),1,97.3,ไร่ (rai),134.13
3478,2564,10,โพนนาแก้ว,การขนส่งทางถนน (On-road),1,32.5,1000 L,82.42
3479,2562,6,โพนนาแก้ว,ดินที่จัดการ (Managed soil),1,261.7,unit,119.95
3480,2562,12,เต่างอย,ปศุสัตว์ (Livestock),1,146.4,unit,108.9
3481,2563,3,บ้านม่วง,การปลูกข้าว (Rice),1,91.3,ไร่ (rai),108.57
3482,2564,1,พังโคน,การปลูกข้าว (Rice),1,72.2,ไร่ (rai),77.66
3483,2562,11,คำตากล้า,ปศุสัตว์ (Livestock),1,207.5,unit,170.43
3484,2564,12,โคกศรีสุพรรณ,การปลูกข้าว (Rice),1,23.0,ไร่ (rai),25.61
3485,2564,10,อากาศอำนวย,การขนส่งทางถนน (On-road),1,30.5,1000 L,74.92
3486,2563,12,สว่างแดนดิน,การขนส่งทางถนน (On-road),1,63.5,1000 L,184.48
3487,2563,6,เจริญศิลป์,การปลูกข้าว (Rice),1,64.8,ไร่ (rai),72.52
3488,2562,1,เมืองสกลนคร,การปลูกข้าว (Rice),1,123.8,ไร่ (rai),158.32
3489,2564,9,ภูพาน,การปลูกข้าว (Rice),1,106.4,ไร่ (rai),128.96
3490,2564,9,นิคมน้ำอูน,ปศุสัตว์ (Livestock),1,106.1,unit,79.29
3491,2562,7,คำตากล้า,การปลูกข้าว (Rice),1,101.2,ไร่ (rai),128.86
3492,2562,12,กุสุมาลย์,พลังงานที่พักอาศัย (Residential),2,241.6,1000 kWh,106.74
3493,2563,4,วาริชภูมิ,ดินที่จัดการ (Managed soil),1,157.1,unit,79.04
3494,2563,10,อากาศอำนวย,พลังงานที่พักอาศัย (Residential),2,164.4,1000 kWh,91.38
3495,2563,6,สว่างแดนดิน,การปลูกข้าว (Rice),1,67.7,ไร่ (rai),86.71
3496,2563,11,โพนนาแก้ว,การปลูกข้าว (Rice),1,96.4,ไร่ (rai),113.77
3497,2562,9,วานรนิวาส,การขนส่งทางถนน (On-road),1,48.0,1000 L,127.76
3498,2563,11,อากาศอำนวย,การปลูกข้าว (Rice),1,70.2,ไร่ (rai),91.55
3499,2562,6,พังโคน,การปลูกข้าว (Rice),1,80.7,ไร่ (rai),104.73
3500,2563,5,พังโคน,น้ำเสีย (Wastewater),1,157.3,unit,79.65
3501,2564,11,ส่องดาว,พลังงานที่พักอาศัย (Residential),2,164.0,1000 kWh,76.31
3502,2563,1,ภูพาน,การขนส่งทางถนน (On-road),1,26.8,1000 L,77.79
3503,2563,8,เต่างอย,การปลูกข้าว (Rice),1,125.8,ไร่ (rai),136.95
3504,2564,3,คำตากล้า,ปศุสัตว์ (Livestock),1,145.3,unit,133.04
3505,2563,2,เต่างอย,การปลูกข้าว (Rice),1,86.8,ไร่ (rai),109.16
3506,2563,1,อากาศอำนวย,การปลูกข้าว (Rice),1,48.9,ไร่ (rai),63.93
3507,2562,10,สว่างแดนดิน,การปลูกข้าว (Rice),1,137.0,ไร่ (rai),187.67
3508,2562,7,นิคมน้ำอูน,ปศุสัตว์ (Livestock),1,193.1,unit,158.19
3509,2563,4,ภูพาน,การปลูกข้าว (Rice),1,122.4,ไร่ (rai),132.9
3510,2563,1,พรรณานิคม,การขนส่งทางถนน (On-road),1,52.7,1000 L,129.76
3511,2563,7,คำตากล้า,การปลูกข้าว (Rice),1,38.8,ไร่ (rai),52.73
3512,2563,6,นิคมน้ำอูน,การปลูกข้าว (Rice),1,111.4,ไร่ (rai),134.0
3513,2564,4,โพนนาแก้ว,การปลูกข้าว (Rice),1,99.7,ไร่ (rai),116.75
3514,2562,11,นิคมน้ำอูน,การปลูกข้าว (Rice),1,61.8,ไร่ (rai),70.86
3515,2562,3,ส่องดาว,การปลูกข้าว (Rice),1,35.1,ไร่ (rai),44.16
3516,2562,3,พรรณานิคม,ปศุสัตว์ (Livestock),1,97.2,unit,83.38
3517,2564,10,บ้านม่วง,การปลูกข้าว (Rice),1,53.4,ไร่ (rai),70.71
3518,2563,3,นิคมน้ำอูน,ดินที่จัดการ (Managed soil),1,113.6,unit,51.86
3519,2563,10,นิคมน้ำอูน,การปลูกข้าว (Rice),1,53.7,ไร่ (rai),64.18
3520,2562,11,ส่องดาว,ปศุสัตว์ (Livestock),1,138.2,unit,101.02
3521,2563,3,วานรนิวาส,ฝังกลบขยะ (Landfill),1,192.3,unit,132.7
3522,2564,6,โพนนาแก้ว,การปลูกข้าว (Rice),1,165.7,ไร่ (rai),220.79
3523,2563,6,เจริญศิลป์,การปลูกข้าว (Rice),1,120.9,ไร่ (rai),153.65
3524,2564,7,วานรนิวาส,การขนส่งทางถนน (On-road),1,43.6,1000 L,108.05
3525,2562,3,วานรนิวาส,การปลูกข้าว (Rice),1,98.7,ไร่ (rai),122.39
3526,2563,7,คำตากล้า,พลังงานที่พักอาศัย (Residential),2,54.9,1000 kWh,27.5
3527,2564,7,นิคมน้ำอูน,การปลูกข้าว (Rice),1,88.8,ไร่ (rai),96.91
3528,2562,7,เต่างอย,การขนส่งทางถนน (On-road),1,23.8,1000 L,62.08
3529,2564,8,สว่างแดนดิน,การขนส่งทางถนน (On-road),1,45.4,1000 L,122.94
3530,2562,3,เต่างอย,ปศุสัตว์ (Livestock),1,155.3,unit,116.19
3531,2563,6,เจริญศิลป์,การขนส่งทางถนน (On-road),1,32.1,1000 L,86.13
3532,2564,3,เจริญศิลป์,การขนส่งทางถนน (On-road),1,41.7,1000 L,125.43
3533,2562,1,นิคมน้ำอูน,ปศุสัตว์ (Livestock),1,149.0,unit,136.73
3534,2563,10,โคกศรีสุพรรณ,การปลูกข้าว (Rice),1,156.2,ไร่ (rai),179.63
3535,2562,11,คำตากล้า,การปลูกข้าว (Rice),1,63.3,ไร่ (rai),85.81
3536,2563,4,วานรนิวาส,พลังงานที่พักอาศัย (Residential),2,123.9,1000 kWh,69.22
3537,2564,1,บ้านม่วง,ดินที่จัดการ (Managed soil),1,179.1,unit,90.33
3538,2562,8,วานรนิวาส,การปลูกข้าว (Rice),1,151.0,ไร่ (rai),192.85
3539,2562,11,พังโคน,การปลูกข้าว (Rice),1,100.2,ไร่ (rai),133.06
3540,2562,2,ค้อวัง,การปลูกข้าว (Rice),1,24.3,ไร่ (rai),26.72
3541,2563,1,โพนนาแก้ว,การปลูกข้าว (Rice),1,94.3,ไร่ (rai),118.07
3542,2563,2,ภูพาน,ปศุสัตว์ (Livestock),1,104.4,unit,72.82
3543,2564,3,เจริญศิลป์,พลังงานที่พักอาศัย (Residential),2,119.3,1000 kWh,55.55
3544,2564,10,เจริญศิลป์,ปศุสัตว์ (Livestock),1,210.5,unit,154.95
3545,2564,4,วาริชภูมิ,การปลูกข้าว (Rice),1,5.0,ไร่ (rai),5.4
3546,2563,12,บ้านม่วง,ดินที่จัดการ (Managed soil),1,219.9,unit,126.25
3547,2562,9,อากาศอำนวย,การปลูกข้าว (Rice),1,175.0,ไร่ (rai),236.01
3548,2563,8,อากาศอำนวย,การปลูกข้าว (Rice),1,35.1,ไร่ (rai),44.49
3549,2563,12,สว่างแดนดิน,พลังงานธุรกิจ (Commercial),2,182.9,unit,108.21
3550,2564,5,คำตากล้า,การปลูกข้าว (Rice),1,76.0,ไร่ (rai),84.38
3551,2563,8,เจริญศิลป์,ปศุสัตว์ (Livestock),1,92.0,unit,70.58
3552,2563,4,ค้อวัง,การปลูกข้าว (Rice),1,134.0,ไร่ (rai),155.43
3553,2562,1,นิคมน้ำอูน,ดินที่จัดการ (Managed soil),1,141.9,unit,69.27
3554,2562,2,บ้านม่วง,การปลูกข้าว (Rice),1,86.0,ไร่ (rai),111.49
3555,2562,9,พรรณานิคม,การปลูกข้าว (Rice),1,60.0,ไร่ (rai),66.6
3556,2564,6,วาริชภูมิ,การขนส่งทางถนน (On-road),1,36.0,1000 L,111.68
3557,2562,7,พังโคน,การปลูกข้าว (Rice),1,74.1,ไร่ (rai),100.27
3558,2563,5,ภูพาน,การปลูกข้าว (Rice),1,123.2,ไร่ (rai),156.04
3559,2563,1,บ้านม่วง,การขนส่งทางถนน (On-road),1,29.8,1000 L,77.66
3560,2563,6,ภูพาน,ฝังกลบขยะ (Landfill),1,214.9,unit,181.19
3561,2564,12,โพนนาแก้ว,การขนส่งทางถนน (On-road),1,37.7,1000 L,103.72
3562,2562,4,คำตากล้า,การปลูกข้าว (Rice),1,64.9,ไร่ (rai),83.66
3563,2563,10,วานรนิวาส,การปลูกข้าว (Rice),1,60.5,ไร่ (rai),66.63
3564,2564,11,ส่องดาว,การปลูกข้าว (Rice),1,64.5,ไร่ (rai),86.41
3565,2563,5,กุสุมาลย์,การขนส่งทางถนน (On-road),1,17.8,1000 L,54.85
3566,2564,10,นิคมน้ำอูน,การปลูกข้าว (Rice),1,123.6,ไร่ (rai),143.48
3567,2563,1,นิคมน้ำอูน,การปลูกข้าว (Rice),1,5.0,ไร่ (rai),5.61
3568,2564,8,อากาศอำนวย,การขนส่งทางถนน (On-road),1,41.6,1000 L,125.55
3569,2562,1,อากาศอำนวย,การขนส่งทางถนน (On-road),1,41.0,1000 L,95.76
3570,2563,8,อากาศอำนวย,ปศุสัตว์ (Livestock),1,131.9,unit,89.78
3571,2562,8,บ้านม่วง,การขนส่งทางถนน (On-road),1,20.1,1000 L,48.01
3572,2562,1,คำตากล้า,การขนส่งทางถนน (On-road),1,34.9,1000 L,87.68
3573,2564,5,พังโคน,การปลูกข้าว (Rice),1,59.1,ไร่ (rai),75.13
3574,2563,11,ค้อวัง,การปลูกข้าว (Rice),1,78.0,ไร่ (rai),87.72
3575,2563,8,วาริชภูมิ,การปลูกข้าว (Rice),1,102.1,ไร่ (rai),116.07
3576,2564,5,คำตากล้า,ฝังกลบขยะ (Landfill),1,62.2,unit,49.05
3577,2563,3,วาริชภูมิ,การปลูกข้าว (Rice),1,120.0,ไร่ (rai),131.57
3578,2564,7,อากาศอำนวย,การปลูกข้าว (Rice),1,49.1,ไร่ (rai),53.37
3579,2564,7,เมืองสกลนคร,การขนส่งทางถนน (On-road),1,25.6,1000 L,59.24
3580,2562,7,โคกศรีสุพรรณ,การปลูกข้าว (Rice),1,100.1,ไร่ (rai),135.7
3581,2562,1,เต่างอย,พลังงานธุรกิจ (Commercial),2,224.1,unit,151.51
3582,2562,3,โคกศรีสุพรรณ,การปลูกข้าว (Rice),1,96.5,ไร่ (rai),127.01
3583,2563,1,ค้อวัง,การปลูกข้าว (Rice),1,80.6,ไร่ (rai),83.6
3584,2564,5,ค้อวัง,การปลูกข้าว (Rice),1,33.3,ไร่ (rai),38.37
3585,2564,7,ภูพาน,การปลูกข้าว (Rice),1,84.5,ไร่ (rai),86.44
3586,2564,10,ภูพาน,การขนส่งทางถนน (On-road),1,37.0,1000 L,91.78
3587,2564,4,เมืองสกลนคร,การปลูกข้าว (Rice),1,106.6,ไร่ (rai),145.12
3588,2563,11,กุสุมาลย์,การขนส่งทางถนน (On-road),1,25.3,1000 L,65.53
3589,2564,2,โคกศรีสุพรรณ,ปศุสัตว์ (Livestock),1,80.8,unit,57.4
3590,2564,12,วานรนิวาส,การปลูกข้าว (Rice),1,140.0,ไร่ (rai),189.1
3591,2563,7,พังโคน,พลังงานธุรกิจ (Commercial),2,186.0,unit,114.84
3592,2563,6,อากาศอำนวย,การปลูกข้าว (Rice),1,111.3,ไร่ (rai),115.38
3593,2562,7,เจริญศิลป์,การปลูกข้าว (Rice),1,72.7,ไร่ (rai),86.18
3594,2564,11,วาริชภูมิ,การปลูกข้าว (Rice),1,92.9,ไร่ (rai),125.58
3595,2562,8,กุสุมาลย์,การขนส่งทางถนน (On-road),1,50.9,1000 L,150.71
3596,2564,1,โคกศรีสุพรรณ,การปลูกข้าว (Rice),1,11.1,ไร่ (rai),12.94
3597,2564,4,วานรนิวาส,การปลูกข้าว (Rice),1,105.4,ไร่ (rai),118.34
3598,2562,7,เจริญศิลป์,การปลูกข้าว (Rice),1,112.9,ไร่ (rai),148.79
3599,2564,9,ภูพาน,พลังงานธุรกิจ (Commercial),2,175.4,unit,111.06
3600,2562,9,วานรนิวาส,การขนส่งทางถนน (On-road),1,34.2,1000 L,81.5
3601,2563,5,เจริญศิลป์,การขนส่งทางถนน (On-road),1,11.8,1000 L,30.34
3602,2563,4,นิคมน้ำอูน,การปลูกข้าว (Rice),1,103.2,ไร่ (rai),122.84
3603,2562,9,วานรนิวาส,การปลูกข้าว (Rice),1,43.4,ไร่ (rai),55.09
3604,2562,2,เมืองสกลนคร,การปลูกข้าว (Rice),1,141.2,ไร่ (rai),155.32
3605,2562,3,โคกศรีสุพรรณ,การปลูกข้าว (Rice),1,85.6,ไร่ (rai),100.8
3606,2562,3,นิคมน้ำอูน,การปลูกข้าว (Rice),1,92.0,ไร่ (rai),117.24
3607,2563,6,คำตากล้า,การปลูกข้าว (Rice),1,83.6,ไร่ (rai),114.45
3608,2564,1,สว่างแดนดิน,การปลูกข้าว (Rice),1,11.0,ไร่ (rai),13.53
3609,2563,7,เจริญศิลป์,การปลูกข้าว (Rice),1,54.2,ไร่ (rai),60.39
3610,2564,5,พรรณานิคม,การปลูกข้าว (Rice),1,30.2,ไร่ (rai),31.81
3611,2564,3,ค้อวัง,ปศุสัตว์ (Livestock),1,147.2,unit,118.28
3612,2562,9,เจริญศิลป์,การปลูกข้าว (Rice),1,35.5,ไร่ (rai),36.72
3613,2564,6,วาริชภูมิ,พลังงานที่พักอาศัย (Residential),2,158.4,1000 kWh,81.21
3614,2563,1,บ้านม่วง,ดินที่จัดการ (Managed soil),1,261.4,unit,148.12
3615,2562,2,วาริชภูมิ,การปลูกข้าว (Rice),1,89.3,ไร่ (rai),102.9
3616,2562,3,กุสุมาลย์,การปลูกข้าว (Rice),1,5.0,ไร่ (rai),5.2
3617,2563,10,กุสุมาลย์,การปลูกข้าว (Rice),1,100.1,ไร่ (rai),114.78
3618,2562,8,ส่องดาว,การปลูกข้าว (Rice),1,69.5,ไร่ (rai),78.66
3619,2562,6,วาริชภูมิ,การปลูกข้าว (Rice),1,101.9,ไร่ (rai),115.54
3620,2564,10,คำตากล้า,การขนส่งทางถนน (On-road),1,35.2,1000 L,103.69
3621,2563,9,ค้อวัง,การปลูกข้าว (Rice),1,76.1,ไร่ (rai),93.35
3622,2564,10,ภูพาน,การปลูกข้าว (Rice),1,51.7,ไร่ (rai),60.49
3623,2563,10,พรรณานิคม,การปลูกข้าว (Rice),1,81.2,ไร่ (rai),101.36
3624,2562,4,ค้อวัง,การขนส่งทางถนน (On-road),1,55.3,1000 L,139.05
3625,2564,9,เต่างอย,การปลูกข้าว (Rice),1,130.4,ไร่ (rai),152.64
3626,2564,10,ภูพาน,การปลูกข้าว (Rice),1,88.3,ไร่ (rai),120.05
3627,2564,8,บ้านม่วง,การปลูกข้าว (Rice),1,60.8,ไร่ (rai),71.62
3628,2564,12,ส่องดาว,การปลูกข้าว (Rice),1,108.5,ไร่ (rai),135.09
3629,2564,9,นิคมน้ำอูน,การปลูกข้าว (Rice),1,98.7,ไร่ (rai),130.33
3630,2562,12,ค้อวัง,การปลูกข้าว (Rice),1,90.1,ไร่ (rai),97.97
3631,2563,7,อากาศอำนวย,การปลูกข้าว (Rice),1,78.0,ไร่ (rai),92.66
3632,2563,6,ภูพาน,การปลูกข้าว (Rice),1,69.9,ไร่ (rai),77.18
3633,2564,4,เต่างอย,ดินที่จัดการ (Managed soil),1,223.3,unit,101.57
3634,2564,9,วาริชภูมิ,พลังงานที่พักอาศัย (Residential),2,292.8,1000 kWh,160.73
3635,2562,5,เจริญศิลป์,การปลูกข้าว (Rice),1,74.6,ไร่ (rai),98.43
3636,2562,5,โคกศรีสุพรรณ,ดินที่จัดการ (Managed soil),1,258.2,unit,132.94
3637,2562,1,โคกศรีสุพรรณ,การปลูกข้าว (Rice),1,120.4,ไร่ (rai),133.78
3638,2563,8,พังโคน,การปลูกข้าว (Rice),1,89.9,ไร่ (rai),117.58
3639,2564,9,โคกศรีสุพรรณ,การปลูกข้าว (Rice),1,76.7,ไร่ (rai),84.99
3640,2564,12,ค้อวัง,การปลูกข้าว (Rice),1,61.9,ไร่ (rai),79.42
3641,2562,2,กุสุมาลย์,การปลูกข้าว (Rice),1,84.5,ไร่ (rai),86.34
3642,2562,4,คำตากล้า,การขนส่งทางถนน (On-road),1,55.5,1000 L,166.8
3643,2564,3,ส่องดาว,การขนส่งทางถนน (On-road),1,54.6,1000 L,164.19
3644,2564,2,อากาศอำนวย,การปลูกข้าว (Rice),1,77.6,ไร่ (rai),97.95
3645,2563,1,ภูพาน,การปลูกข้าว (Rice),1,93.7,ไร่ (rai),103.27
3646,2562,12,กุสุมาลย์,การขนส่งทางถนน (On-road),1,29.5,1000 L,85.2
3647,2562,2,สว่างแดนดิน,การขนส่งทางถนน (On-road),1,43.3,1000 L,108.24
3648,2564,7,ส่องดาว,ปศุสัตว์ (Livestock),1,203.0,unit,156.4
3649,2563,10,สว่างแดนดิน,การปลูกข้าว (Rice),1,9.8,ไร่ (rai),13.06
3650,2563,1,เต่างอย,น้ำเสีย (Wastewater),1,318.5,unit,159.26
3651,2562,2,เต่างอย,การขนส่งทางถนน (On-road),1,11.6,1000 L,33.87
3652,2563,2,เต่างอย,การปลูกข้าว (Rice),1,96.7,ไร่ (rai),125.03
3653,2564,3,อากาศอำนวย,การปลูกข้าว (Rice),1,159.8,ไร่ (rai),181.94
3654,2564,1,ภูพาน,การปลูกข้าว (Rice),1,52.2,ไร่ (rai),57.91
3655,2563,9,เต่างอย,การปลูกข้าว (Rice),1,87.2,ไร่ (rai),89.54
3656,2562,3,วานรนิวาส,การขนส่งทางถนน (On-road),1,60.0,1000 L,174.75
3657,2564,11,ส่องดาว,การปลูกข้าว (Rice),1,73.5,ไร่ (rai),100.27
3658,2563,9,วาริชภูมิ,การปลูกข้าว (Rice),1,119.6,ไร่ (rai),147.7
3659,2562,6,ค้อวัง,การปลูกข้าว (Rice),1,98.8,ไร่ (rai),130.92
3660,2563,12,เจริญศิลป์,การปลูกข้าว (Rice),1,63.2,ไร่ (rai),69.79
3661,2564,6,เต่างอย,การปลูกข้าว (Rice),1,115.4,ไร่ (rai),139.26
3662,2562,5,อากาศอำนวย,การปลูกข้าว (Rice),1,107.1,ไร่ (rai),135.41
3663,2562,8,เมืองสกลนคร,การปลูกข้าว (Rice),1,115.7,ไร่ (rai),134.99
3664,2563,10,ภูพาน,การปลูกข้าว (Rice),1,137.0,ไร่ (rai),148.13
3665,2562,12,พรรณานิคม,การขนส่งทางถนน (On-road),1,20.3,1000 L,50.67
3666,2564,10,ส่องดาว,การปลูกข้าว (Rice),1,68.5,ไร่ (rai),77.77
3667,2564,8,ส่องดาว,การปลูกข้าว (Rice),1,131.3,ไร่ (rai),178.07
3668,2564,10,เต่างอย,การปลูกข้าว (Rice),1,102.6,ไร่ (rai),121.98
3669,2563,4,เจริญศิลป์,การปลูกข้าว (Rice),1,116.7,ไร่ (rai),128.28
3670,2564,11,พังโคน,การปลูกข้าว (Rice),1,163.2,ไร่ (rai),178.11
3671,2562,1,ภูพาน,การปลูกข้าว (Rice),1,42.8,ไร่ (rai),45.22
3672,2562,1,สว่างแดนดิน,การปลูกข้าว (Rice),1,58.2,ไร่ (rai),74.48
3673,2564,6,เต่างอย,ปศุสัตว์ (Livestock),1,134.9,unit,100.21
3674,2564,2,โพนนาแก้ว,พลังงานธุรกิจ (Commercial),2,178.5,unit,104.7
3675,2562,5,นิคมน้ำอูน,การปลูกข้าว (Rice),1,58.2,ไร่ (rai),80.02
3676,2563,6,เจริญศิลป์,การปลูกข้าว (Rice),1,85.3,ไร่ (rai),107.8
3677,2564,3,คำตากล้า,ฝังกลบขยะ (Landfill),1,58.0,unit,45.55
3678,2564,11,คำตากล้า,การขนส่งทางถนน (On-road),1,24.5,1000 L,66.62
3679,2564,9,ส่องดาว,ปศุสัตว์ (Livestock),1,52.9,unit,43.54
3680,2562,9,วานรนิวาส,ดินที่จัดการ (Managed soil),1,175.4,unit,96.33
3681,2563,4,ค้อวัง,ปศุสัตว์ (Livestock),1,144.3,unit,131.41
3682,2564,11,นิคมน้ำอูน,การขนส่งทางถนน (On-road),1,53.0,1000 L,149.16
3683,2564,5,ค้อวัง,การปลูกข้าว (Rice),1,50.0,ไร่ (rai),51.67
3684,2563,7,ภูพาน,การปลูกข้าว (Rice),1,116.3,ไร่ (rai),150.11
3685,2562,12,นิคมน้ำอูน,การขนส่งทางถนน (On-road),1,5.0,1000 L,12.04
3686,2562,6,โคกศรีสุพรรณ,การปลูกข้าว (Rice),1,85.1,ไร่ (rai),94.75
3687,2562,5,โคกศรีสุพรรณ,การขนส่งทางถนน (On-road),1,51.2,1000 L,148.68
3688,2563,7,ภูพาน,การขนส่งทางถนน (On-road),1,50.1,1000 L,153.94
3689,2562,7,ค้อวัง,ปศุสัตว์ (Livestock),1,109.0,unit,80.16
3690,2564,2,พังโคน,การปลูกข้าว (Rice),1,41.9,ไร่ (rai),51.9
3691,2564,9,ภูพาน,การขนส่งทางถนน (On-road),1,56.6,1000 L,154.24
3692,2564,11,สว่างแดนดิน,การปลูกข้าว (Rice),1,125.0,ไร่ (rai),160.09
3693,2563,12,ค้อวัง,การขนส่งทางถนน (On-road),1,44.9,1000 L,129.97
3694,2563,2,อากาศอำนวย,การปลูกข้าว (Rice),1,74.3,ไร่ (rai),93.31
3695,2562,10,คำตากล้า,น้ำเสีย (Wastewater),1,104.0,unit,44.98
3696,2563,3,สว่างแดนดิน,การขนส่งทางถนน (On-road),1,42.9,1000 L,126.94
3697,2564,11,สว่างแดนดิน,ปศุสัตว์ (Livestock),1,148.8,unit,123.52
3698,2564,12,โพนนาแก้ว,การปลูกข้าว (Rice),1,102.5,ไร่ (rai),125.91
3699,2564,7,สว่างแดนดิน,ปศุสัตว์ (Livestock),1,103.0,unit,77.51
3700,2562,3,ส่องดาว,การปลูกข้าว (Rice),1,87.8,ไร่ (rai),116.13
3701,2562,11,เมืองสกลนคร,การปลูกข้าว (Rice),1,104.4,ไร่ (rai),132.9
3702,2562,6,ค้อวัง,พลังงานที่พักอาศัย (Residential),2,325.2,1000 kWh,164.89
3703,2562,3,วาริชภูมิ,การขนส่งทางถนน (On-road),1,45.5,1000 L,110.89
3704,2563,2,เต่างอย,การขนส่งทางถนน (On-road),1,39.4,1000 L,118.36
3705,2564,4,กุสุมาลย์,การปลูกข้าว (Rice),1,187.6,ไร่ (rai),257.22
3706,2564,9,พังโคน,พลังงานที่พักอาศัย (Residential),2,208.9,1000 kWh,108.13
3707,2564,1,คำตากล้า,การขนส่งทางถนน (On-road),1,42.7,1000 L,102.97
3708,2564,9,อากาศอำนวย,การปลูกข้าว (Rice),1,63.5,ไร่ (rai),83.76
3709,2564,5,โพนนาแก้ว,การปลูกข้าว (Rice),1,95.8,ไร่ (rai),104.09
3710,2562,12,กุสุมาลย์,การปลูกข้าว (Rice),1,118.9,ไร่ (rai),140.2
3711,2563,4,บ้านม่วง,การขนส่งทางถนน (On-road),1,30.6,1000 L,80.58
3712,2563,3,เมืองสกลนคร,ปศุสัตว์ (Livestock),1,39.1,unit,28.67
3713,2564,7,โคกศรีสุพรรณ,การขนส่งทางถนน (On-road),1,53.7,1000 L,125.07
3714,2562,2,เจริญศิลป์,การปลูกข้าว (Rice),1,134.4,ไร่ (rai),158.58
3715,2564,9,บ้านม่วง,การปลูกข้าว (Rice),1,89.9,ไร่ (rai),101.53
3716,2564,8,โคกศรีสุพรรณ,การขนส่งทางถนน (On-road),1,49.1,1000 L,117.54
3717,2563,12,เมืองสกลนคร,การปลูกข้าว (Rice),1,81.0,ไร่ (rai),89.41
3718,2563,3,พังโคน,การปลูกข้าว (Rice),1,146.1,ไร่ (rai),182.18
3719,2564,4,เจริญศิลป์,ปศุสัตว์ (Livestock),1,177.8,unit,160.7
3720,2563,2,พรรณานิคม,การปลูกข้าว (Rice),1,96.1,ไร่ (rai),120.22
3721,2564,8,บ้านม่วง,ปศุสัตว์ (Livestock),1,169.2,unit,121.87
3722,2563,5,นิคมน้ำอูน,การขนส่งทางถนน (On-road),1,49.2,1000 L,141.44
3723,2563,5,นิคมน้ำอูน,การปลูกข้าว (Rice),1,121.5,ไร่ (rai),129.21
3724,2564,2,บ้านม่วง,การปลูกข้าว (Rice),1,5.0,ไร่ (rai),6.36
3725,2563,5,ส่องดาว,การขนส่งทางถนน (On-road),1,54.1,1000 L,140.92
3726,2562,5,เจริญศิลป์,การปลูกข้าว (Rice),1,55.5,ไร่ (rai),71.4
3727,2563,9,บ้านม่วง,การขนส่งทางถนน (On-road),1,38.2,1000 L,88.5
3728,2564,7,บ้านม่วง,ปศุสัตว์ (Livestock),1,128.6,unit,112.84
3729,2564,11,บ้านม่วง,การขนส่งทางถนน (On-road),1,36.7,1000 L,107.64
3730,2562,8,อากาศอำนวย,การขนส่งทางถนน (On-road),1,32.7,1000 L,77.42
3731,2563,6,ส่องดาว,การปลูกข้าว (Rice),1,178.0,ไร่ (rai),212.76
3732,2563,5,ภูพาน,พลังงานที่พักอาศัย (Residential),2,178.8,1000 kWh,79.52
3733,2562,11,โคกศรีสุพรรณ,ปศุสัตว์ (Livestock),1,137.9,unit,121.32
3734,2562,4,เมืองสกลนคร,การปลูกข้าว (Rice),1,67.0,ไร่ (rai),79.4
3735,2564,7,ส่องดาว,การขนส่งทางถนน (On-road),1,52.3,1000 L,128.34
3736,2562,11,วานรนิวาส,การขนส่งทางถนน (On-road),1,35.9,1000 L,82.93
3737,2563,6,นิคมน้ำอูน,ปศุสัตว์ (Livestock),1,138.3,unit,109.08
3738,2562,8,กุสุมาลย์,การปลูกข้าว (Rice),1,97.8,ไร่ (rai),116.24
3739,2564,5,บ้านม่วง,การปลูกข้าว (Rice),1,38.2,ไร่ (rai),43.4
3740,2563,12,อากาศอำนวย,การปลูกข้าว (Rice),1,102.4,ไร่ (rai),106.66
3741,2564,1,โคกศรีสุพรรณ,ฝังกลบขยะ (Landfill),1,78.7,unit,56.04
3742,2564,5,ค้อวัง,การขนส่งทางถนน (On-road),1,38.4,1000 L,116.91
3743,2563,6,วาริชภูมิ,การปลูกข้าว (Rice),1,145.7,ไร่ (rai),174.54
3744,2564,12,โคกศรีสุพรรณ,การปลูกข้าว (Rice),1,143.8,ไร่ (rai),148.63
3745,2563,11,อากาศอำนวย,การปลูกข้าว (Rice),1,97.0,ไร่ (rai),105.48
3746,2564,4,อากาศอำนวย,ปศุสัตว์ (Livestock),1,98.1,unit,69.07
3747,2562,4,วานรนิวาส,การปลูกข้าว (Rice),1,79.1,ไร่ (rai),88.11
3748,2562,1,เต่างอย,การปลูกข้าว (Rice),1,65.4,ไร่ (rai),78.55
3749,2564,5,เจริญศิลป์,การปลูกข้าว (Rice),1,51.9,ไร่ (rai),64.54
3750,2563,3,ส่องดาว,การปลูกข้าว (Rice),1,54.4,ไร่ (rai),69.23
3751,2563,10,สว่างแดนดิน,การปลูกข้าว (Rice),1,108.9,ไร่ (rai),126.39
3752,2562,12,ส่องดาว,การปลูกข้าว (Rice),1,102.4,ไร่ (rai),126.07
3753,2562,4,บ้านม่วง,การปลูกข้าว (Rice),1,80.9,ไร่ (rai),92.11
3754,2564,1,ค้อวัง,น้ำเสีย (Wastewater),1,60.6,unit,27.32
3755,2562,7,คำตากล้า,การปลูกข้าว (Rice),1,116.9,ไร่ (rai),152.08
3756,2563,9,ภูพาน,การขนส่งทางถนน (On-road),1,40.6,1000 L,116.98
3757,2564,10,นิคมน้ำอูน,การปลูกข้าว (Rice),1,117.5,ไร่ (rai),126.45
3758,2564,12,เต่างอย,ฝังกลบขยะ (Landfill),1,163.2,unit,131.14
3759,2564,2,คำตากล้า,พลังงานที่พักอาศัย (Residential),2,300.3,1000 kWh,153.67
3760,2562,5,อากาศอำนวย,การปลูกข้าว (Rice),1,90.1,ไร่ (rai),91.95
3761,2562,10,ค้อวัง,ดินที่จัดการ (Managed soil),1,206.3,unit,104.1
3762,2564,1,พรรณานิคม,การปลูกข้าว (Rice),1,77.0,ไร่ (rai),86.98
3763,2563,7,บ้านม่วง,การปลูกข้าว (Rice),1,92.6,ไร่ (rai),106.38
3764,2562,7,เจริญศิลป์,การปลูกข้าว (Rice),1,199.0,ไร่ (rai),240.42
3765,2564,4,ส่องดาว,การปลูกข้าว (Rice),1,120.1,ไร่ (rai),144.68
3766,2563,1,เจริญศิลป์,ปศุสัตว์ (Livestock),1,207.7,unit,149.79
3767,2564,9,โพนนาแก้ว,ปศุสัตว์ (Livestock),1,142.1,unit,108.7
3768,2562,9,ส่องดาว,ฝังกลบขยะ (Landfill),1,115.3,unit,89.78
3769,2564,11,กุสุมาลย์,การปลูกข้าว (Rice),1,46.8,ไร่ (rai),56.56
3770,2563,6,พรรณานิคม,การขนส่งทางถนน (On-road),1,36.6,1000 L,93.11
3771,2562,1,พรรณานิคม,การปลูกข้าว (Rice),1,42.8,ไร่ (rai),46.29
3772,2564,5,พังโคน,การปลูกข้าว (Rice),1,57.4,ไร่ (rai),59.53
3773,2563,2,เจริญศิลป์,การปลูกข้าว (Rice),1,65.6,ไร่ (rai),81.62
3774,2563,1,กุสุมาลย์,การขนส่งทางถนน (On-road),1,67.5,1000 L,198.31
3775,2563,11,เต่างอย,การปลูกข้าว (Rice),1,134.6,ไร่ (rai),169.54
3776,2562,4,ค้อวัง,ฝังกลบขยะ (Landfill),1,58.3,unit,50.9
3777,2562,8,ค้อวัง,การปลูกข้าว (Rice),1,91.8,ไร่ (rai),116.15
3778,2564,5,สว่างแดนดิน,การขนส่งทางถนน (On-road),1,17.9,1000 L,44.63
3779,2563,6,โพนนาแก้ว,การปลูกข้าว (Rice),1,94.0,ไร่ (rai),117.56
3780,2562,10,ภูพาน,การปลูกข้าว (Rice),1,115.1,ไร่ (rai),146.39
3781,2562,9,อากาศอำนวย,การปลูกข้าว (Rice),1,116.0,ไร่ (rai),153.35
3782,2564,4,เมืองสกลนคร,ปศุสัตว์ (Livestock),1,5.0,unit,3.5
3783,2564,12,วาริชภูมิ,ดินที่จัดการ (Managed soil),1,150.2,unit,74.03
3784,2562,8,กุสุมาลย์,น้ำเสีย (Wastewater),1,301.6,unit,170.77
3785,2562,1,โคกศรีสุพรรณ,การปลูกข้าว (Rice),1,81.7,ไร่ (rai),86.5
3786,2562,9,พรรณานิคม,การขนส่งทางถนน (On-road),1,28.1,1000 L,74.69
3787,2562,10,ส่องดาว,น้ำเสีย (Wastewater),1,360.9,unit,176.68
3788,2562,12,พังโคน,การปลูกข้าว (Rice),1,91.1,ไร่ (rai),97.08
3789,2564,9,เต่างอย,การปลูกข้าว (Rice),1,139.0,ไร่ (rai),180.55
3790,2564,1,อากาศอำนวย,ปศุสัตว์ (Livestock),1,136.5,unit,107.0
3791,2563,4,คำตากล้า,การปลูกข้าว (Rice),1,141.1,ไร่ (rai),153.19
3792,2564,4,พังโคน,การขนส่งทางถนน (On-road),1,34.3,1000 L,88.52
3793,2564,6,บ้านม่วง,การขนส่งทางถนน (On-road),1,17.5,1000 L,53.0
3794,2562,2,ภูพาน,การปลูกข้าว (Rice),1,153.4,ไร่ (rai),183.7
3795,2563,2,ภูพาน,การปลูกข้าว (Rice),1,63.2,ไร่ (rai),82.95
3796,2564,6,คำตากล้า,การปลูกข้าว (Rice),1,40.7,ไร่ (rai),47.91
3797,2562,11,เมืองสกลนคร,ฝังกลบขยะ (Landfill),1,68.9,unit,57.76
3798,2564,2,พรรณานิคม,การขนส่งทางถนน (On-road),1,43.3,1000 L,134.17
3799,2563,8,กุสุมาลย์,พลังงานที่พักอาศัย (Residential),2,174.0,1000 kWh,96.43
3800,2564,3,อากาศอำนวย,การปลูกข้าว (Rice),1,140.1,ไร่ (rai),182.88
3801,2562,2,โคกศรีสุพรรณ,ดินที่จัดการ (Managed soil),1,169.7,unit,83.78
3802,2564,6,วาริชภูมิ,การปลูกข้าว (Rice),1,68.0,ไร่ (rai),80.46
3803,2562,7,บ้านม่วง,การปลูกข้าว (Rice),1,59.5,ไร่ (rai),73.7
3804,2564,10,โคกศรีสุพรรณ,ปศุสัตว์ (Livestock),1,40.3,unit,34.95
3805,2564,6,สว่างแดนดิน,การปลูกข้าว (Rice),1,48.7,ไร่ (rai),50.49
3806,2562,2,กุสุมาลย์,การขนส่งทางถนน (On-road),1,57.1,1000 L,174.48
3807,2562,1,สว่างแดนดิน,การปลูกข้าว (Rice),1,112.6,ไร่ (rai),137.15
3808,2562,6,กุสุมาลย์,การขนส่งทางถนน (On-road),1,42.4,1000 L,115.55
3809,2562,5,กุสุมาลย์,การปลูกข้าว (Rice),1,56.3,ไร่ (rai),58.5
3810,2564,12,เมืองสกลนคร,ปศุสัตว์ (Livestock),1,100.0,unit,88.79
3811,2563,10,ค้อวัง,การขนส่งทางถนน (On-road),1,39.1,1000 L,91.75
3812,2562,1,อากาศอำนวย,ปศุสัตว์ (Livestock),1,98.4,unit,71.2
3813,2563,5,บ้านม่วง,การปลูกข้าว (Rice),1,83.9,ไร่ (rai),97.84
3814,2563,9,ภูพาน,การปลูกข้าว (Rice),1,72.2,ไร่ (rai),85.57
3815,2564,2,ส่องดาว,ดินที่จัดการ (Managed soil),1,400.1,unit,186.11
3816,2562,2,เมืองสกลนคร,การปลูกข้าว (Rice),1,79.5,ไร่ (rai),102.15
3817,2562,2,วานรนิวาส,ดินที่จัดการ (Managed soil),1,219.9,unit,117.63
3818,2564,3,พรรณานิคม,การปลูกข้าว (Rice),1,65.6,ไร่ (rai),72.82
3819,2563,7,คำตากล้า,การปลูกข้าว (Rice),1,183.0,ไร่ (rai),194.31
3820,2563,12,ส่องดาว,ดินที่จัดการ (Managed soil),1,155.5,unit,82.32
3821,2562,8,พรรณานิคม,การขนส่งทางถนน (On-road),1,39.4,1000 L,92.29
3822,2563,10,โพนนาแก้ว,ปศุสัตว์ (Livestock),1,70.7,unit,48.79
3823,2562,11,ค้อวัง,ดินที่จัดการ (Managed soil),1,244.0,unit,131.31
3824,2562,4,เต่างอย,การขนส่งทางถนน (On-road),1,27.7,1000 L,67.44
3825,2563,5,วาริชภูมิ,การปลูกข้าว (Rice),1,63.4,ไร่ (rai),85.01
3826,2563,6,บ้านม่วง,ปศุสัตว์ (Livestock),1,126.7,unit,94.64
3827,2564,7,อากาศอำนวย,ปศุสัตว์ (Livestock),1,126.4,unit,113.41
3828,2563,1,วานรนิวาส,การปลูกข้าว (Rice),1,8.2,ไร่ (rai),11.18
3829,2564,12,เมืองสกลนคร,การปลูกข้าว (Rice),1,70.7,ไร่ (rai),72.3
3830,2564,3,โพนนาแก้ว,การปลูกข้าว (Rice),1,89.7,ไร่ (rai),101.16
3831,2563,5,เมืองสกลนคร,การขนส่งทางถนน (On-road),1,56.2,1000 L,155.46
3832,2564,7,ค้อวัง,ฝังกลบขยะ (Landfill),1,113.4,unit,103.14
3833,2564,6,เจริญศิลป์,การขนส่งทางถนน (On-road),1,40.0,1000 L,121.72
3834,2562,3,เมืองสกลนคร,การขนส่งทางถนน (On-road),1,20.0,1000 L,46.83
3835,2563,11,โคกศรีสุพรรณ,ปศุสัตว์ (Livestock),1,109.3,unit,79.38
3836,2563,8,เจริญศิลป์,การปลูกข้าว (Rice),1,102.3,ไร่ (rai),112.58
3837,2564,4,อากาศอำนวย,การปลูกข้าว (Rice),1,73.8,ไร่ (rai),101.76
3838,2562,5,โคกศรีสุพรรณ,ปศุสัตว์ (Livestock),1,63.7,unit,48.55
3839,2562,4,ค้อวัง,ปศุสัตว์ (Livestock),1,176.4,unit,159.65
3840,2564,8,ค้อวัง,การปลูกข้าว (Rice),1,105.3,ไร่ (rai),134.42
3841,2564,5,โคกศรีสุพรรณ,การปลูกข้าว (Rice),1,89.5,ไร่ (rai),117.2
3842,2562,2,กุสุมาลย์,การปลูกข้าว (Rice),1,55.2,ไร่ (rai),70.22
3843,2562,3,คำตากล้า,ดินที่จัดการ (Managed soil),1,235.3,unit,106.83
3844,2563,7,อากาศอำนวย,การปลูกข้าว (Rice),1,91.3,ไร่ (rai),96.84
3845,2562,2,พรรณานิคม,การปลูกข้าว (Rice),1,96.5,ไร่ (rai),126.38
3846,2562,12,อากาศอำนวย,ปศุสัตว์ (Livestock),1,102.0,unit,77.72
3847,2563,3,นิคมน้ำอูน,การปลูกข้าว (Rice),1,173.2,ไร่ (rai),202.4
3848,2564,2,พรรณานิคม,การขนส่งทางถนน (On-road),1,56.4,1000 L,151.29
3849,2562,12,ภูพาน,การปลูกข้าว (Rice),1,126.5,ไร่ (rai),153.5
3850,2562,9,อากาศอำนวย,การปลูกข้าว (Rice),1,67.7,ไร่ (rai),75.62
3851,2563,11,สว่างแดนดิน,การขนส่งทางถนน (On-road),1,55.7,1000 L,165.3
3852,2564,10,กุสุมาลย์,การปลูกข้าว (Rice),1,87.9,ไร่ (rai),111.84
3853,2563,10,นิคมน้ำอูน,การปลูกข้าว (Rice),1,188.1,ไร่ (rai),198.6
3854,2563,2,โพนนาแก้ว,การปลูกข้าว (Rice),1,85.1,ไร่ (rai),115.45
3855,2564,10,เต่างอย,การปลูกข้าว (Rice),1,108.7,ไร่ (rai),125.61
3856,2563,9,กุสุมาลย์,การปลูกข้าว (Rice),1,69.2,ไร่ (rai),90.28
3857,2562,7,วาริชภูมิ,ปศุสัตว์ (Livestock),1,143.6,unit,129.01
3858,2564,2,พังโคน,การปลูกข้าว (Rice),1,115.6,ไร่ (rai),136.69
3859,2562,5,เจริญศิลป์,การปลูกข้าว (Rice),1,87.8,ไร่ (rai),95.7
3860,2562,12,โคกศรีสุพรรณ,การปลูกข้าว (Rice),1,109.7,ไร่ (rai),120.39
3861,2562,11,วาริชภูมิ,การปลูกข้าว (Rice),1,49.6,ไร่ (rai),52.82
3862,2564,7,เมืองสกลนคร,การขนส่งทางถนน (On-road),1,26.6,1000 L,71.86
3863,2563,9,เจริญศิลป์,การปลูกข้าว (Rice),1,76.4,ไร่ (rai),79.32
3864,2564,3,บ้านม่วง,ดินที่จัดการ (Managed soil),1,412.7,unit,186.46
3865,2564,12,โคกศรีสุพรรณ,การขนส่งทางถนน (On-road),1,42.4,1000 L,127.94
3866,2563,1,พรรณานิคม,การขนส่งทางถนน (On-road),1,21.1,1000 L,53.1
3867,2562,7,กุสุมาลย์,การปลูกข้าว (Rice),1,51.7,ไร่ (rai),68.63
3868,2564,4,นิคมน้ำอูน,การขนส่งทางถนน (On-road),1,44.7,1000 L,123.24
3869,2564,12,คำตากล้า,การขนส่งทางถนน (On-road),1,63.1,1000 L,187.47
3870,2562,8,กุสุมาลย์,การปลูกข้าว (Rice),1,27.0,ไร่ (rai),36.07
3871,2563,11,โพนนาแก้ว,การขนส่งทางถนน (On-road),1,5.6,1000 L,13.24
3872,2562,2,พังโคน,ปศุสัตว์ (Livestock),1,186.0,unit,169.73
3873,2562,7,คำตากล้า,ฝังกลบขยะ (Landfill),1,198.6,unit,171.16
3874,2562,7,กุสุมาลย์,ดินที่จัดการ (Managed soil),1,284.0,unit,127.34
3875,2564,12,บ้านม่วง,การขนส่งทางถนน (On-road),1,64.8,1000 L,198.8
3876,2564,4,ค้อวัง,การปลูกข้าว (Rice),1,70.1,ไร่ (rai),94.21
3877,2562,7,พรรณานิคม,น้ำเสีย (Wastewater),1,233.9,unit,105.72
3878,2562,10,โคกศรีสุพรรณ,การปลูกข้าว (Rice),1,130.4,ไร่ (rai),141.9
3879,2564,5,เต่างอย,ปศุสัตว์ (Livestock),1,197.5,unit,151.71
3880,2564,5,ภูพาน,การปลูกข้าว (Rice),1,63.6,ไร่ (rai),82.96
3881,2562,5,เต่างอย,การปลูกข้าว (Rice),1,43.8,ไร่ (rai),57.46
3882,2562,8,กุสุมาลย์,การปลูกข้าว (Rice),1,70.5,ไร่ (rai),73.58
3883,2564,2,ค้อวัง,การปลูกข้าว (Rice),1,107.4,ไร่ (rai),132.38
3884,2563,3,ส่องดาว,ดินที่จัดการ (Managed soil),1,281.1,unit,157.13
3885,2564,3,ภูพาน,การขนส่งทางถนน (On-road),1,52.4,1000 L,131.95
3886,2563,10,นิคมน้ำอูน,พลังงานธุรกิจ (Commercial),2,166.8,unit,87.64
3887,2562,2,คำตากล้า,การขนส่งทางถนน (On-road),1,38.7,1000 L,105.76
3888,2563,2,ค้อวัง,การปลูกข้าว (Rice),1,64.2,ไร่ (rai),81.33
3889,2562,8,บ้านม่วง,ปศุสัตว์ (Livestock),1,65.1,unit,44.75
3890,2564,9,ค้อวัง,การปลูกข้าว (Rice),1,127.8,ไร่ (rai),171.85
3891,2564,1,พังโคน,การปลูกข้าว (Rice),1,78.6,ไร่ (rai),95.38
3892,2562,8,บ้านม่วง,น้ำเสีย (Wastewater),1,124.2,unit,63.12
3893,2564,10,โพนนาแก้ว,พลังงานที่พักอาศัย (Residential),2,241.6,1000 kWh,109.56
3894,2562,10,ภูพาน,การปลูกข้าว (Rice),1,61.8,ไร่ (rai),77.7
3895,2564,5,โพนนาแก้ว,การปลูกข้าว (Rice),1,102.2,ไร่ (rai),107.68
3896,2562,7,กุสุมาลย์,การปลูกข้าว (Rice),1,90.3,ไร่ (rai),101.01
3897,2562,7,เมืองสกลนคร,ปศุสัตว์ (Livestock),1,69.7,unit,52.46
3898,2564,7,นิคมน้ำอูน,น้ำเสีย (Wastewater),1,308.2,unit,147.02
3899,2564,3,กุสุมาลย์,ปศุสัตว์ (Livestock),1,124.2,unit,92.8
3900,2562,2,พรรณานิคม,ปศุสัตว์ (Livestock),1,53.1,unit,39.44
3901,2564,2,ส่องดาว,การปลูกข้าว (Rice),1,100.4,ไร่ (rai),134.99
3902,2563,3,บ้านม่วง,การขนส่งทางถนน (On-road),1,23.4,1000 L,55.72
3903,2564,10,กุสุมาลย์,การปลูกข้าว (Rice),1,72.8,ไร่ (rai),100.23
3904,2562,10,วานรนิวาส,การปลูกข้าว (Rice),1,42.1,ไร่ (rai),50.06
3905,2563,11,พังโคน,การขนส่งทางถนน (On-road),1,32.7,1000 L,96.59
3906,2564,11,วาริชภูมิ,การปลูกข้าว (Rice),1,34.7,ไร่ (rai),36.22
3907,2562,5,ภูพาน,การปลูกข้าว (Rice),1,143.1,ไร่ (rai),193.59
3908,2564,10,ค้อวัง,การปลูกข้าว (Rice),1,148.0,ไร่ (rai),156.49
3909,2562,9,สว่างแดนดิน,ฝังกลบขยะ (Landfill),1,182.8,unit,149.43
3910,2563,1,นิคมน้ำอูน,ปศุสัตว์ (Livestock),1,190.1,unit,154.86
3911,2564,11,เต่างอย,การขนส่งทางถนน (On-road),1,22.9,1000 L,66.9
3912,2563,10,เจริญศิลป์,น้ำเสีย (Wastewater),1,287.6,unit,140.74
3913,2564,7,สว่างแดนดิน,การขนส่งทางถนน (On-road),1,31.6,1000 L,74.81
3914,2563,3,ค้อวัง,ปศุสัตว์ (Livestock),1,151.8,unit,119.73
3915,2564,3,วาริชภูมิ,การปลูกข้าว (Rice),1,111.2,ไร่ (rai),143.75
3916,2564,9,นิคมน้ำอูน,การปลูกข้าว (Rice),1,67.8,ไร่ (rai),73.51
3917,2562,3,โพนนาแก้ว,การปลูกข้าว (Rice),1,36.5,ไร่ (rai),42.34
3918,2563,11,พังโคน,การปลูกข้าว (Rice),1,161.0,ไร่ (rai),166.11
3919,2564,7,พังโคน,การปลูกข้าว (Rice),1,109.3,ไร่ (rai),147.61
3920,2564,4,เจริญศิลป์,การปลูกข้าว (Rice),1,114.5,ไร่ (rai),135.93
3921,2563,6,เต่างอย,การปลูกข้าว (Rice),1,31.9,ไร่ (rai),42.56
3922,2563,12,นิคมน้ำอูน,การขนส่งทางถนน (On-road),1,43.1,1000 L,111.77
3923,2564,1,พังโคน,การปลูกข้าว (Rice),1,86.3,ไร่ (rai),109.81
3924,2564,7,ภูพาน,การขนส่งทางถนน (On-road),1,54.7,1000 L,148.73
3925,2563,6,เจริญศิลป์,การขนส่งทางถนน (On-road),1,36.4,1000 L,101.96
3926,2564,6,ค้อวัง,การปลูกข้าว (Rice),1,93.0,ไร่ (rai),118.42
3927,2564,8,คำตากล้า,ปศุสัตว์ (Livestock),1,64.7,unit,44.98
3928,2563,11,คำตากล้า,การปลูกข้าว (Rice),1,5.0,ไร่ (rai),6.88
3929,2562,7,พรรณานิคม,การขนส่งทางถนน (On-road),1,39.2,1000 L,109.89
3930,2563,3,เจริญศิลป์,การปลูกข้าว (Rice),1,130.9,ไร่ (rai),176.5
3931,2563,7,ส่องดาว,การขนส่งทางถนน (On-road),1,5.0,1000 L,12.95
3932,2562,8,บ้านม่วง,ปศุสัตว์ (Livestock),1,184.6,unit,144.3
3933,2563,10,พังโคน,การขนส่งทางถนน (On-road),1,48.9,1000 L,139.33
3934,2562,8,วานรนิวาส,การปลูกข้าว (Rice),1,77.0,ไร่ (rai),90.78
3935,2564,6,วานรนิวาส,ปศุสัตว์ (Livestock),1,153.1,unit,128.07
3936,2562,3,โพนนาแก้ว,การปลูกข้าว (Rice),1,90.2,ไร่ (rai),99.02
3937,2563,8,สว่างแดนดิน,ปศุสัตว์ (Livestock),1,144.7,unit,126.71
3938,2564,5,นิคมน้ำอูน,น้ำเสีย (Wastewater),1,258.8,unit,143.39
3939,2564,9,วาริชภูมิ,การปลูกข้าว (Rice),1,45.3,ไร่ (rai),57.13
3940,2563,2,นิคมน้ำอูน,การปลูกข้าว (Rice),1,91.7,ไร่ (rai),113.19
3941,2564,7,โคกศรีสุพรรณ,การปลูกข้าว (Rice),1,64.8,ไร่ (rai),70.3
3942,2562,1,ส่องดาว,ดินที่จัดการ (Managed soil),1,70.2,unit,39.69
3943,2564,11,บ้านม่วง,การปลูกข้าว (Rice),1,14.5,ไร่ (rai),17.42
3944,2562,8,อากาศอำนวย,ดินที่จัดการ (Managed soil),1,265.0,unit,136.87
3945,2562,2,โพนนาแก้ว,การปลูกข้าว (Rice),1,68.4,ไร่ (rai),87.89
3946,2562,6,เจริญศิลป์,การปลูกข้าว (Rice),1,63.8,ไร่ (rai),68.47
3947,2563,3,อากาศอำนวย,ปศุสัตว์ (Livestock),1,147.7,unit,110.91
3948,2562,12,บ้านม่วง,การปลูกข้าว (Rice),1,149.7,ไร่ (rai),169.44
3949,2562,10,คำตากล้า,การปลูกข้าว (Rice),1,162.9,ไร่ (rai),204.61
3950,2562,10,ภูพาน,การปลูกข้าว (Rice),1,103.9,ไร่ (rai),128.63
3951,2564,3,ค้อวัง,ปศุสัตว์ (Livestock),1,105.0,unit,88.52
3952,2563,11,ค้อวัง,การขนส่งทางถนน (On-road),1,33.9,1000 L,101.08
3953,2562,4,โพนนาแก้ว,การปลูกข้าว (Rice),1,91.4,ไร่ (rai),110.45
3954,2563,10,เมืองสกลนคร,พลังงานธุรกิจ (Commercial),2,84.6,unit,47.51
3955,2562,10,ส่องดาว,การปลูกข้าว (Rice),1,130.2,ไร่ (rai),170.66
3956,2564,1,ส่องดาว,ปศุสัตว์ (Livestock),1,92.7,unit,68.84
3957,2562,7,ภูพาน,ปศุสัตว์ (Livestock),1,125.1,unit,98.63
3958,2562,6,วาริชภูมิ,การขนส่งทางถนน (On-road),1,58.3,1000 L,143.32
3959,2562,5,ค้อวัง,การปลูกข้าว (Rice),1,98.3,ไร่ (rai),134.54
3960,2563,12,ภูพาน,การปลูกข้าว (Rice),1,38.9,ไร่ (rai),44.88
3961,2563,12,บ้านม่วง,การปลูกข้าว (Rice),1,103.1,ไร่ (rai),129.39
3962,2563,7,พังโคน,พลังงานที่พักอาศัย (Residential),2,114.0,1000 kWh,54.56
3963,2564,1,เมืองสกลนคร,การปลูกข้าว (Rice),1,39.8,ไร่ (rai),41.76
3964,2564,12,วานรนิวาส,พลังงานที่พักอาศัย (Residential),2,316.8,1000 kWh,156.56
3965,2562,1,ส่องดาว,ดินที่จัดการ (Managed soil),1,145.4,unit,72.86
3966,2562,6,พรรณานิคม,การปลูกข้าว (Rice),1,5.0,ไร่ (rai),5.32
3967,2564,10,เมืองสกลนคร,ฝังกลบขยะ (Landfill),1,155.1,unit,136.56
3968,2563,1,ภูพาน,ดินที่จัดการ (Managed soil),1,124.4,unit,61.54
3969,2563,1,เจริญศิลป์,การขนส่งทางถนน (On-road),1,63.0,1000 L,188.86
3970,2562,7,ส่องดาว,ดินที่จัดการ (Managed soil),1,198.6,unit,94.86
3971,2563,8,โพนนาแก้ว,ดินที่จัดการ (Managed soil),1,118.6,unit,60.48
3972,2562,4,ค้อวัง,การขนส่งทางถนน (On-road),1,13.8,1000 L,34.37
3973,2564,5,วาริชภูมิ,การขนส่งทางถนน (On-road),1,50.6,1000 L,117.35
3974,2564,12,โคกศรีสุพรรณ,การขนส่งทางถนน (On-road),1,41.5,1000 L,106.96
3975,2563,11,เต่างอย,การปลูกข้าว (Rice),1,123.8,ไร่ (rai),144.48
3976,2563,11,กุสุมาลย์,การขนส่งทางถนน (On-road),1,53.8,1000 L,137.52
3977,2564,3,เจริญศิลป์,การปลูกข้าว (Rice),1,100.4,ไร่ (rai),111.82
3978,2564,7,พรรณานิคม,การปลูกข้าว (Rice),1,68.6,ไร่ (rai),81.6
3979,2562,1,บ้านม่วง,การปลูกข้าว (Rice),1,35.8,ไร่ (rai),47.09
3980,2563,10,วานรนิวาส,การปลูกข้าว (Rice),1,101.8,ไร่ (rai),129.05
3981,2563,7,วาริชภูมิ,การปลูกข้าว (Rice),1,67.2,ไร่ (rai),68.95
3982,2564,9,อากาศอำนวย,ปศุสัตว์ (Livestock),1,126.0,unit,97.86
3983,2563,2,เต่างอย,พลังงานที่พักอาศัย (Residential),2,111.6,1000 kWh,49.29
3984,2564,9,สว่างแดนดิน,การขนส่งทางถนน (On-road),1,32.2,1000 L,86.34
3985,2562,1,บ้านม่วง,การขนส่งทางถนน (On-road),1,48.8,1000 L,113.54
3986,2563,12,ภูพาน,ดินที่จัดการ (Managed soil),1,212.3,unit,100.37
3987,2562,6,วานรนิวาส,การปลูกข้าว (Rice),1,144.3,ไร่ (rai),163.94
3988,2563,7,ส่องดาว,การขนส่งทางถนน (On-road),1,36.3,1000 L,89.44
3989,2563,8,เมืองสกลนคร,พลังงานที่พักอาศัย (Residential),2,109.3,1000 kWh,56.21
3990,2563,1,นิคมน้ำอูน,การขนส่งทางถนน (On-road),1,40.6,1000 L,119.1
3991,2562,2,ภูพาน,การปลูกข้าว (Rice),1,51.1,ไร่ (rai),56.2
3992,2562,6,โพนนาแก้ว,พลังงานธุรกิจ (Commercial),2,179.2,unit,110.15
3993,2562,6,สว่างแดนดิน,การปลูกข้าว (Rice),1,112.1,ไร่ (rai),141.7
3994,2563,10,โพนนาแก้ว,การขนส่งทางถนน (On-road),1,6.8,1000 L,19.69
3995,2564,3,กุสุมาลย์,การปลูกข้าว (Rice),1,99.4,ไร่ (rai),108.04
3996,2563,11,บ้านม่วง,การปลูกข้าว (Rice),1,128.9,ไร่ (rai),163.89
3997,2562,12,นิคมน้ำอูน,การขนส่งทางถนน (On-road),1,40.5,1000 L,101.98
3998,2562,9,เมืองสกลนคร,การปลูกข้าว (Rice),1,76.0,ไร่ (rai),104.16
3999,2562,5,พรรณานิคม,การปลูกข้าว (Rice),1,91.7,ไร่ (rai),95.61
4000,2563,1,คำตากล้า,การปลูกข้าว (Rice),1,63.6,ไร่ (rai),67.62
4001,2564,5,พังโคน,ปศุสัตว์ (Livestock),1,108.8,unit,95.15
4002,2564,12,วานรนิวาส,การปลูกข้าว (Rice),1,112.8,ไร่ (rai),118.73
4003,2562,6,นิคมน้ำอูน,พลังงานธุรกิจ (Commercial),2,287.9,unit,151.64
4004,2564,7,บ้านม่วง,น้ำเสีย (Wastewater),1,158.3,unit,87.93
4005,2564,2,โพนนาแก้ว,พลังงานที่พักอาศัย (Residential),2,69.3,1000 kWh,31.91
4006,2562,12,พรรณานิคม,การปลูกข้าว (Rice),1,76.4,ไร่ (rai),88.72
4007,2563,7,โพนนาแก้ว,การขนส่งทางถนน (On-road),1,41.0,1000 L,115.49
4008,2562,9,บ้านม่วง,การปลูกข้าว (Rice),1,81.0,ไร่ (rai),105.02
4009,2563,4,เมืองสกลนคร,การปลูกข้าว (Rice),1,68.3,ไร่ (rai),79.44
4010,2563,3,ค้อวัง,การปลูกข้าว (Rice),1,35.7,ไร่ (rai),39.3
4011,2564,6,สว่างแดนดิน,การปลูกข้าว (Rice),1,90.0,ไร่ (rai),107.66
4012,2564,7,ภูพาน,พลังงานธุรกิจ (Commercial),2,81.0,unit,43.7
4013,2562,10,เจริญศิลป์,การปลูกข้าว (Rice),1,136.0,ไร่ (rai),181.9
4014,2562,6,ค้อวัง,พลังงานธุรกิจ (Commercial),2,171.5,unit,101.63
4015,2562,4,ภูพาน,การปลูกข้าว (Rice),1,129.9,ไร่ (rai),158.18
4016,2563,5,อากาศอำนวย,การปลูกข้าว (Rice),1,134.3,ไร่ (rai),170.45
4017,2563,11,กุสุมาลย์,พลังงานที่พักอาศัย (Residential),2,121.7,1000 kWh,68.35
4018,2564,5,เต่างอย,การปลูกข้าว (Rice),1,107.5,ไร่ (rai),116.73
4019,2563,6,โคกศรีสุพรรณ,การปลูกข้าว (Rice),1,67.2,ไร่ (rai),75.01
4020,2563,6,โคกศรีสุพรรณ,ปศุสัตว์ (Livestock),1,246.7,unit,224.23
4021,2564,12,พังโคน,การปลูกข้าว (Rice),1,32.2,ไร่ (rai),33.0
4022,2562,12,เจริญศิลป์,ปศุสัตว์ (Livestock),1,77.8,unit,70.84
4023,2564,2,ส่องดาว,การปลูกข้าว (Rice),1,68.3,ไร่ (rai),88.69
4024,2564,5,อากาศอำนวย,การปลูกข้าว (Rice),1,70.5,ไร่ (rai),97.04
4025,2562,8,พรรณานิคม,น้ำเสีย (Wastewater),1,267.3,unit,120.52
4026,2563,10,กุสุมาลย์,พลังงานที่พักอาศัย (Residential),2,202.0,1000 kWh,88.14
4027,2564,5,บ้านม่วง,การขนส่งทางถนน (On-road),1,25.5,1000 L,69.83
4028,2562,9,สว่างแดนดิน,ปศุสัตว์ (Livestock),1,163.3,unit,116.46
4029,2562,12,เต่างอย,พลังงานธุรกิจ (Commercial),2,127.6,unit,84.97
4030,2562,8,โคกศรีสุพรรณ,น้ำเสีย (Wastewater),1,252.7,unit,123.49
4031,2563,3,ค้อวัง,การขนส่งทางถนน (On-road),1,24.1,1000 L,61.38
4032,2564,2,บ้านม่วง,ปศุสัตว์ (Livestock),1,183.6,unit,162.21
4033,2564,10,ภูพาน,การปลูกข้าว (Rice),1,97.9,ไร่ (rai),101.73
4034,2564,4,ภูพาน,การปลูกข้าว (Rice),1,28.9,ไร่ (rai),37.11
4035,2564,11,วาริชภูมิ,การปลูกข้าว (Rice),1,126.7,ไร่ (rai),132.37
4036,2562,1,ส่องดาว,ปศุสัตว์ (Livestock),1,58.8,unit,42.49
4037,2564,8,วานรนิวาส,การปลูกข้าว (Rice),1,88.8,ไร่ (rai),93.66
4038,2562,2,ภูพาน,การปลูกข้าว (Rice),1,39.5,ไร่ (rai),53.82
4039,2563,6,บ้านม่วง,การปลูกข้าว (Rice),1,132.0,ไร่ (rai),155.27
4040,2564,10,อากาศอำนวย,การปลูกข้าว (Rice),1,43.4,ไร่ (rai),46.86
4041,2563,5,ส่องดาว,การปลูกข้าว (Rice),1,126.4,ไร่ (rai),162.24
4042,2564,11,วาริชภูมิ,การปลูกข้าว (Rice),1,120.1,ไร่ (rai),141.69
4043,2563,1,ภูพาน,ฝังกลบขยะ (Landfill),1,116.6,unit,97.42
4044,2562,12,วานรนิวาส,การขนส่งทางถนน (On-road),1,46.7,1000 L,134.13
4045,2564,12,บ้านม่วง,การปลูกข้าว (Rice),1,123.2,ไร่ (rai),139.6
4046,2564,1,เต่างอย,การปลูกข้าว (Rice),1,99.3,ไร่ (rai),127.98
4047,2563,6,สว่างแดนดิน,การปลูกข้าว (Rice),1,96.1,ไร่ (rai),109.6
4048,2563,2,เมืองสกลนคร,การปลูกข้าว (Rice),1,76.8,ไร่ (rai),86.02
4049,2564,10,วาริชภูมิ,ดินที่จัดการ (Managed soil),1,85.5,unit,44.18
4050,2563,9,โพนนาแก้ว,การปลูกข้าว (Rice),1,28.6,ไร่ (rai),38.13
4051,2564,2,เจริญศิลป์,การปลูกข้าว (Rice),1,104.9,ไร่ (rai),138.99
4052,2563,7,บ้านม่วง,ปศุสัตว์ (Livestock),1,243.9,unit,217.68
4053,2562,5,พังโคน,การปลูกข้าว (Rice),1,67.1,ไร่ (rai),85.54
4054,2564,8,พังโคน,การปลูกข้าว (Rice),1,118.5,ไร่ (rai),140.02
4055,2564,7,บ้านม่วง,ปศุสัตว์ (Livestock),1,109.1,unit,83.69
4056,2564,4,ค้อวัง,ปศุสัตว์ (Livestock),1,105.5,unit,95.64
4057,2563,8,โพนนาแก้ว,การขนส่งทางถนน (On-road),1,49.7,1000 L,129.01
4058,2563,7,วานรนิวาส,การขนส่งทางถนน (On-road),1,55.3,1000 L,136.09
4059,2564,5,สว่างแดนดิน,ดินที่จัดการ (Managed soil),1,239.4,unit,132.27
4060,2562,10,กุสุมาลย์,การปลูกข้าว (Rice),1,91.7,ไร่ (rai),125.81
4061,2564,6,สว่างแดนดิน,ปศุสัตว์ (Livestock),1,241.0,unit,181.63
4062,2562,6,สว่างแดนดิน,ฝังกลบขยะ (Landfill),1,106.3,unit,78.74
4063,2563,8,โคกศรีสุพรรณ,การปลูกข้าว (Rice),1,66.4,ไร่ (rai),80.17
4064,2562,10,บ้านม่วง,การขนส่งทางถนน (On-road),1,43.7,1000 L,129.12
4065,2564,3,สว่างแดนดิน,การขนส่งทางถนน (On-road),1,32.0,1000 L,89.18
4066,2564,8,พังโคน,การปลูกข้าว (Rice),1,83.7,ไร่ (rai),93.98
4067,2564,8,อากาศอำนวย,การขนส่งทางถนน (On-road),1,15.1,1000 L,39.67
4068,2563,2,วาริชภูมิ,การขนส่งทางถนน (On-road),1,15.8,1000 L,36.53
4069,2562,11,วานรนิวาส,การปลูกข้าว (Rice),1,88.4,ไร่ (rai),112.93
4070,2562,7,ส่องดาว,การขนส่งทางถนน (On-road),1,26.6,1000 L,81.5
4071,2563,7,เจริญศิลป์,พลังงานที่พักอาศัย (Residential),2,189.8,1000 kWh,96.88
4072,2563,10,โคกศรีสุพรรณ,พลังงานธุรกิจ (Commercial),2,145.5,unit,85.31
4073,2564,3,วาริชภูมิ,การขนส่งทางถนน (On-road),1,10.2,1000 L,24.73
4074,2564,12,ภูพาน,การขนส่งทางถนน (On-road),1,37.4,1000 L,110.36
4075,2562,7,เจริญศิลป์,พลังงานที่พักอาศัย (Residential),2,134.7,1000 kWh,59.36
4076,2562,7,สว่างแดนดิน,การขนส่งทางถนน (On-road),1,27.8,1000 L,67.16
4077,2562,6,โคกศรีสุพรรณ,การปลูกข้าว (Rice),1,59.3,ไร่ (rai),64.75
4078,2564,12,นิคมน้ำอูน,ดินที่จัดการ (Managed soil),1,266.9,unit,125.84
4079,2563,10,อากาศอำนวย,การปลูกข้าว (Rice),1,138.4,ไร่ (rai),175.19
4080,2562,8,ส่องดาว,การปลูกข้าว (Rice),1,106.6,ไร่ (rai),143.76
4081,2562,9,ภูพาน,การขนส่งทางถนน (On-road),1,26.0,1000 L,77.75
4082,2563,1,เมืองสกลนคร,พลังงานธุรกิจ (Commercial),2,117.3,unit,69.45
4083,2563,3,สว่างแดนดิน,การปลูกข้าว (Rice),1,67.4,ไร่ (rai),87.26
4084,2562,3,เมืองสกลนคร,ปศุสัตว์ (Livestock),1,77.2,unit,57.3
4085,2564,8,เมืองสกลนคร,พลังงานที่พักอาศัย (Residential),2,103.6,1000 kWh,55.98
4086,2564,9,โพนนาแก้ว,การปลูกข้าว (Rice),1,41.8,ไร่ (rai),49.78
4087,2563,10,ค้อวัง,น้ำเสีย (Wastewater),1,123.5,unit,63.34
4088,2564,5,วานรนิวาส,การขนส่งทางถนน (On-road),1,22.2,1000 L,58.46
4089,2564,6,ค้อวัง,พลังงานธุรกิจ (Commercial),2,167.5,unit,101.98
4090,2562,8,วานรนิวาส,การปลูกข้าว (Rice),1,134.0,ไร่ (rai),143.0
4091,2564,8,ส่องดาว,การปลูกข้าว (Rice),1,115.7,ไร่ (rai),133.51
4092,2564,6,คำตากล้า,การขนส่งทางถนน (On-road),1,40.0,1000 L,110.24
4093,2563,3,สว่างแดนดิน,การปลูกข้าว (Rice),1,113.5,ไร่ (rai),141.38
4094,2563,8,พังโคน,การขนส่งทางถนน (On-road),1,23.3,1000 L,67.89
4095,2563,9,พังโคน,น้ำเสีย (Wastewater),1,319.9,unit,159.05
4096,2563,6,ภูพาน,การปลูกข้าว (Rice),1,30.8,ไร่ (rai),41.84
4097,2563,8,พรรณานิคม,การปลูกข้าว (Rice),1,44.1,ไร่ (rai),51.51
4098,2562,3,โพนนาแก้ว,การปลูกข้าว (Rice),1,116.5,ไร่ (rai),146.49
4099,2562,1,บ้านม่วง,การปลูกข้าว (Rice),1,93.9,ไร่ (rai),122.63
4100,2562,7,วาริชภูมิ,การขนส่งทางถนน (On-road),1,18.6,1000 L,52.64
4101,2563,11,เต่างอย,การปลูกข้าว (Rice),1,143.5,ไร่ (rai),166.57
4102,2563,10,วาริชภูมิ,การปลูกข้าว (Rice),1,61.6,ไร่ (rai),77.53
4103,2563,2,เจริญศิลป์,การปลูกข้าว (Rice),1,141.8,ไร่ (rai),188.85
4104,2562,3,โคกศรีสุพรรณ,พลังงานที่พักอาศัย (Residential),2,197.4,1000 kWh,107.32
4105,2563,3,พรรณานิคม,ปศุสัตว์ (Livestock),1,78.3,unit,68.87
4106,2564,10,สว่างแดนดิน,การปลูกข้าว (Rice),1,65.1,ไร่ (rai),74.02
4107,2563,12,พังโคน,การปลูกข้าว (Rice),1,24.6,ไร่ (rai),32.73
4108,2563,4,เจริญศิลป์,การปลูกข้าว (Rice),1,51.6,ไร่ (rai),62.87
4109,2564,10,อากาศอำนวย,การปลูกข้าว (Rice),1,29.9,ไร่ (rai),34.15
4110,2563,2,โคกศรีสุพรรณ,การขนส่งทางถนน (On-road),1,5.0,1000 L,12.95
4111,2563,1,ภูพาน,ปศุสัตว์ (Livestock),1,67.6,unit,60.29
4112,2563,1,เมืองสกลนคร,ฝังกลบขยะ (Landfill),1,147.8,unit,111.06
4113,2563,3,คำตากล้า,ปศุสัตว์ (Livestock),1,191.7,unit,138.5
4114,2563,12,อากาศอำนวย,การขนส่งทางถนน (On-road),1,8.4,1000 L,23.76
4115,2564,9,คำตากล้า,การปลูกข้าว (Rice),1,88.0,ไร่ (rai),107.52
4116,2563,1,คำตากล้า,การขนส่งทางถนน (On-road),1,77.9,1000 L,190.7
4117,2563,8,วาริชภูมิ,การขนส่งทางถนน (On-road),1,35.8,1000 L,108.94
4118,2562,12,บ้านม่วง,ดินที่จัดการ (Managed soil),1,314.7,unit,142.09
4119,2562,3,โคกศรีสุพรรณ,การปลูกข้าว (Rice),1,109.7,ไร่ (rai),151.13
4120,2562,11,บ้านม่วง,ปศุสัตว์ (Livestock),1,168.2,unit,141.08
4121,2564,2,นิคมน้ำอูน,การขนส่งทางถนน (On-road),1,75.2,1000 L,215.68
4122,2563,2,นิคมน้ำอูน,การปลูกข้าว (Rice),1,116.9,ไร่ (rai),142.68
4123,2563,12,บ้านม่วง,การขนส่งทางถนน (On-road),1,32.4,1000 L,93.58
4124,2563,5,เต่างอย,การปลูกข้าว (Rice),1,88.7,ไร่ (rai),121.38
4125,2563,11,พังโคน,ปศุสัตว์ (Livestock),1,106.6,unit,89.07
4126,2563,7,บ้านม่วง,การปลูกข้าว (Rice),1,136.0,ไร่ (rai),179.8
4127,2563,5,พังโคน,ปศุสัตว์ (Livestock),1,191.3,unit,142.07
4128,2562,5,คำตากล้า,การปลูกข้าว (Rice),1,64.1,ไร่ (rai),82.99
4129,2563,12,พังโคน,การปลูกข้าว (Rice),1,99.5,ไร่ (rai),117.05
4130,2563,4,โพนนาแก้ว,การปลูกข้าว (Rice),1,100.0,ไร่ (rai),132.4
4131,2563,3,พังโคน,ปศุสัตว์ (Livestock),1,98.4,unit,75.6
4132,2562,12,โคกศรีสุพรรณ,การขนส่งทางถนน (On-road),1,46.5,1000 L,122.13
4133,2564,10,เต่างอย,ปศุสัตว์ (Livestock),1,115.4,unit,94.14
4134,2563,9,เจริญศิลป์,การขนส่งทางถนน (On-road),1,66.1,1000 L,157.88
4135,2564,7,ส่องดาว,ปศุสัตว์ (Livestock),1,44.4,unit,35.41
4136,2563,12,ค้อวัง,พลังงานธุรกิจ (Commercial),2,106.6,unit,66.88
4137,2564,9,คำตากล้า,การปลูกข้าว (Rice),1,92.7,ไร่ (rai),121.8
4138,2563,11,นิคมน้ำอูน,การขนส่งทางถนน (On-road),1,53.6,1000 L,134.94
4139,2564,5,นิคมน้ำอูน,ปศุสัตว์ (Livestock),1,104.6,unit,73.87
4140,2562,8,สว่างแดนดิน,ปศุสัตว์ (Livestock),1,97.0,unit,79.43
4141,2564,6,วาริชภูมิ,การปลูกข้าว (Rice),1,58.2,ไร่ (rai),80.19
4142,2564,2,กุสุมาลย์,การปลูกข้าว (Rice),1,79.1,ไร่ (rai),104.28
4143,2562,5,ค้อวัง,ปศุสัตว์ (Livestock),1,221.0,unit,172.99
4144,2562,12,โพนนาแก้ว,ดินที่จัดการ (Managed soil),1,273.7,unit,147.92
4145,2563,6,ค้อวัง,การขนส่งทางถนน (On-road),1,36.7,1000 L,89.79
4146,2563,6,โคกศรีสุพรรณ,พลังงานที่พักอาศัย (Residential),2,252.2,1000 kWh,128.23
4147,2564,6,นิคมน้ำอูน,การปลูกข้าว (Rice),1,49.9,ไร่ (rai),62.24
4148,2562,5,พรรณานิคม,พลังงานธุรกิจ (Commercial),2,140.8,unit,87.52
4149,2563,6,ส่องดาว,ปศุสัตว์ (Livestock),1,88.0,unit,60.0
4150,2563,11,เต่างอย,พลังงานที่พักอาศัย (Residential),2,269.3,1000 kWh,122.05
4151,2562,7,พังโคน,การปลูกข้าว (Rice),1,71.6,ไร่ (rai),74.45
4152,2563,4,บ้านม่วง,ฝังกลบขยะ (Landfill),1,269.7,unit,206.03
4153,2564,1,วานรนิวาส,การปลูกข้าว (Rice),1,88.0,ไร่ (rai),101.32
4154,2562,1,พังโคน,ปศุสัตว์ (Livestock),1,121.5,unit,84.88
4155,2564,6,ส่องดาว,พลังงานที่พักอาศัย (Residential),2,114.6,1000 kWh,54.31
4156,2564,1,คำตากล้า,การปลูกข้าว (Rice),1,113.3,ไร่ (rai),153.06
4157,2563,9,โคกศรีสุพรรณ,ปศุสัตว์ (Livestock),1,227.8,unit,189.86
4158,2562,8,พังโคน,การปลูกข้าว (Rice),1,25.8,ไร่ (rai),33.35
4159,2562,2,วานรนิวาส,การปลูกข้าว (Rice),1,119.8,ไร่ (rai),136.12
4160,2562,3,โพนนาแก้ว,พลังงานธุรกิจ (Commercial),2,173.5,unit,91.19
4161,2562,9,นิคมน้ำอูน,การปลูกข้าว (Rice),1,85.8,ไร่ (rai),118.2
4162,2564,11,เต่างอย,การปลูกข้าว (Rice),1,70.5,ไร่ (rai),74.21
4163,2563,7,นิคมน้ำอูน,การปลูกข้าว (Rice),1,89.3,ไร่ (rai),100.36
4164,2564,11,พรรณานิคม,การขนส่งทางถนน (On-road),1,32.3,1000 L,99.08
4165,2562,8,โพนนาแก้ว,การปลูกข้าว (Rice),1,47.3,ไร่ (rai),56.49
4166,2563,4,เจริญศิลป์,การขนส่งทางถนน (On-road),1,53.2,1000 L,155.95
4167,2563,7,กุสุมาลย์,การขนส่งทางถนน (On-road),1,35.7,1000 L,110.73
4168,2562,7,บ้านม่วง,การขนส่งทางถนน (On-road),1,46.6,1000 L,112.66
4169,2563,12,เจริญศิลป์,การขนส่งทางถนน (On-road),1,53.2,1000 L,141.22
4170,2564,2,เมืองสกลนคร,การขนส่งทางถนน (On-road),1,6.4,1000 L,16.01
4171,2563,12,กุสุมาลย์,การปลูกข้าว (Rice),1,59.1,ไร่ (rai),78.05
4172,2562,8,เมืองสกลนคร,การปลูกข้าว (Rice),1,28.7,ไร่ (rai),34.09
4173,2563,10,นิคมน้ำอูน,การปลูกข้าว (Rice),1,36.0,ไร่ (rai),37.92
4174,2563,1,วานรนิวาส,ปศุสัตว์ (Livestock),1,159.9,unit,131.04
4175,2563,5,เจริญศิลป์,ดินที่จัดการ (Managed soil),1,182.4,unit,84.9
4176,2564,8,เมืองสกลนคร,การปลูกข้าว (Rice),1,70.7,ไร่ (rai),92.13
4177,2562,4,กุสุมาลย์,การปลูกข้าว (Rice),1,148.0,ไร่ (rai),175.28
4178,2563,12,พังโคน,การขนส่งทางถนน (On-road),1,43.3,1000 L,131.3
4179,2562,12,วาริชภูมิ,การปลูกข้าว (Rice),1,60.4,ไร่ (rai),67.03
4180,2563,7,ค้อวัง,การปลูกข้าว (Rice),1,42.7,ไร่ (rai),55.59
4181,2564,9,อากาศอำนวย,การปลูกข้าว (Rice),1,119.7,ไร่ (rai),133.58
4182,2562,3,สว่างแดนดิน,การขนส่งทางถนน (On-road),1,46.1,1000 L,115.78
4183,2563,1,วาริชภูมิ,การขนส่งทางถนน (On-road),1,45.3,1000 L,115.33
4184,2563,6,พังโคน,การปลูกข้าว (Rice),1,104.6,ไร่ (rai),125.28
4185,2562,6,นิคมน้ำอูน,การปลูกข้าว (Rice),1,123.3,ไร่ (rai),157.18
4186,2564,6,สว่างแดนดิน,ปศุสัตว์ (Livestock),1,76.3,unit,64.44
4187,2562,9,เต่างอย,การปลูกข้าว (Rice),1,130.2,ไร่ (rai),155.33
4188,2563,7,เจริญศิลป์,ดินที่จัดการ (Managed soil),1,81.0,unit,35.92
4189,2563,12,เต่างอย,การปลูกข้าว (Rice),1,81.5,ไร่ (rai),87.15
4190,2563,11,พังโคน,ปศุสัตว์ (Livestock),1,115.0,unit,92.29
4191,2564,9,เมืองสกลนคร,น้ำเสีย (Wastewater),1,395.3,unit,183.78
4192,2562,4,ภูพาน,ปศุสัตว์ (Livestock),1,104.5,unit,92.05
4193,2563,5,เมืองสกลนคร,การปลูกข้าว (Rice),1,93.5,ไร่ (rai),119.94
4194,2562,3,อากาศอำนวย,การปลูกข้าว (Rice),1,119.8,ไร่ (rai),159.13
4195,2564,5,เจริญศิลป์,การขนส่งทางถนน (On-road),1,58.6,1000 L,165.41
4196,2563,10,ค้อวัง,การขนส่งทางถนน (On-road),1,38.2,1000 L,114.19
4197,2564,2,โพนนาแก้ว,การปลูกข้าว (Rice),1,99.3,ไร่ (rai),127.05
4198,2564,3,อากาศอำนวย,การขนส่งทางถนน (On-road),1,48.6,1000 L,119.2
4199,2563,9,โคกศรีสุพรรณ,การปลูกข้าว (Rice),1,104.4,ไร่ (rai),126.48
4200,2564,1,เต่างอย,การปลูกข้าว (Rice),1,27.2,ไร่ (rai),37.06
4201,2562,10,กุสุมาลย์,การปลูกข้าว (Rice),1,110.1,ไร่ (rai),149.15
4202,2564,11,เมืองสกลนคร,การปลูกข้าว (Rice),1,79.2,ไร่ (rai),107.38
4203,2563,2,โคกศรีสุพรรณ,พลังงานที่พักอาศัย (Residential),2,207.9,1000 kWh,98.24
4204,2562,10,เจริญศิลป์,การปลูกข้าว (Rice),1,122.2,ไร่ (rai),155.64
4205,2562,3,พังโคน,การปลูกข้าว (Rice),1,115.2,ไร่ (rai),136.27
4206,2564,12,สว่างแดนดิน,การขนส่งทางถนน (On-road),1,16.3,1000 L,49.14
4207,2564,2,เจริญศิลป์,การขนส่งทางถนน (On-road),1,25.3,1000 L,68.35
4208,2562,4,อากาศอำนวย,การปลูกข้าว (Rice),1,41.3,ไร่ (rai),46.95
4209,2564,5,พรรณานิคม,ปศุสัตว์ (Livestock),1,148.6,unit,126.63
4210,2562,7,วานรนิวาส,พลังงานที่พักอาศัย (Residential),2,222.8,1000 kWh,103.55
4211,2562,9,เจริญศิลป์,การปลูกข้าว (Rice),1,62.6,ไร่ (rai),81.47
4212,2562,2,ภูพาน,การปลูกข้าว (Rice),1,87.0,ไร่ (rai),104.33
4213,2563,2,พรรณานิคม,พลังงานที่พักอาศัย (Residential),2,207.9,1000 kWh,109.88
4214,2564,11,วานรนิวาส,การขนส่งทางถนน (On-road),1,30.6,1000 L,76.24
4215,2564,9,เต่างอย,ดินที่จัดการ (Managed soil),1,154.9,unit,71.34
4216,2564,1,เจริญศิลป์,การปลูกข้าว (Rice),1,107.9,ไร่ (rai),141.04
4217,2562,5,ค้อวัง,การปลูกข้าว (Rice),1,139.7,ไร่ (rai),164.4
4218,2562,7,สว่างแดนดิน,การปลูกข้าว (Rice),1,62.7,ไร่ (rai),72.2
4219,2563,5,พรรณานิคม,การขนส่งทางถนน (On-road),1,5.0,1000 L,15.14
4220,2562,4,เมืองสกลนคร,ดินที่จัดการ (Managed soil),1,188.4,unit,86.27
4221,2562,3,ค้อวัง,พลังงานธุรกิจ (Commercial),2,156.9,unit,108.07
4222,2564,3,ส่องดาว,ปศุสัตว์ (Livestock),1,220.3,unit,189.24
4223,2562,10,สว่างแดนดิน,การปลูกข้าว (Rice),1,114.9,ไร่ (rai),143.88
4224,2562,4,โพนนาแก้ว,ปศุสัตว์ (Livestock),1,137.7,unit,118.51
4225,2564,7,โพนนาแก้ว,ปศุสัตว์ (Livestock),1,135.9,unit,101.42
4226,2564,5,วาริชภูมิ,น้ำเสีย (Wastewater),1,174.5,unit,77.03
4227,2564,7,อากาศอำนวย,การปลูกข้าว (Rice),1,89.6,ไร่ (rai),104.4
4228,2564,7,พังโคน,การปลูกข้าว (Rice),1,77.0,ไร่ (rai),88.92
4229,2563,4,วานรนิวาส,การปลูกข้าว (Rice),1,104.1,ไร่ (rai),130.13
4230,2564,4,โคกศรีสุพรรณ,การปลูกข้าว (Rice),1,76.4,ไร่ (rai),93.78
4231,2563,6,ค้อวัง,การขนส่งทางถนน (On-road),1,44.8,1000 L,135.88
4232,2564,11,เจริญศิลป์,การปลูกข้าว (Rice),1,104.2,ไร่ (rai),114.91
4233,2562,8,นิคมน้ำอูน,พลังงานธุรกิจ (Commercial),2,261.4,unit,174.36
4234,2562,5,พังโคน,การปลูกข้าว (Rice),1,54.2,ไร่ (rai),63.17
4235,2562,7,ค้อวัง,การปลูกข้าว (Rice),1,154.5,ไร่ (rai),195.34
4236,2563,9,เต่างอย,การขนส่งทางถนน (On-road),1,28.6,1000 L,83.25
4237,2564,12,ภูพาน,การปลูกข้าว (Rice),1,98.6,ไร่ (rai),105.24
4238,2562,11,ส่องดาว,การขนส่งทางถนน (On-road),1,38.9,1000 L,120.32
4239,2564,5,วาริชภูมิ,การปลูกข้าว (Rice),1,146.8,ไร่ (rai),197.87
4240,2564,1,สว่างแดนดิน,การปลูกข้าว (Rice),1,5.2,ไร่ (rai),6.73
4241,2562,10,นิคมน้ำอูน,การปลูกข้าว (Rice),1,51.8,ไร่ (rai),64.95
4242,2564,10,สว่างแดนดิน,การปลูกข้าว (Rice),1,80.9,ไร่ (rai),87.98
4243,2564,4,เมืองสกลนคร,ดินที่จัดการ (Managed soil),1,247.9,unit,110.43
4244,2564,12,ภูพาน,การปลูกข้าว (Rice),1,75.7,ไร่ (rai),101.51
4245,2563,3,วานรนิวาส,การปลูกข้าว (Rice),1,151.8,ไร่ (rai),207.2
4246,2564,2,สว่างแดนดิน,การปลูกข้าว (Rice),1,111.0,ไร่ (rai),138.34
4247,2563,10,บ้านม่วง,การขนส่งทางถนน (On-road),1,60.3,1000 L,160.52
4248,2563,3,โคกศรีสุพรรณ,การปลูกข้าว (Rice),1,93.7,ไร่ (rai),124.12
4249,2563,3,บ้านม่วง,การปลูกข้าว (Rice),1,43.8,ไร่ (rai),57.19
4250,2564,3,วาริชภูมิ,การขนส่งทางถนน (On-road),1,57.9,1000 L,148.82
4251,2563,6,บ้านม่วง,การปลูกข้าว (Rice),1,111.4,ไร่ (rai),148.19
4252,2562,8,อากาศอำนวย,การปลูกข้าว (Rice),1,103.2,ไร่ (rai),124.72
4253,2564,1,คำตากล้า,การปลูกข้าว (Rice),1,69.1,ไร่ (rai),81.83
4254,2564,10,พรรณานิคม,ปศุสัตว์ (Livestock),1,184.8,unit,156.76
4255,2563,6,กุสุมาลย์,การขนส่งทางถนน (On-road),1,63.4,1000 L,178.26
4256,2562,11,เมืองสกลนคร,พลังงานที่พักอาศัย (Residential),2,230.3,1000 kWh,123.85
4257,2563,11,อากาศอำนวย,ดินที่จัดการ (Managed soil),1,167.3,unit,94.27
4258,2563,3,สว่างแดนดิน,การปลูกข้าว (Rice),1,77.5,ไร่ (rai),87.24
4259,2562,7,กุสุมาลย์,ปศุสัตว์ (Livestock),1,129.6,unit,103.88
4260,2564,7,วาริชภูมิ,การขนส่งทางถนน (On-road),1,11.6,1000 L,30.92
4261,2562,1,วาริชภูมิ,การขนส่งทางถนน (On-road),1,38.7,1000 L,100.88
4262,2563,5,พรรณานิคม,การปลูกข้าว (Rice),1,108.8,ไร่ (rai),111.06
4263,2564,3,ค้อวัง,ปศุสัตว์ (Livestock),1,145.0,unit,101.7
4264,2562,12,เจริญศิลป์,การปลูกข้าว (Rice),1,108.3,ไร่ (rai),141.31
4265,2562,7,คำตากล้า,การขนส่งทางถนน (On-road),1,44.1,1000 L,127.08
4266,2562,1,กุสุมาลย์,พลังงานที่พักอาศัย (Residential),2,87.3,1000 kWh,40.2
4267,2562,11,ภูพาน,การปลูกข้าว (Rice),1,46.9,ไร่ (rai),60.77
4268,2563,6,เจริญศิลป์,การปลูกข้าว (Rice),1,93.6,ไร่ (rai),95.81
4269,2563,10,โคกศรีสุพรรณ,การขนส่งทางถนน (On-road),1,43.0,1000 L,109.98
4270,2564,7,กุสุมาลย์,การขนส่งทางถนน (On-road),1,42.5,1000 L,128.17
4271,2564,8,สว่างแดนดิน,การปลูกข้าว (Rice),1,27.1,ไร่ (rai),33.97
4272,2562,5,เจริญศิลป์,การปลูกข้าว (Rice),1,123.2,ไร่ (rai),142.58
4273,2562,6,สว่างแดนดิน,ฝังกลบขยะ (Landfill),1,107.5,unit,88.85
4274,2564,3,นิคมน้ำอูน,การปลูกข้าว (Rice),1,135.3,ไร่ (rai),145.02
4275,2564,7,ภูพาน,การขนส่งทางถนน (On-road),1,7.5,1000 L,20.04
4276,2562,8,วาริชภูมิ,การปลูกข้าว (Rice),1,121.3,ไร่ (rai),140.56
4277,2562,6,โคกศรีสุพรรณ,การปลูกข้าว (Rice),1,95.2,ไร่ (rai),121.02
4278,2562,8,ภูพาน,ปศุสัตว์ (Livestock),1,64.4,unit,57.8
4279,2562,6,อากาศอำนวย,ปศุสัตว์ (Livestock),1,164.0,unit,142.2
4280,2563,12,นิคมน้ำอูน,ปศุสัตว์ (Livestock),1,196.8,unit,137.45
4281,2564,12,พรรณานิคม,การปลูกข้าว (Rice),1,64.5,ไร่ (rai),75.04
4282,2562,7,สว่างแดนดิน,การขนส่งทางถนน (On-road),1,14.7,1000 L,40.45
4283,2564,10,พรรณานิคม,การปลูกข้าว (Rice),1,48.0,ไร่ (rai),61.37
4284,2564,3,เมืองสกลนคร,การปลูกข้าว (Rice),1,54.1,ไร่ (rai),74.12
4285,2564,6,ภูพาน,การปลูกข้าว (Rice),1,92.2,ไร่ (rai),102.25
4286,2564,3,บ้านม่วง,การปลูกข้าว (Rice),1,62.6,ไร่ (rai),64.51
4287,2564,2,ภูพาน,การปลูกข้าว (Rice),1,58.3,ไร่ (rai),64.22
4288,2562,1,วานรนิวาส,น้ำเสีย (Wastewater),1,71.2,unit,31.94
4289,2564,9,วานรนิวาส,การปลูกข้าว (Rice),1,155.1,ไร่ (rai),195.43
4290,2562,1,วานรนิวาส,การปลูกข้าว (Rice),1,92.6,ไร่ (rai),110.95
4291,2562,7,บ้านม่วง,การขนส่งทางถนน (On-road),1,50.7,1000 L,122.81
4292,2564,4,ค้อวัง,การปลูกข้าว (Rice),1,146.4,ไร่ (rai),161.8
4293,2564,5,อากาศอำนวย,การปลูกข้าว (Rice),1,117.9,ไร่ (rai),147.63
4294,2564,4,เต่างอย,การปลูกข้าว (Rice),1,107.6,ไร่ (rai),131.08
4295,2563,5,วานรนิวาส,การขนส่งทางถนน (On-road),1,35.2,1000 L,88.91
4296,2564,11,คำตากล้า,ดินที่จัดการ (Managed soil),1,122.5,unit,54.81
4297,2564,1,พังโคน,การปลูกข้าว (Rice),1,121.5,ไร่ (rai),127.19
4298,2563,9,นิคมน้ำอูน,ดินที่จัดการ (Managed soil),1,193.1,unit,107.26
4299,2563,5,ภูพาน,การปลูกข้าว (Rice),1,87.4,ไร่ (rai),98.82
4300,2564,10,นิคมน้ำอูน,การปลูกข้าว (Rice),1,74.3,ไร่ (rai),91.98
4301,2563,12,เต่างอย,การปลูกข้าว (Rice),1,137.7,ไร่ (rai),166.51
4302,2564,11,นิคมน้ำอูน,การปลูกข้าว (Rice),1,78.1,ไร่ (rai),105.83
4303,2563,5,โพนนาแก้ว,การขนส่งทางถนน (On-road),1,30.3,1000 L,71.41
4304,2562,12,เมืองสกลนคร,การปลูกข้าว (Rice),1,73.9,ไร่ (rai),95.32
4305,2564,2,บ้านม่วง,การปลูกข้าว (Rice),1,123.4,ไร่ (rai),152.25
4306,2563,10,เต่างอย,ปศุสัตว์ (Livestock),1,104.8,unit,86.64
4307,2562,2,สว่างแดนดิน,ฝังกลบขยะ (Landfill),1,134.3,unit,122.34
4308,2564,6,นิคมน้ำอูน,การปลูกข้าว (Rice),1,37.8,ไร่ (rai),39.16
4309,2564,2,พังโคน,ปศุสัตว์ (Livestock),1,140.7,unit,124.03
4310,2564,4,ค้อวัง,การขนส่งทางถนน (On-road),1,26.3,1000 L,68.61
4311,2563,8,วาริชภูมิ,การปลูกข้าว (Rice),1,24.9,ไร่ (rai),30.82
4312,2564,1,คำตากล้า,ดินที่จัดการ (Managed soil),1,120.2,unit,52.82
4313,2563,4,ส่องดาว,การปลูกข้าว (Rice),1,120.2,ไร่ (rai),157.13
4314,2563,11,สว่างแดนดิน,การขนส่งทางถนน (On-road),1,58.6,1000 L,152.22
4315,2564,10,พังโคน,การขนส่งทางถนน (On-road),1,63.8,1000 L,157.94
4316,2563,4,วานรนิวาส,การปลูกข้าว (Rice),1,17.9,ไร่ (rai),18.8
4317,2563,12,โพนนาแก้ว,พลังงานธุรกิจ (Commercial),2,154.1,unit,103.14
4318,2562,10,เมืองสกลนคร,การปลูกข้าว (Rice),1,65.2,ไร่ (rai),72.25
4319,2562,12,เต่างอย,การปลูกข้าว (Rice),1,87.5,ไร่ (rai),102.07
4320,2564,2,พังโคน,การปลูกข้าว (Rice),1,97.0,ไร่ (rai),106.07
4321,2564,1,เจริญศิลป์,ปศุสัตว์ (Livestock),1,84.0,unit,72.9
4322,2563,3,กุสุมาลย์,ดินที่จัดการ (Managed soil),1,203.3,unit,90.58
4323,2564,12,เจริญศิลป์,การปลูกข้าว (Rice),1,73.7,ไร่ (rai),96.67
4324,2562,4,เมืองสกลนคร,การปลูกข้าว (Rice),1,87.0,ไร่ (rai),106.02
4325,2563,8,นิคมน้ำอูน,การปลูกข้าว (Rice),1,63.8,ไร่ (rai),76.48
4326,2564,5,นิคมน้ำอูน,การปลูกข้าว (Rice),1,179.6,ไร่ (rai),194.95
4327,2562,4,โพนนาแก้ว,การปลูกข้าว (Rice),1,36.8,ไร่ (rai),44.5
4328,2562,10,เต่างอย,การปลูกข้าว (Rice),1,99.5,ไร่ (rai),127.65
4329,2562,7,ภูพาน,การปลูกข้าว (Rice),1,68.8,ไร่ (rai),84.64
4330,2563,3,บ้านม่วง,การขนส่งทางถนน (On-road),1,24.3,1000 L,63.64
4331,2563,7,นิคมน้ำอูน,การปลูกข้าว (Rice),1,144.7,ไร่ (rai),166.0
4332,2562,10,บ้านม่วง,การขนส่งทางถนน (On-road),1,40.1,1000 L,122.2
4333,2563,5,ภูพาน,ฝังกลบขยะ (Landfill),1,114.6,unit,96.33
4334,2562,7,ส่องดาว,การขนส่งทางถนน (On-road),1,41.7,1000 L,102.05
4335,2562,10,ค้อวัง,การปลูกข้าว (Rice),1,81.0,ไร่ (rai),111.51
4336,2563,3,สว่างแดนดิน,การขนส่งทางถนน (On-road),1,37.5,1000 L,111.17
4337,2562,8,ส่องดาว,การปลูกข้าว (Rice),1,98.3,ไร่ (rai),131.24
4338,2562,6,อากาศอำนวย,การปลูกข้าว (Rice),1,27.0,ไร่ (rai),36.46
4339,2563,9,วาริชภูมิ,การปลูกข้าว (Rice),1,71.9,ไร่ (rai),90.36
4340,2563,1,อากาศอำนวย,การขนส่งทางถนน (On-road),1,40.5,1000 L,108.16
4341,2562,6,สว่างแดนดิน,ดินที่จัดการ (Managed soil),1,170.8,unit,77.83
4342,2562,3,โพนนาแก้ว,การขนส่งทางถนน (On-road),1,41.3,1000 L,106.44
4343,2562,7,เต่างอย,ปศุสัตว์ (Livestock),1,111.2,unit,78.21
4344,2563,10,คำตากล้า,ดินที่จัดการ (Managed soil),1,216.4,unit,94.71
4345,2562,10,อากาศอำนวย,การขนส่งทางถนน (On-road),1,43.8,1000 L,104.63
4346,2564,7,พรรณานิคม,พลังงานที่พักอาศัย (Residential),2,227.6,1000 kWh,102.99
4347,2562,3,วาริชภูมิ,น้ำเสีย (Wastewater),1,221.7,unit,109.76
4348,2562,8,โพนนาแก้ว,การปลูกข้าว (Rice),1,126.6,ไร่ (rai),153.77
4349,2563,4,บ้านม่วง,การปลูกข้าว (Rice),1,104.4,ไร่ (rai),109.8
4350,2564,9,บ้านม่วง,การขนส่งทางถนน (On-road),1,31.4,1000 L,87.99
4351,2562,12,สว่างแดนดิน,ปศุสัตว์ (Livestock),1,107.3,unit,80.99
4352,2563,3,วานรนิวาส,การปลูกข้าว (Rice),1,123.4,ไร่ (rai),140.61
4353,2563,12,อากาศอำนวย,การปลูกข้าว (Rice),1,95.2,ไร่ (rai),124.72
4354,2562,2,สว่างแดนดิน,การปลูกข้าว (Rice),1,55.1,ไร่ (rai),72.78
4355,2562,7,พรรณานิคม,การขนส่งทางถนน (On-road),1,31.2,1000 L,89.22
4356,2562,6,วาริชภูมิ,ปศุสัตว์ (Livestock),1,129.8,unit,88.51
4357,2564,12,สว่างแดนดิน,การขนส่งทางถนน (On-road),1,35.4,1000 L,105.77
4358,2563,2,วาริชภูมิ,การขนส่งทางถนน (On-road),1,47.0,1000 L,132.31
4359,2564,4,กุสุมาลย์,การขนส่งทางถนน (On-road),1,16.8,1000 L,43.65
4360,2563,10,เจริญศิลป์,การขนส่งทางถนน (On-road),1,27.4,1000 L,70.58
4361,2564,10,กุสุมาลย์,พลังงานธุรกิจ (Commercial),2,217.5,unit,114.06
4362,2563,10,ค้อวัง,ปศุสัตว์ (Livestock),1,106.7,unit,88.21
4363,2564,5,โพนนาแก้ว,การขนส่งทางถนน (On-road),1,62.2,1000 L,156.73
4364,2564,6,พรรณานิคม,พลังงานที่พักอาศัย (Residential),2,263.8,1000 kWh,141.64
4365,2563,1,วานรนิวาส,การขนส่งทางถนน (On-road),1,30.4,1000 L,85.21
4366,2564,1,ส่องดาว,ปศุสัตว์ (Livestock),1,133.7,unit,117.08
4367,2564,2,นิคมน้ำอูน,ปศุสัตว์ (Livestock),1,113.7,unit,82.51
4368,2563,8,เมืองสกลนคร,การขนส่งทางถนน (On-road),1,41.8,1000 L,121.93
4369,2564,12,โพนนาแก้ว,การขนส่งทางถนน (On-road),1,29.6,1000 L,72.09
4370,2564,11,กุสุมาลย์,การขนส่งทางถนน (On-road),1,61.2,1000 L,170.43
4371,2563,6,ค้อวัง,การขนส่งทางถนน (On-road),1,30.2,1000 L,71.48
4372,2562,10,เต่างอย,การปลูกข้าว (Rice),1,94.7,ไร่ (rai),114.04
4373,2564,10,ค้อวัง,การปลูกข้าว (Rice),1,107.1,ไร่ (rai),119.47
4374,2564,11,บ้านม่วง,การปลูกข้าว (Rice),1,44.9,ไร่ (rai),57.86
4375,2563,2,โพนนาแก้ว,พลังงานที่พักอาศัย (Residential),2,229.5,1000 kWh,106.52
4376,2564,11,เมืองสกลนคร,การขนส่งทางถนน (On-road),1,33.7,1000 L,102.88
4377,2563,7,ภูพาน,การปลูกข้าว (Rice),1,54.9,ไร่ (rai),59.55
4378,2562,6,กุสุมาลย์,การขนส่งทางถนน (On-road),1,47.9,1000 L,143.21
4379,2562,11,พังโคน,พลังงานธุรกิจ (Commercial),2,79.5,unit,51.52
4380,2562,9,พรรณานิคม,การปลูกข้าว (Rice),1,117.5,ไร่ (rai),145.44
4381,2563,6,อากาศอำนวย,การปลูกข้าว (Rice),1,62.4,ไร่ (rai),67.05
4382,2563,9,วาริชภูมิ,ฝังกลบขยะ (Landfill),1,105.5,unit,90.79
4383,2564,12,บ้านม่วง,การขนส่งทางถนน (On-road),1,44.8,1000 L,113.28
4384,2562,12,สว่างแดนดิน,การปลูกข้าว (Rice),1,20.6,ไร่ (rai),24.32
4385,2564,10,คำตากล้า,การปลูกข้าว (Rice),1,87.3,ไร่ (rai),109.91
4386,2564,8,พรรณานิคม,ฝังกลบขยะ (Landfill),1,132.4,unit,99.51
4387,2563,12,โพนนาแก้ว,พลังงานธุรกิจ (Commercial),2,352.0,unit,188.01
4388,2564,9,พรรณานิคม,การปลูกข้าว (Rice),1,71.6,ไร่ (rai),90.76
4389,2564,12,นิคมน้ำอูน,การปลูกข้าว (Rice),1,15.8,ไร่ (rai),17.32
4390,2562,2,โคกศรีสุพรรณ,การขนส่งทางถนน (On-road),1,27.9,1000 L,64.23
4391,2562,8,ส่องดาว,การปลูกข้าว (Rice),1,105.2,ไร่ (rai),115.7
4392,2562,8,พรรณานิคม,ฝังกลบขยะ (Landfill),1,61.3,unit,55.56
4393,2562,6,อากาศอำนวย,การขนส่งทางถนน (On-road),1,5.0,1000 L,11.93
4394,2563,8,คำตากล้า,ดินที่จัดการ (Managed soil),1,189.4,unit,83.62
4395,2562,2,สว่างแดนดิน,การขนส่งทางถนน (On-road),1,47.5,1000 L,130.97
4396,2563,11,คำตากล้า,การปลูกข้าว (Rice),1,125.9,ไร่ (rai),167.37
4397,2564,10,กุสุมาลย์,การขนส่งทางถนน (On-road),1,52.0,1000 L,145.64
4398,2562,6,นิคมน้ำอูน,การปลูกข้าว (Rice),1,96.3,ไร่ (rai),130.81
4399,2564,1,วาริชภูมิ,พลังงานที่พักอาศัย (Residential),2,84.6,1000 kWh,42.82
4400,2564,11,ส่องดาว,พลังงานธุรกิจ (Commercial),2,159.7,unit,83.35
4401,2564,5,คำตากล้า,การปลูกข้าว (Rice),1,121.9,ไร่ (rai),155.21
4402,2562,10,วานรนิวาส,การขนส่งทางถนน (On-road),1,77.1,1000 L,227.01
4403,2564,3,นิคมน้ำอูน,การขนส่งทางถนน (On-road),1,39.7,1000 L,110.18
4404,2563,4,สว่างแดนดิน,การปลูกข้าว (Rice),1,64.8,ไร่ (rai),87.13
4405,2562,8,วาริชภูมิ,การปลูกข้าว (Rice),1,99.1,ไร่ (rai),111.31
4406,2562,9,พรรณานิคม,การปลูกข้าว (Rice),1,81.2,ไร่ (rai),111.31
4407,2564,11,กุสุมาลย์,การขนส่งทางถนน (On-road),1,49.3,1000 L,123.25
4408,2564,2,วานรนิวาส,น้ำเสีย (Wastewater),1,218.1,unit,109.62
4409,2562,1,นิคมน้ำอูน,ดินที่จัดการ (Managed soil),1,217.9,unit,110.26
4410,2563,8,พังโคน,การขนส่งทางถนน (On-road),1,42.1,1000 L,122.15
4411,2563,12,โพนนาแก้ว,การปลูกข้าว (Rice),1,22.6,ไร่ (rai),23.94
4412,2562,10,กุสุมาลย์,การปลูกข้าว (Rice),1,78.4,ไร่ (rai),91.72
4413,2564,1,โคกศรีสุพรรณ,การขนส่งทางถนน (On-road),1,26.6,1000 L,80.4
4414,2564,12,กุสุมาลย์,การปลูกข้าว (Rice),1,104.7,ไร่ (rai),116.02
4415,2562,1,คำตากล้า,ปศุสัตว์ (Livestock),1,122.0,unit,86.85
4416,2563,2,วาริชภูมิ,ดินที่จัดการ (Managed soil),1,153.4,unit,69.55
4417,2562,9,บ้านม่วง,ปศุสัตว์ (Livestock),1,134.3,unit,114.09
4418,2563,12,นิคมน้ำอูน,การปลูกข้าว (Rice),1,56.2,ไร่ (rai),72.74
4419,2563,6,บ้านม่วง,การปลูกข้าว (Rice),1,78.9,ไร่ (rai),107.1
4420,2564,9,กุสุมาลย์,การปลูกข้าว (Rice),1,136.0,ไร่ (rai),164.21
4421,2563,8,วาริชภูมิ,ดินที่จัดการ (Managed soil),1,239.4,unit,130.29
4422,2563,4,นิคมน้ำอูน,ปศุสัตว์ (Livestock),1,132.7,unit,117.2
4423,2562,8,วาริชภูมิ,ดินที่จัดการ (Managed soil),1,294.2,unit,155.73
4424,2564,11,สว่างแดนดิน,การปลูกข้าว (Rice),1,126.8,ไร่ (rai),165.77
4425,2564,6,เมืองสกลนคร,ปศุสัตว์ (Livestock),1,143.5,unit,129.04
4426,2563,10,พังโคน,น้ำเสีย (Wastewater),1,111.0,unit,50.11
4427,2563,1,พรรณานิคม,ปศุสัตว์ (Livestock),1,155.1,unit,109.95
4428,2563,4,เจริญศิลป์,การขนส่งทางถนน (On-road),1,53.5,1000 L,128.43
4429,2562,10,เมืองสกลนคร,การขนส่งทางถนน (On-road),1,35.0,1000 L,89.15
4430,2562,8,บ้านม่วง,การปลูกข้าว (Rice),1,30.7,ไร่ (rai),40.55
4431,2564,7,คำตากล้า,การปลูกข้าว (Rice),1,134.8,ไร่ (rai),150.76
4432,2564,10,โคกศรีสุพรรณ,การปลูกข้าว (Rice),1,86.3,ไร่ (rai),114.25
4433,2564,3,พังโคน,ปศุสัตว์ (Livestock),1,150.4,unit,107.15
4434,2562,9,วาริชภูมิ,การปลูกข้าว (Rice),1,82.4,ไร่ (rai),91.81
4435,2562,7,บ้านม่วง,พลังงานที่พักอาศัย (Residential),2,149.1,1000 kWh,77.04
4436,2564,7,คำตากล้า,การปลูกข้าว (Rice),1,96.2,ไร่ (rai),111.94
4437,2564,1,คำตากล้า,การปลูกข้าว (Rice),1,64.9,ไร่ (rai),86.11
4438,2564,2,ส่องดาว,การปลูกข้าว (Rice),1,151.5,ไร่ (rai),182.21
4439,2563,12,เต่างอย,ปศุสัตว์ (Livestock),1,140.0,unit,126.21
4440,2564,8,บ้านม่วง,ปศุสัตว์ (Livestock),1,76.6,unit,66.55
4441,2563,4,เต่างอย,การปลูกข้าว (Rice),1,24.7,ไร่ (rai),25.86
4442,2563,8,วาริชภูมิ,การปลูกข้าว (Rice),1,32.9,ไร่ (rai),40.45
4443,2564,10,อากาศอำนวย,การปลูกข้าว (Rice),1,15.7,ไร่ (rai),21.46
4444,2564,4,วาริชภูมิ,น้ำเสีย (Wastewater),1,390.3,unit,182.49
4445,2564,4,สว่างแดนดิน,การปลูกข้าว (Rice),1,43.5,ไร่ (rai),52.41
4446,2562,7,ค้อวัง,พลังงานธุรกิจ (Commercial),2,256.6,unit,142.15
4447,2563,12,วาริชภูมิ,การขนส่งทางถนน (On-road),1,66.5,1000 L,162.17
4448,2562,4,กุสุมาลย์,การปลูกข้าว (Rice),1,89.7,ไร่ (rai),117.65
4449,2563,4,วานรนิวาส,การขนส่งทางถนน (On-road),1,36.6,1000 L,90.12
4450,2564,12,โคกศรีสุพรรณ,การปลูกข้าว (Rice),1,69.7,ไร่ (rai),92.69
4451,2563,1,เมืองสกลนคร,การปลูกข้าว (Rice),1,107.5,ไร่ (rai),136.57
4452,2562,12,นิคมน้ำอูน,พลังงานที่พักอาศัย (Residential),2,284.2,1000 kWh,150.69
4453,2563,10,อากาศอำนวย,น้ำเสีย (Wastewater),1,153.5,unit,66.61
4454,2564,12,พังโคน,การปลูกข้าว (Rice),1,136.5,ไร่ (rai),155.85
4455,2563,10,พังโคน,การปลูกข้าว (Rice),1,15.1,ไร่ (rai),17.15
4456,2562,9,เต่างอย,การปลูกข้าว (Rice),1,127.2,ไร่ (rai),133.17
4457,2562,6,โคกศรีสุพรรณ,การขนส่งทางถนน (On-road),1,7.8,1000 L,23.7
4458,2562,10,อากาศอำนวย,การปลูกข้าว (Rice),1,87.8,ไร่ (rai),106.21
4459,2562,3,เจริญศิลป์,การปลูกข้าว (Rice),1,117.7,ไร่ (rai),154.27
4460,2562,8,กุสุมาลย์,การปลูกข้าว (Rice),1,92.2,ไร่ (rai),106.02
4461,2564,1,บ้านม่วง,การปลูกข้าว (Rice),1,113.4,ไร่ (rai),120.77
4462,2562,1,นิคมน้ำอูน,การปลูกข้าว (Rice),1,106.0,ไร่ (rai),122.58
4463,2562,6,กุสุมาลย์,การปลูกข้าว (Rice),1,102.8,ไร่ (rai),115.62
4464,2564,7,นิคมน้ำอูน,พลังงานธุรกิจ (Commercial),2,233.4,unit,128.02
4465,2563,5,ภูพาน,การขนส่งทางถนน (On-road),1,61.0,1000 L,168.96
4466,2563,1,บ้านม่วง,การปลูกข้าว (Rice),1,123.6,ไร่ (rai),155.42
4467,2564,7,ค้อวัง,การปลูกข้าว (Rice),1,82.2,ไร่ (rai),100.21
4468,2562,8,ส่องดาว,การปลูกข้าว (Rice),1,86.2,ไร่ (rai),99.91
4469,2562,8,พังโคน,การปลูกข้าว (Rice),1,80.1,ไร่ (rai),92.92
4470,2564,1,สว่างแดนดิน,ฝังกลบขยะ (Landfill),1,142.4,unit,118.5
4471,2562,6,โคกศรีสุพรรณ,พลังงานที่พักอาศัย (Residential),2,125.6,1000 kWh,60.95
4472,2564,4,โคกศรีสุพรรณ,การปลูกข้าว (Rice),1,64.5,ไร่ (rai),78.76
4473,2562,2,คำตากล้า,การขนส่งทางถนน (On-road),1,55.3,1000 L,150.48
4474,2562,11,เมืองสกลนคร,ปศุสัตว์ (Livestock),1,146.9,unit,124.27
4475,2562,2,กุสุมาลย์,การปลูกข้าว (Rice),1,113.4,ไร่ (rai),150.34
4476,2564,11,คำตากล้า,การปลูกข้าว (Rice),1,116.7,ไร่ (rai),132.06
4477,2564,1,พังโคน,การปลูกข้าว (Rice),1,78.4,ไร่ (rai),107.03
4478,2562,12,พรรณานิคม,พลังงานที่พักอาศัย (Residential),2,301.3,1000 kWh,138.88
4479,2564,2,เจริญศิลป์,ปศุสัตว์ (Livestock),1,205.0,unit,188.39
4480,2562,8,คำตากล้า,การปลูกข้าว (Rice),1,102.7,ไร่ (rai),137.38
4481,2562,8,เต่างอย,ดินที่จัดการ (Managed soil),1,178.3,unit,78.61
4482,2564,12,โพนนาแก้ว,การปลูกข้าว (Rice),1,136.7,ไร่ (rai),170.56
4483,2562,5,คำตากล้า,การปลูกข้าว (Rice),1,105.8,ไร่ (rai),122.97
4484,2562,8,โคกศรีสุพรรณ,ปศุสัตว์ (Livestock),1,63.1,unit,50.73
4485,2562,5,พรรณานิคม,การขนส่งทางถนน (On-road),1,43.8,1000 L,125.27
4486,2562,11,วานรนิวาส,การปลูกข้าว (Rice),1,107.6,ไร่ (rai),142.74
4487,2564,11,ภูพาน,ปศุสัตว์ (Livestock),1,83.4,unit,68.49
4488,2563,2,นิคมน้ำอูน,การปลูกข้าว (Rice),1,33.7,ไร่ (rai),40.49
4489,2563,10,นิคมน้ำอูน,น้ำเสีย (Wastewater),1,226.3,unit,120.69
4490,2562,10,คำตากล้า,การขนส่งทางถนน (On-road),1,39.6,1000 L,117.87
4491,2563,11,นิคมน้ำอูน,การปลูกข้าว (Rice),1,77.6,ไร่ (rai),105.41
4492,2564,8,เจริญศิลป์,การขนส่งทางถนน (On-road),1,44.1,1000 L,114.02
4493,2564,1,พรรณานิคม,การขนส่งทางถนน (On-road),1,36.7,1000 L,87.16
4494,2564,10,บ้านม่วง,ดินที่จัดการ (Managed soil),1,284.3,unit,141.03
4495,2563,7,วานรนิวาส,การปลูกข้าว (Rice),1,86.3,ไร่ (rai),116.07
4496,2562,8,อากาศอำนวย,พลังงานธุรกิจ (Commercial),2,235.3,unit,142.65
4497,2564,2,สว่างแดนดิน,การปลูกข้าว (Rice),1,74.5,ไร่ (rai),76.36
4498,2562,2,คำตากล้า,พลังงานธุรกิจ (Commercial),2,167.7,unit,100.6
4499,2563,7,กุสุมาลย์,การปลูกข้าว (Rice),1,95.4,ไร่ (rai),128.38
4500,2562,6,โพนนาแก้ว,การปลูกข้าว (Rice),1,114.2,ไร่ (rai),151.57
4501,2562,2,ภูพาน,การขนส่งทางถนน (On-road),1,59.7,1000 L,178.47
4502,2564,5,อากาศอำนวย,การปลูกข้าว (Rice),1,100.6,ไร่ (rai),135.13
4503,2563,12,นิคมน้ำอูน,การขนส่งทางถนน (On-road),1,27.2,1000 L,70.57
4504,2564,7,พังโคน,การปลูกข้าว (Rice),1,126.4,ไร่ (rai),161.22
4505,2564,9,วาริชภูมิ,การขนส่งทางถนน (On-road),1,44.9,1000 L,139.31
4506,2562,1,ค้อวัง,ปศุสัตว์ (Livestock),1,161.2,unit,137.83
4507,2563,7,ค้อวัง,การขนส่งทางถนน (On-road),1,20.7,1000 L,54.33
4508,2562,7,วาริชภูมิ,การปลูกข้าว (Rice),1,57.6,ไร่ (rai),74.36
4509,2562,8,พังโคน,พลังงานที่พักอาศัย (Residential),2,340.3,1000 kWh,173.37
4510,2562,2,คำตากล้า,การขนส่งทางถนน (On-road),1,43.2,1000 L,99.48
4511,2562,2,บ้านม่วง,ปศุสัตว์ (Livestock),1,147.5,unit,127.28
4512,2564,3,สว่างแดนดิน,ปศุสัตว์ (Livestock),1,87.8,unit,73.96
4513,2562,5,กุสุมาลย์,การปลูกข้าว (Rice),1,108.2,ไร่ (rai),148.31
4514,2564,2,พรรณานิคม,การปลูกข้าว (Rice),1,86.2,ไร่ (rai),109.25
4515,2564,1,บ้านม่วง,ปศุสัตว์ (Livestock),1,34.9,unit,25.32
4516,2563,11,พรรณานิคม,ฝังกลบขยะ (Landfill),1,140.8,unit,96.5
4517,2563,5,เจริญศิลป์,การปลูกข้าว (Rice),1,88.4,ไร่ (rai),121.65
4518,2562,10,วานรนิวาส,การปลูกข้าว (Rice),1,50.8,ไร่ (rai),68.48
4519,2562,2,สว่างแดนดิน,ปศุสัตว์ (Livestock),1,81.6,unit,62.28
4520,2564,3,วาริชภูมิ,การปลูกข้าว (Rice),1,139.6,ไร่ (rai),146.49
4521,2562,2,กุสุมาลย์,การปลูกข้าว (Rice),1,88.5,ไร่ (rai),107.04
4522,2564,2,เจริญศิลป์,การปลูกข้าว (Rice),1,89.8,ไร่ (rai),118.77
4523,2563,12,ส่องดาว,น้ำเสีย (Wastewater),1,130.6,unit,57.08
4524,2563,7,สว่างแดนดิน,การปลูกข้าว (Rice),1,98.9,ไร่ (rai),110.16
4525,2564,10,โคกศรีสุพรรณ,ปศุสัตว์ (Livestock),1,59.7,unit,46.77
4526,2563,8,วานรนิวาส,การปลูกข้าว (Rice),1,18.9,ไร่ (rai),21.36
4527,2564,1,วาริชภูมิ,การขนส่งทางถนน (On-road),1,31.5,1000 L,74.78
4528,2564,5,พรรณานิคม,การขนส่งทางถนน (On-road),1,23.0,1000 L,58.89
4529,2563,2,วาริชภูมิ,การปลูกข้าว (Rice),1,119.9,ไร่ (rai),147.15
4530,2564,1,วานรนิวาส,การขนส่งทางถนน (On-road),1,42.3,1000 L,107.43
4531,2562,12,โพนนาแก้ว,การปลูกข้าว (Rice),1,71.5,ไร่ (rai),92.29
4532,2563,7,พังโคน,น้ำเสีย (Wastewater),1,213.4,unit,97.81
4533,2563,12,โพนนาแก้ว,การขนส่งทางถนน (On-road),1,43.5,1000 L,129.84
4534,2563,5,สว่างแดนดิน,การปลูกข้าว (Rice),1,154.5,ไร่ (rai),160.48
4535,2564,10,พรรณานิคม,การปลูกข้าว (Rice),1,119.2,ไร่ (rai),144.73
4536,2562,3,วาริชภูมิ,ปศุสัตว์ (Livestock),1,94.9,unit,87.18
4537,2563,12,วานรนิวาส,การปลูกข้าว (Rice),1,73.5,ไร่ (rai),92.15
4538,2564,2,นิคมน้ำอูน,ปศุสัตว์ (Livestock),1,5.0,unit,4.01
4539,2564,12,เต่างอย,การปลูกข้าว (Rice),1,87.5,ไร่ (rai),112.65
4540,2563,7,พรรณานิคม,การขนส่งทางถนน (On-road),1,45.7,1000 L,119.89
4541,2562,12,โพนนาแก้ว,การขนส่งทางถนน (On-road),1,33.8,1000 L,84.95
4542,2562,9,ค้อวัง,การปลูกข้าว (Rice),1,76.5,ไร่ (rai),96.71
4543,2564,7,สว่างแดนดิน,ปศุสัตว์ (Livestock),1,183.8,unit,155.07
4544,2562,4,ภูพาน,การขนส่งทางถนน (On-road),1,57.5,1000 L,162.32
4545,2562,7,เจริญศิลป์,การปลูกข้าว (Rice),1,106.0,ไร่ (rai),140.94
4546,2564,8,นิคมน้ำอูน,การปลูกข้าว (Rice),1,68.7,ไร่ (rai),94.02
4547,2563,10,บ้านม่วง,การปลูกข้าว (Rice),1,116.4,ไร่ (rai),141.8
4548,2564,1,อากาศอำนวย,ปศุสัตว์ (Livestock),1,116.3,unit,96.11
4549,2562,10,โพนนาแก้ว,น้ำเสีย (Wastewater),1,172.6,unit,95.95
4550,2563,9,บ้านม่วง,ปศุสัตว์ (Livestock),1,105.8,unit,95.29
4551,2563,7,คำตากล้า,ปศุสัตว์ (Livestock),1,180.3,unit,143.67
4552,2562,5,สว่างแดนดิน,การปลูกข้าว (Rice),1,94.1,ไร่ (rai),122.0
4553,2564,8,สว่างแดนดิน,การปลูกข้าว (Rice),1,130.0,ไร่ (rai),160.24
4554,2564,5,โพนนาแก้ว,การขนส่งทางถนน (On-road),1,18.4,1000 L,51.79
4555,2562,3,พรรณานิคม,การปลูกข้าว (Rice),1,132.4,ไร่ (rai),136.37
4556,2562,12,วานรนิวาส,การปลูกข้าว (Rice),1,70.8,ไร่ (rai),90.75
4557,2563,7,ค้อวัง,การปลูกข้าว (Rice),1,59.7,ไร่ (rai),79.48
4558,2562,9,ค้อวัง,การปลูกข้าว (Rice),1,76.0,ไร่ (rai),84.76
4559,2562,8,พรรณานิคม,การปลูกข้าว (Rice),1,114.0,ไร่ (rai),120.99
4560,2562,5,อากาศอำนวย,น้ำเสีย (Wastewater),1,97.3,unit,53.16
4561,2562,6,วานรนิวาส,การปลูกข้าว (Rice),1,87.5,ไร่ (rai),107.12
4562,2564,4,คำตากล้า,การปลูกข้าว (Rice),1,60.9,ไร่ (rai),80.31
4563,2564,9,วานรนิวาส,น้ำเสีย (Wastewater),1,289.0,unit,152.96
4564,2564,7,พรรณานิคม,การปลูกข้าว (Rice),1,82.9,ไร่ (rai),98.73
4565,2563,12,กุสุมาลย์,พลังงานที่พักอาศัย (Residential),2,264.0,1000 kWh,135.59
4566,2564,6,สว่างแดนดิน,การปลูกข้าว (Rice),1,77.1,ไร่ (rai),82.14
4567,2563,1,พรรณานิคม,การปลูกข้าว (Rice),1,101.6,ไร่ (rai),133.21
4568,2562,8,เจริญศิลป์,ปศุสัตว์ (Livestock),1,92.7,unit,72.89
4569,2563,8,นิคมน้ำอูน,การขนส่งทางถนน (On-road),1,13.7,1000 L,33.78
4570,2564,11,เจริญศิลป์,ปศุสัตว์ (Livestock),1,5.0,unit,3.99
4571,2562,1,อากาศอำนวย,การปลูกข้าว (Rice),1,104.2,ไร่ (rai),129.35
4572,2562,12,เต่างอย,การขนส่งทางถนน (On-road),1,56.7,1000 L,158.43
4573,2564,4,โคกศรีสุพรรณ,การปลูกข้าว (Rice),1,64.5,ไร่ (rai),83.54
4574,2562,10,กุสุมาลย์,การขนส่งทางถนน (On-road),1,37.8,1000 L,106.1
4575,2564,2,สว่างแดนดิน,การปลูกข้าว (Rice),1,91.9,ไร่ (rai),121.63
4576,2563,1,พังโคน,การขนส่งทางถนน (On-road),1,23.7,1000 L,71.29
4577,2562,3,ค้อวัง,การปลูกข้าว (Rice),1,86.2,ไร่ (rai),104.49
4578,2563,7,เมืองสกลนคร,การขนส่งทางถนน (On-road),1,26.0,1000 L,60.42
4579,2562,12,เจริญศิลป์,การขนส่งทางถนน (On-road),1,39.9,1000 L,117.61
4580,2564,6,เจริญศิลป์,ปศุสัตว์ (Livestock),1,171.2,unit,140.14
4581,2564,2,ส่องดาว,การปลูกข้าว (Rice),1,99.2,ไร่ (rai),115.7
4582,2562,12,พังโคน,น้ำเสีย (Wastewater),1,295.2,unit,169.36
4583,2563,5,วานรนิวาส,ดินที่จัดการ (Managed soil),1,64.1,unit,31.5
4584,2563,5,นิคมน้ำอูน,การปลูกข้าว (Rice),1,111.2,ไร่ (rai),138.22
4585,2564,9,อากาศอำนวย,ปศุสัตว์ (Livestock),1,90.4,unit,64.76
4586,2564,6,พรรณานิคม,การปลูกข้าว (Rice),1,53.0,ไร่ (rai),66.6
4587,2562,11,ค้อวัง,การปลูกข้าว (Rice),1,121.8,ไร่ (rai),125.29
4588,2564,3,เมืองสกลนคร,การปลูกข้าว (Rice),1,67.6,ไร่ (rai),84.17
4589,2562,4,สว่างแดนดิน,การปลูกข้าว (Rice),1,89.8,ไร่ (rai),97.56
4590,2563,6,เมืองสกลนคร,การปลูกข้าว (Rice),1,97.7,ไร่ (rai),102.36
4591,2563,5,พังโคน,ดินที่จัดการ (Managed soil),1,154.0,unit,72.55
4592,2564,12,โพนนาแก้ว,การปลูกข้าว (Rice),1,43.5,ไร่ (rai),55.37
4593,2562,4,วาริชภูมิ,การปลูกข้าว (Rice),1,51.5,ไร่ (rai),58.88
4594,2564,2,เมืองสกลนคร,การปลูกข้าว (Rice),1,155.5,ไร่ (rai),198.84
4595,2564,8,ค้อวัง,น้ำเสีย (Wastewater),1,109.8,unit,59.09
4596,2562,12,โพนนาแก้ว,การปลูกข้าว (Rice),1,164.4,ไร่ (rai),201.54
4597,2562,11,โพนนาแก้ว,การปลูกข้าว (Rice),1,60.1,ไร่ (rai),63.18
4598,2562,10,กุสุมาลย์,การปลูกข้าว (Rice),1,54.9,ไร่ (rai),71.7
4599,2564,1,พรรณานิคม,น้ำเสีย (Wastewater),1,264.9,unit,151.47
4600,2564,1,เจริญศิลป์,การปลูกข้าว (Rice),1,166.2,ไร่ (rai),174.79
4601,2562,10,วานรนิวาส,การปลูกข้าว (Rice),1,87.1,ไร่ (rai),100.23
4602,2562,10,นิคมน้ำอูน,การปลูกข้าว (Rice),1,49.0,ไร่ (rai),65.81
4603,2563,1,วาริชภูมิ,การปลูกข้าว (Rice),1,133.6,ไร่ (rai),169.64
4604,2564,3,บ้านม่วง,การปลูกข้าว (Rice),1,56.1,ไร่ (rai),69.44
4605,2562,5,อากาศอำนวย,การปลูกข้าว (Rice),1,94.6,ไร่ (rai),103.4
4606,2564,4,สว่างแดนดิน,การขนส่งทางถนน (On-road),1,53.8,1000 L,132.13
4607,2563,11,วานรนิวาส,พลังงานที่พักอาศัย (Residential),2,179.0,1000 kWh,89.74
4608,2563,1,คำตากล้า,การปลูกข้าว (Rice),1,93.8,ไร่ (rai),117.25
4609,2563,12,คำตากล้า,การปลูกข้าว (Rice),1,83.1,ไร่ (rai),113.31
4610,2562,4,วาริชภูมิ,ฝังกลบขยะ (Landfill),1,135.1,unit,122.1
4611,2563,5,สว่างแดนดิน,ปศุสัตว์ (Livestock),1,158.6,unit,110.41
4612,2563,3,โพนนาแก้ว,ปศุสัตว์ (Livestock),1,76.8,unit,66.68
4613,2563,10,บ้านม่วง,การปลูกข้าว (Rice),1,97.9,ไร่ (rai),121.41
4614,2562,8,บ้านม่วง,การปลูกข้าว (Rice),1,124.4,ไร่ (rai),128.24
4615,2562,5,พรรณานิคม,การปลูกข้าว (Rice),1,98.7,ไร่ (rai),116.27
4616,2562,4,กุสุมาลย์,การขนส่งทางถนน (On-road),1,43.3,1000 L,99.62
4617,2563,2,นิคมน้ำอูน,ปศุสัตว์ (Livestock),1,118.8,unit,97.68
4618,2562,9,คำตากล้า,การขนส่งทางถนน (On-road),1,38.9,1000 L,90.92
4619,2563,5,พรรณานิคม,การปลูกข้าว (Rice),1,57.4,ไร่ (rai),75.19
4620,2562,12,โพนนาแก้ว,การปลูกข้าว (Rice),1,110.8,ไร่ (rai),113.8
4621,2563,12,คำตากล้า,การขนส่งทางถนน (On-road),1,39.7,1000 L,118.02
4622,2563,8,สว่างแดนดิน,การปลูกข้าว (Rice),1,95.0,ไร่ (rai),106.63
4623,2563,2,ค้อวัง,พลังงานธุรกิจ (Commercial),2,101.7,unit,61.45
4624,2563,5,เมืองสกลนคร,การปลูกข้าว (Rice),1,40.3,ไร่ (rai),41.61
4625,2562,8,ส่องดาว,การปลูกข้าว (Rice),1,115.3,ไร่ (rai),156.23
4626,2563,10,โคกศรีสุพรรณ,การปลูกข้าว (Rice),1,77.3,ไร่ (rai),104.77
4627,2563,1,พังโคน,การปลูกข้าว (Rice),1,98.1,ไร่ (rai),129.31
4628,2563,11,สว่างแดนดิน,การขนส่งทางถนน (On-road),1,44.5,1000 L,118.33
4629,2562,12,เมืองสกลนคร,การปลูกข้าว (Rice),1,104.5,ไร่ (rai),135.12
4630,2564,12,ภูพาน,การปลูกข้าว (Rice),1,58.0,ไร่ (rai),66.68
4631,2563,4,วาริชภูมิ,การปลูกข้าว (Rice),1,117.4,ไร่ (rai),141.71
4632,2564,4,เจริญศิลป์,ปศุสัตว์ (Livestock),1,148.4,unit,121.14
4633,2563,4,พรรณานิคม,การปลูกข้าว (Rice),1,52.7,ไร่ (rai),61.54
4634,2564,11,เจริญศิลป์,การปลูกข้าว (Rice),1,123.3,ไร่ (rai),129.57
4635,2562,4,โพนนาแก้ว,การปลูกข้าว (Rice),1,134.0,ไร่ (rai),154.92
4636,2563,7,บ้านม่วง,การปลูกข้าว (Rice),1,50.2,ไร่ (rai),58.43
4637,2563,5,โพนนาแก้ว,ปศุสัตว์ (Livestock),1,63.9,unit,58.29
4638,2564,12,อากาศอำนวย,การขนส่งทางถนน (On-road),1,40.2,1000 L,104.5
4639,2563,2,พังโคน,การขนส่งทางถนน (On-road),1,28.1,1000 L,68.16
4640,2564,5,เจริญศิลป์,การปลูกข้าว (Rice),1,86.5,ไร่ (rai),96.18
4641,2563,1,ค้อวัง,การปลูกข้าว (Rice),1,98.2,ไร่ (rai),126.34
4642,2562,3,ค้อวัง,การปลูกข้าว (Rice),1,127.0,ไร่ (rai),149.63
4643,2562,12,บ้านม่วง,พลังงานธุรกิจ (Commercial),2,209.8,unit,114.57
4644,2562,4,เจริญศิลป์,ฝังกลบขยะ (Landfill),1,89.7,unit,68.84
4645,2563,12,พังโคน,ฝังกลบขยะ (Landfill),1,219.2,unit,168.97
4646,2564,4,วานรนิวาส,การปลูกข้าว (Rice),1,168.4,ไร่ (rai),210.3
4647,2562,10,นิคมน้ำอูน,พลังงานธุรกิจ (Commercial),2,70.5,unit,39.62
4648,2562,8,โพนนาแก้ว,พลังงานที่พักอาศัย (Residential),2,194.7,1000 kWh,106.91
4649,2564,7,บ้านม่วง,การปลูกข้าว (Rice),1,62.6,ไร่ (rai),68.06
4650,2563,8,เต่างอย,ปศุสัตว์ (Livestock),1,134.3,unit,123.29
4651,2563,9,สว่างแดนดิน,ปศุสัตว์ (Livestock),1,98.9,unit,86.33
4652,2563,3,พังโคน,การปลูกข้าว (Rice),1,98.9,ไร่ (rai),110.62
4653,2563,10,กุสุมาลย์,การปลูกข้าว (Rice),1,166.9,ไร่ (rai),199.7
4654,2564,5,ค้อวัง,การปลูกข้าว (Rice),1,96.5,ไร่ (rai),111.39
4655,2562,5,วาริชภูมิ,ปศุสัตว์ (Livestock),1,99.8,unit,81.19
4656,2562,11,อากาศอำนวย,การขนส่งทางถนน (On-road),1,60.5,1000 L,170.52
4657,2564,4,กุสุมาลย์,การปลูกข้าว (Rice),1,59.6,ไร่ (rai),73.32
4658,2563,6,ค้อวัง,พลังงานที่พักอาศัย (Residential),2,209.6,1000 kWh,107.13
4659,2564,6,ภูพาน,การขนส่งทางถนน (On-road),1,40.8,1000 L,108.92
4660,2563,11,โคกศรีสุพรรณ,น้ำเสีย (Wastewater),1,189.6,unit,102.92
4661,2564,2,ค้อวัง,พลังงานธุรกิจ (Commercial),2,173.4,unit,96.3
4662,2563,2,ภูพาน,การปลูกข้าว (Rice),1,84.9,ไร่ (rai),100.49
4663,2562,3,เมืองสกลนคร,ปศุสัตว์ (Livestock),1,113.5,unit,103.27
4664,2563,2,พรรณานิคม,การขนส่งทางถนน (On-road),1,5.0,1000 L,13.97
4665,2563,5,คำตากล้า,การปลูกข้าว (Rice),1,97.9,ไร่ (rai),126.95
4666,2562,8,โพนนาแก้ว,การปลูกข้าว (Rice),1,82.7,ไร่ (rai),91.53
4667,2563,4,กุสุมาลย์,พลังงานที่พักอาศัย (Residential),2,159.7,1000 kWh,77.44
4668,2562,3,พรรณานิคม,พลังงานธุรกิจ (Commercial),2,218.0,unit,145.57
4669,2562,11,กุสุมาลย์,การขนส่งทางถนน (On-road),1,47.9,1000 L,124.27
4670,2563,4,เต่างอย,น้ำเสีย (Wastewater),1,193.3,unit,99.15
4671,2563,5,วาริชภูมิ,การขนส่งทางถนน (On-road),1,26.9,1000 L,69.09
4672,2564,3,กุสุมาลย์,การปลูกข้าว (Rice),1,89.0,ไร่ (rai),98.39
4673,2563,4,ส่องดาว,การขนส่งทางถนน (On-road),1,41.7,1000 L,124.52
4674,2563,5,วาริชภูมิ,การปลูกข้าว (Rice),1,42.7,ไร่ (rai),58.21
4675,2562,1,โพนนาแก้ว,ปศุสัตว์ (Livestock),1,188.9,unit,150.3
4676,2562,6,เจริญศิลป์,การขนส่งทางถนน (On-road),1,17.3,1000 L,52.45
4677,2564,10,สว่างแดนดิน,พลังงานที่พักอาศัย (Residential),2,126.8,1000 kWh,57.77
4678,2562,8,สว่างแดนดิน,ดินที่จัดการ (Managed soil),1,205.4,unit,104.47
4679,2564,10,บ้านม่วง,ฝังกลบขยะ (Landfill),1,135.2,unit,111.91
4680,2564,3,กุสุมาลย์,การปลูกข้าว (Rice),1,91.5,ไร่ (rai),120.97
4681,2564,2,วาริชภูมิ,ปศุสัตว์ (Livestock),1,112.5,unit,81.78
4682,2563,11,เต่างอย,การขนส่งทางถนน (On-road),1,24.9,1000 L,57.85
4683,2562,3,เต่างอย,การปลูกข้าว (Rice),1,84.4,ไร่ (rai),95.92
4684,2564,3,เมืองสกลนคร,ปศุสัตว์ (Livestock),1,61.5,unit,53.47
4685,2564,7,อากาศอำนวย,การขนส่งทางถนน (On-road),1,39.9,1000 L,99.93
4686,2564,9,วาริชภูมิ,การปลูกข้าว (Rice),1,113.0,ไร่ (rai),132.9
4687,2563,9,วาริชภูมิ,การปลูกข้าว (Rice),1,154.2,ไร่ (rai),189.91
4688,2562,8,วาริชภูมิ,การขนส่งทางถนน (On-road),1,34.5,1000 L,104.49
4689,2563,7,เต่างอย,การปลูกข้าว (Rice),1,91.2,ไร่ (rai),93.78
4690,2564,12,พังโคน,การขนส่งทางถนน (On-road),1,46.2,1000 L,123.94
4691,2563,1,วานรนิวาส,การปลูกข้าว (Rice),1,82.9,ไร่ (rai),96.76
4692,2563,11,วาริชภูมิ,การปลูกข้าว (Rice),1,109.8,ไร่ (rai),112.56
4693,2563,11,วานรนิวาส,พลังงานธุรกิจ (Commercial),2,34.5,unit,22.6
4694,2564,3,เมืองสกลนคร,ปศุสัตว์ (Livestock),1,158.4,unit,143.22
4695,2563,9,พังโคน,การปลูกข้าว (Rice),1,77.9,ไร่ (rai),81.11
4696,2563,4,บ้านม่วง,การขนส่งทางถนน (On-road),1,30.2,1000 L,93.11
4697,2562,12,โคกศรีสุพรรณ,การปลูกข้าว (Rice),1,33.7,ไร่ (rai),42.67
4698,2564,6,วาริชภูมิ,การปลูกข้าว (Rice),1,85.3,ไร่ (rai),106.51
4699,2563,3,สว่างแดนดิน,การปลูกข้าว (Rice),1,94.3,ไร่ (rai),100.71
4700,2564,9,วาริชภูมิ,การปลูกข้าว (Rice),1,79.8,ไร่ (rai),86.87
4701,2563,6,คำตากล้า,การปลูกข้าว (Rice),1,73.0,ไร่ (rai),98.72
4702,2564,5,นิคมน้ำอูน,การปลูกข้าว (Rice),1,87.7,ไร่ (rai),97.37
4703,2563,4,ส่องดาว,การปลูกข้าว (Rice),1,138.0,ไร่ (rai),151.58
4704,2562,6,เจริญศิลป์,การขนส่งทางถนน (On-road),1,41.7,1000 L,121.91
4705,2564,9,อากาศอำนวย,การปลูกข้าว (Rice),1,127.9,ไร่ (rai),143.11
4706,2562,12,ค้อวัง,พลังงานธุรกิจ (Commercial),2,248.7,unit,163.7
4707,2562,8,เต่างอย,ปศุสัตว์ (Livestock),1,112.6,unit,101.92
4708,2564,2,นิคมน้ำอูน,ดินที่จัดการ (Managed soil),1,209.7,unit,114.59
4709,2564,8,โพนนาแก้ว,การขนส่งทางถนน (On-road),1,54.2,1000 L,151.02
4710,2564,8,ภูพาน,การปลูกข้าว (Rice),1,84.7,ไร่ (rai),96.67
4711,2563,1,กุสุมาลย์,การขนส่งทางถนน (On-road),1,53.9,1000 L,149.86
4712,2564,3,เต่างอย,การขนส่งทางถนน (On-road),1,51.1,1000 L,132.68
4713,2562,8,คำตากล้า,การปลูกข้าว (Rice),1,48.2,ไร่ (rai),55.0
4714,2563,4,เต่างอย,ปศุสัตว์ (Livestock),1,170.8,unit,138.07
4715,2563,9,กุสุมาลย์,การขนส่งทางถนน (On-road),1,31.4,1000 L,84.96
4716,2562,2,สว่างแดนดิน,การปลูกข้าว (Rice),1,45.0,ไร่ (rai),59.78
4717,2563,10,บ้านม่วง,การปลูกข้าว (Rice),1,91.1,ไร่ (rai),99.29
4718,2563,4,อากาศอำนวย,ปศุสัตว์ (Livestock),1,82.8,unit,71.87
4719,2562,1,ค้อวัง,การปลูกข้าว (Rice),1,79.5,ไร่ (rai),88.5
4720,2563,8,โคกศรีสุพรรณ,การปลูกข้าว (Rice),1,52.1,ไร่ (rai),61.61
4721,2562,12,โคกศรีสุพรรณ,การปลูกข้าว (Rice),1,73.1,ไร่ (rai),75.89
4722,2563,10,กุสุมาลย์,การขนส่งทางถนน (On-road),1,21.3,1000 L,64.12
4723,2564,8,เต่างอย,การปลูกข้าว (Rice),1,56.9,ไร่ (rai),61.46
4724,2563,3,พรรณานิคม,การปลูกข้าว (Rice),1,114.7,ไร่ (rai),157.11
4725,2564,10,อากาศอำนวย,การขนส่งทางถนน (On-road),1,72.8,1000 L,225.55
4726,2563,3,สว่างแดนดิน,ปศุสัตว์ (Livestock),1,91.3,unit,82.68
4727,2562,8,สว่างแดนดิน,การขนส่งทางถนน (On-road),1,20.2,1000 L,50.78
4728,2562,9,กุสุมาลย์,การปลูกข้าว (Rice),1,61.5,ไร่ (rai),67.82
4729,2562,12,อากาศอำนวย,การขนส่งทางถนน (On-road),1,51.2,1000 L,125.16
4730,2564,10,โพนนาแก้ว,ฝังกลบขยะ (Landfill),1,67.7,unit,61.15
4731,2564,3,วานรนิวาส,การปลูกข้าว (Rice),1,65.6,ไร่ (rai),74.53
4732,2564,2,กุสุมาลย์,การปลูกข้าว (Rice),1,121.1,ไร่ (rai),138.66
4733,2564,10,พรรณานิคม,การขนส่งทางถนน (On-road),1,5.0,1000 L,14.72
4734,2564,3,บ้านม่วง,การขนส่งทางถนน (On-road),1,37.1,1000 L,86.47
4735,2564,2,โพนนาแก้ว,การปลูกข้าว (Rice),1,134.3,ไร่ (rai),175.57
4736,2563,5,โคกศรีสุพรรณ,ปศุสัตว์ (Livestock),1,117.6,unit,94.78
4737,2562,12,โพนนาแก้ว,ฝังกลบขยะ (Landfill),1,99.4,unit,90.79
4738,2564,2,สว่างแดนดิน,การปลูกข้าว (Rice),1,56.3,ไร่ (rai),75.66
4739,2564,6,โคกศรีสุพรรณ,ปศุสัตว์ (Livestock),1,229.6,unit,174.71
4740,2564,1,โคกศรีสุพรรณ,การปลูกข้าว (Rice),1,84.5,ไร่ (rai),95.37
4741,2562,3,บ้านม่วง,การขนส่งทางถนน (On-road),1,40.7,1000 L,120.58
4742,2564,9,บ้านม่วง,พลังงานที่พักอาศัย (Residential),2,185.6,1000 kWh,92.09
4743,2562,9,เจริญศิลป์,การปลูกข้าว (Rice),1,79.9,ไร่ (rai),94.98
4744,2562,3,วาริชภูมิ,การปลูกข้าว (Rice),1,125.8,ไร่ (rai),166.34
4745,2562,4,คำตากล้า,การขนส่งทางถนน (On-road),1,42.3,1000 L,104.93
4746,2564,10,เต่างอย,การปลูกข้าว (Rice),1,79.0,ไร่ (rai),93.45
4747,2562,2,เมืองสกลนคร,การขนส่งทางถนน (On-road),1,17.8,1000 L,54.6
4748,2563,10,พรรณานิคม,การปลูกข้าว (Rice),1,69.4,ไร่ (rai),92.68
4749,2562,4,เต่างอย,การปลูกข้าว (Rice),1,40.9,ไร่ (rai),48.42
4750,2563,9,เต่างอย,การขนส่งทางถนน (On-road),1,44.5,1000 L,128.89
4751,2563,10,โคกศรีสุพรรณ,ฝังกลบขยะ (Landfill),1,129.1,unit,102.75
4752,2562,10,วาริชภูมิ,การขนส่งทางถนน (On-road),1,46.0,1000 L,120.99
4753,2562,6,เจริญศิลป์,การปลูกข้าว (Rice),1,54.1,ไร่ (rai),59.35
4754,2563,6,โพนนาแก้ว,ปศุสัตว์ (Livestock),1,204.8,unit,178.09
4755,2564,5,วานรนิวาส,ปศุสัตว์ (Livestock),1,5.0,unit,4.1
4756,2563,9,โพนนาแก้ว,การปลูกข้าว (Rice),1,109.9,ไร่ (rai),112.88
4757,2562,12,เจริญศิลป์,การปลูกข้าว (Rice),1,92.9,ไร่ (rai),115.37
4758,2564,11,วานรนิวาส,น้ำเสีย (Wastewater),1,270.0,unit,150.53
4759,2564,12,พรรณานิคม,การปลูกข้าว (Rice),1,102.6,ไร่ (rai),132.47
4760,2564,10,สว่างแดนดิน,การปลูกข้าว (Rice),1,109.1,ไร่ (rai),129.39
4761,2563,12,โพนนาแก้ว,การขนส่งทางถนน (On-road),1,53.0,1000 L,134.09
4762,2563,1,เต่างอย,การขนส่งทางถนน (On-road),1,29.9,1000 L,70.26
4763,2564,12,โพนนาแก้ว,การขนส่งทางถนน (On-road),1,66.3,1000 L,155.16
4764,2563,8,อากาศอำนวย,การปลูกข้าว (Rice),1,122.9,ไร่ (rai),165.73
4765,2564,5,กุสุมาลย์,การปลูกข้าว (Rice),1,69.8,ไร่ (rai),90.18
4766,2564,12,ภูพาน,การปลูกข้าว (Rice),1,143.2,ไร่ (rai),155.95
4767,2562,5,บ้านม่วง,ดินที่จัดการ (Managed soil),1,240.7,unit,135.88
4768,2563,8,อากาศอำนวย,การขนส่งทางถนน (On-road),1,5.0,1000 L,12.25
4769,2564,8,ภูพาน,การขนส่งทางถนน (On-road),1,58.1,1000 L,150.22
4770,2562,10,พรรณานิคม,การขนส่งทางถนน (On-road),1,72.7,1000 L,187.37
4771,2564,4,คำตากล้า,พลังงานที่พักอาศัย (Residential),2,268.7,1000 kWh,140.42
4772,2563,4,พังโคน,การปลูกข้าว (Rice),1,86.0,ไร่ (rai),94.0
4773,2564,5,นิคมน้ำอูน,พลังงานธุรกิจ (Commercial),2,215.5,unit,119.98
4774,2563,8,ค้อวัง,การปลูกข้าว (Rice),1,106.7,ไร่ (rai),125.49
4775,2563,8,โพนนาแก้ว,พลังงานธุรกิจ (Commercial),2,44.8,unit,30.76
4776,2564,5,สว่างแดนดิน,การปลูกข้าว (Rice),1,80.9,ไร่ (rai),107.65
4777,2564,11,วานรนิวาส,ฝังกลบขยะ (Landfill),1,124.7,unit,110.22
4778,2564,12,วาริชภูมิ,ดินที่จัดการ (Managed soil),1,252.8,unit,114.33
4779,2564,11,ค้อวัง,การปลูกข้าว (Rice),1,63.0,ไร่ (rai),65.45
4780,2563,3,เต่างอย,การขนส่งทางถนน (On-road),1,40.2,1000 L,123.09
4781,2562,10,เต่างอย,การปลูกข้าว (Rice),1,123.2,ไร่ (rai),141.96
4782,2562,7,ส่องดาว,การปลูกข้าว (Rice),1,85.2,ไร่ (rai),94.62
4783,2563,12,ส่องดาว,พลังงานธุรกิจ (Commercial),2,199.2,unit,122.54
4784,2564,10,เจริญศิลป์,การปลูกข้าว (Rice),1,87.9,ไร่ (rai),91.01
4785,2562,1,พรรณานิคม,การขนส่งทางถนน (On-road),1,26.9,1000 L,68.31
4786,2563,1,นิคมน้ำอูน,การปลูกข้าว (Rice),1,80.3,ไร่ (rai),83.85
4787,2563,9,เต่างอย,การปลูกข้าว (Rice),1,9.2,ไร่ (rai),11.69
4788,2563,3,วาริชภูมิ,การปลูกข้าว (Rice),1,93.8,ไร่ (rai),115.64
4789,2562,5,เจริญศิลป์,การปลูกข้าว (Rice),1,68.7,ไร่ (rai),73.64
4790,2562,11,พรรณานิคม,ฝังกลบขยะ (Landfill),1,57.7,unit,51.01
4791,2563,7,เจริญศิลป์,ฝังกลบขยะ (Landfill),1,71.6,unit,57.78
4792,2563,9,กุสุมาลย์,ปศุสัตว์ (Livestock),1,174.3,unit,136.9
4793,2563,4,ภูพาน,การขนส่งทางถนน (On-road),1,54.7,1000 L,163.46
4794,2562,6,อากาศอำนวย,ปศุสัตว์ (Livestock),1,163.1,unit,148.76
4795,2563,6,อากาศอำนวย,การปลูกข้าว (Rice),1,55.8,ไร่ (rai),72.27
4796,2564,5,คำตากล้า,การปลูกข้าว (Rice),1,83.8,ไร่ (rai),103.65
4797,2562,1,พรรณานิคม,การขนส่งทางถนน (On-road),1,31.0,1000 L,93.11
4798,2564,7,โพนนาแก้ว,พลังงานที่พักอาศัย (Residential),2,229.9,1000 kWh,119.89
4799,2564,6,เต่างอย,การปลูกข้าว (Rice),1,91.5,ไร่ (rai),110.44
4800,2563,5,เมืองสกลนคร,การปลูกข้าว (Rice),1,110.4,ไร่ (rai),126.8
4801,2562,4,วานรนิวาส,การขนส่งทางถนน (On-road),1,10.3,1000 L,30.73
4802,2563,5,คำตากล้า,การปลูกข้าว (Rice),1,90.1,ไร่ (rai),122.27
4803,2564,8,บ้านม่วง,น้ำเสีย (Wastewater),1,217.6,unit,97.49
4804,2564,2,คำตากล้า,การปลูกข้าว (Rice),1,137.9,ไร่ (rai),172.01
4805,2562,11,สว่างแดนดิน,การปลูกข้าว (Rice),1,49.3,ไร่ (rai),66.28
4806,2562,1,นิคมน้ำอูน,การขนส่งทางถนน (On-road),1,6.4,1000 L,18.87
4807,2562,11,อากาศอำนวย,ปศุสัตว์ (Livestock),1,229.9,unit,171.52
4808,2562,12,พรรณานิคม,พลังงานธุรกิจ (Commercial),2,230.7,unit,152.04
4809,2562,6,วานรนิวาส,การขนส่งทางถนน (On-road),1,39.4,1000 L,112.25
4810,2562,9,เมืองสกลนคร,ปศุสัตว์ (Livestock),1,35.1,unit,29.51
4811,2562,2,ภูพาน,การปลูกข้าว (Rice),1,45.8,ไร่ (rai),52.66
4812,2564,3,ภูพาน,การปลูกข้าว (Rice),1,71.9,ไร่ (rai),75.3
4813,2563,11,วาริชภูมิ,ฝังกลบขยะ (Landfill),1,5.0,unit,4.42
4814,2564,8,ภูพาน,การปลูกข้าว (Rice),1,180.6,ไร่ (rai),233.83
4815,2562,5,วานรนิวาส,การปลูกข้าว (Rice),1,109.5,ไร่ (rai),137.7
4816,2563,3,นิคมน้ำอูน,การปลูกข้าว (Rice),1,65.7,ไร่ (rai),84.64
4817,2562,6,คำตากล้า,การขนส่งทางถนน (On-road),1,47.6,1000 L,135.36
4818,2564,1,อากาศอำนวย,การปลูกข้าว (Rice),1,66.0,ไร่ (rai),90.15
4819,2564,7,ภูพาน,การปลูกข้าว (Rice),1,118.2,ไร่ (rai),139.43
4820,2564,4,เต่างอย,การปลูกข้าว (Rice),1,151.7,ไร่ (rai),170.65
4821,2562,6,สว่างแดนดิน,การปลูกข้าว (Rice),1,92.5,ไร่ (rai),108.21
4822,2564,8,บ้านม่วง,การปลูกข้าว (Rice),1,71.7,ไร่ (rai),91.71
4823,2562,10,กุสุมาลย์,การปลูกข้าว (Rice),1,73.2,ไร่ (rai),85.22
4824,2564,11,บ้านม่วง,การปลูกข้าว (Rice),1,104.1,ไร่ (rai),128.95
4825,2564,4,พรรณานิคม,น้ำเสีย (Wastewater),1,230.7,unit,128.52
4826,2564,4,บ้านม่วง,การปลูกข้าว (Rice),1,92.9,ไร่ (rai),103.51
4827,2563,9,วานรนิวาส,การปลูกข้าว (Rice),1,50.4,ไร่ (rai),63.51
4828,2564,11,พรรณานิคม,การปลูกข้าว (Rice),1,62.9,ไร่ (rai),80.81
4829,2562,6,วานรนิวาส,น้ำเสีย (Wastewater),1,351.7,unit,183.11
4830,2563,1,วาริชภูมิ,พลังงานที่พักอาศัย (Residential),2,206.4,1000 kWh,116.08
4831,2562,12,โพนนาแก้ว,การปลูกข้าว (Rice),1,78.9,ไร่ (rai),84.89
4832,2562,10,สว่างแดนดิน,การปลูกข้าว (Rice),1,90.8,ไร่ (rai),98.86
4833,2564,11,พรรณานิคม,การขนส่งทางถนน (On-road),1,29.9,1000 L,78.11
4834,2563,3,กุสุมาลย์,การปลูกข้าว (Rice),1,104.6,ไร่ (rai),113.85
4835,2564,1,ส่องดาว,ดินที่จัดการ (Managed soil),1,307.1,unit,156.0
4836,2562,5,ค้อวัง,การปลูกข้าว (Rice),1,65.5,ไร่ (rai),89.66
4837,2564,6,ส่องดาว,การปลูกข้าว (Rice),1,52.9,ไร่ (rai),65.48
4838,2564,8,พรรณานิคม,การขนส่งทางถนน (On-road),1,36.0,1000 L,91.6
4839,2562,2,อากาศอำนวย,การปลูกข้าว (Rice),1,90.8,ไร่ (rai),103.52
4840,2564,9,เมืองสกลนคร,ปศุสัตว์ (Livestock),1,39.5,unit,34.79
4841,2563,11,บ้านม่วง,การปลูกข้าว (Rice),1,5.0,ไร่ (rai),6.77
4842,2563,3,บ้านม่วง,การขนส่งทางถนน (On-road),1,46.6,1000 L,111.94
4843,2562,2,สว่างแดนดิน,การขนส่งทางถนน (On-road),1,29.3,1000 L,70.47
4844,2564,9,เมืองสกลนคร,การปลูกข้าว (Rice),1,55.9,ไร่ (rai),69.81
4845,2563,7,วาริชภูมิ,การปลูกข้าว (Rice),1,128.4,ไร่ (rai),166.62
4846,2563,4,พรรณานิคม,การขนส่งทางถนน (On-road),1,32.0,1000 L,79.89
4847,2563,6,เต่างอย,การปลูกข้าว (Rice),1,39.3,ไร่ (rai),51.34
4848,2564,4,คำตากล้า,การขนส่งทางถนน (On-road),1,44.9,1000 L,114.06
4849,2562,7,โคกศรีสุพรรณ,การปลูกข้าว (Rice),1,61.3,ไร่ (rai),75.4
4850,2563,5,คำตากล้า,การขนส่งทางถนน (On-road),1,57.2,1000 L,142.51
4851,2564,11,โพนนาแก้ว,ดินที่จัดการ (Managed soil),1,233.9,unit,120.22
4852,2562,7,เมืองสกลนคร,การขนส่งทางถนน (On-road),1,21.1,1000 L,60.46
4853,2564,6,กุสุมาลย์,การปลูกข้าว (Rice),1,108.4,ไร่ (rai),121.65
4854,2563,8,พรรณานิคม,การปลูกข้าว (Rice),1,134.7,ไร่ (rai),145.38
4855,2564,11,พังโคน,ปศุสัตว์ (Livestock),1,165.4,unit,115.36
4856,2562,9,คำตากล้า,พลังงานธุรกิจ (Commercial),2,164.1,unit,91.28
4857,2562,6,โพนนาแก้ว,ปศุสัตว์ (Livestock),1,74.5,unit,51.71
4858,2562,2,กุสุมาลย์,การขนส่งทางถนน (On-road),1,57.9,1000 L,173.58
4859,2564,3,โพนนาแก้ว,การปลูกข้าว (Rice),1,90.4,ไร่ (rai),99.78
4860,2563,11,เจริญศิลป์,การปลูกข้าว (Rice),1,76.1,ไร่ (rai),97.73
4861,2564,9,พรรณานิคม,การปลูกข้าว (Rice),1,98.5,ไร่ (rai),100.71
4862,2563,2,เจริญศิลป์,พลังงานที่พักอาศัย (Residential),2,121.4,1000 kWh,62.05
4863,2562,10,เต่างอย,การปลูกข้าว (Rice),1,111.0,ไร่ (rai),144.72
4864,2563,2,โคกศรีสุพรรณ,การขนส่งทางถนน (On-road),1,43.3,1000 L,119.19
4865,2563,8,โพนนาแก้ว,การปลูกข้าว (Rice),1,80.7,ไร่ (rai),84.87
4866,2562,7,อากาศอำนวย,การปลูกข้าว (Rice),1,138.3,ไร่ (rai),157.54
4867,2562,2,อากาศอำนวย,การปลูกข้าว (Rice),1,86.7,ไร่ (rai),104.82
4868,2563,11,เมืองสกลนคร,ฝังกลบขยะ (Landfill),1,165.6,unit,135.09
4869,2564,7,คำตากล้า,การปลูกข้าว (Rice),1,51.2,ไร่ (rai),60.85
4870,2564,12,อากาศอำนวย,การขนส่งทางถนน (On-road),1,37.3,1000 L,102.22
4871,2562,12,พรรณานิคม,น้ำเสีย (Wastewater),1,258.7,unit,131.23
4872,2562,1,กุสุมาลย์,การขนส่งทางถนน (On-road),1,31.7,1000 L,86.1
4873,2564,1,อากาศอำนวย,การปลูกข้าว (Rice),1,57.5,ไร่ (rai),68.59
4874,2564,10,ค้อวัง,การปลูกข้าว (Rice),1,89.1,ไร่ (rai),107.56
4875,2564,4,โพนนาแก้ว,การขนส่งทางถนน (On-road),1,15.8,1000 L,44.72
4876,2562,4,โคกศรีสุพรรณ,การปลูกข้าว (Rice),1,117.5,ไร่ (rai),147.64
4877,2562,6,ค้อวัง,การขนส่งทางถนน (On-road),1,54.9,1000 L,160.02
4878,2562,11,อากาศอำนวย,การขนส่งทางถนน (On-road),1,45.9,1000 L,113.72
4879,2562,2,นิคมน้ำอูน,ปศุสัตว์ (Livestock),1,148.7,unit,134.72
4880,2562,9,พังโคน,การขนส่งทางถนน (On-road),1,41.6,1000 L,97.18
4881,2563,5,โคกศรีสุพรรณ,การปลูกข้าว (Rice),1,80.8,ไร่ (rai),87.65
4882,2563,10,กุสุมาลย์,น้ำเสีย (Wastewater),1,305.1,unit,148.27
4883,2562,7,ภูพาน,การปลูกข้าว (Rice),1,35.8,ไร่ (rai),37.2
4884,2563,1,เมืองสกลนคร,การขนส่งทางถนน (On-road),1,26.5,1000 L,81.46
4885,2562,4,พรรณานิคม,พลังงานธุรกิจ (Commercial),2,46.2,unit,31.5
4886,2564,7,พรรณานิคม,การปลูกข้าว (Rice),1,46.1,ไร่ (rai),63.09
4887,2563,10,คำตากล้า,การขนส่งทางถนน (On-road),1,37.5,1000 L,110.76
4888,2563,12,ส่องดาว,การปลูกข้าว (Rice),1,60.2,ไร่ (rai),62.88
4889,2562,10,สว่างแดนดิน,การปลูกข้าว (Rice),1,66.9,ไร่ (rai),77.48
4890,2563,5,บ้านม่วง,ปศุสัตว์ (Livestock),1,205.0,unit,185.36
4891,2564,6,เมืองสกลนคร,การปลูกข้าว (Rice),1,87.6,ไร่ (rai),110.08
4892,2562,6,เมืองสกลนคร,การปลูกข้าว (Rice),1,128.3,ไร่ (rai),135.61
4893,2564,6,ค้อวัง,การปลูกข้าว (Rice),1,103.4,ไร่ (rai),106.18
4894,2564,2,โพนนาแก้ว,พลังงานที่พักอาศัย (Residential),2,323.2,1000 kWh,174.59
4895,2562,11,อากาศอำนวย,การปลูกข้าว (Rice),1,34.9,ไร่ (rai),41.23
4896,2563,4,ส่องดาว,ปศุสัตว์ (Livestock),1,111.8,unit,77.68
4897,2562,6,ส่องดาว,การปลูกข้าว (Rice),1,101.5,ไร่ (rai),115.77
4898,2562,9,เต่างอย,การปลูกข้าว (Rice),1,58.6,ไร่ (rai),75.36
4899,2564,9,กุสุมาลย์,การขนส่งทางถนน (On-road),1,26.1,1000 L,61.71
4900,2563,12,เมืองสกลนคร,การปลูกข้าว (Rice),1,128.8,ไร่ (rai),164.61
4901,2563,8,เต่างอย,ปศุสัตว์ (Livestock),1,66.9,unit,46.57
4902,2564,10,คำตากล้า,ปศุสัตว์ (Livestock),1,73.2,unit,57.69
4903,2564,6,ภูพาน,การปลูกข้าว (Rice),1,61.4,ไร่ (rai),67.14
4904,2564,7,วานรนิวาส,ปศุสัตว์ (Livestock),1,67.4,unit,56.97
4905,2563,6,โพนนาแก้ว,การปลูกข้าว (Rice),1,52.2,ไร่ (rai),70.8
4906,2564,12,ส่องดาว,การขนส่งทางถนน (On-road),1,5.0,1000 L,13.11
4907,2564,3,พรรณานิคม,การปลูกข้าว (Rice),1,94.1,ไร่ (rai),120.53
4908,2563,10,วาริชภูมิ,การปลูกข้าว (Rice),1,79.6,ไร่ (rai),97.74
4909,2563,12,ภูพาน,การปลูกข้าว (Rice),1,61.9,ไร่ (rai),65.44
4910,2562,1,นิคมน้ำอูน,ปศุสัตว์ (Livestock),1,80.5,unit,67.16
4911,2562,8,บ้านม่วง,การปลูกข้าว (Rice),1,82.8,ไร่ (rai),92.19
4912,2564,4,นิคมน้ำอูน,การปลูกข้าว (Rice),1,72.3,ไร่ (rai),76.56
4913,2564,12,โคกศรีสุพรรณ,การขนส่งทางถนน (On-road),1,46.4,1000 L,110.1
4914,2563,3,สว่างแดนดิน,ฝังกลบขยะ (Landfill),1,130.4,unit,117.61
4915,2563,3,เมืองสกลนคร,การปลูกข้าว (Rice),1,62.5,ไร่ (rai),79.77
4916,2563,4,พรรณานิคม,การปลูกข้าว (Rice),1,69.7,ไร่ (rai),82.5
4917,2563,11,ค้อวัง,การปลูกข้าว (Rice),1,76.2,ไร่ (rai),92.4
4918,2562,7,เมืองสกลนคร,การปลูกข้าว (Rice),1,85.9,ไร่ (rai),116.87
4919,2562,8,โพนนาแก้ว,ฝังกลบขยะ (Landfill),1,72.1,unit,56.23
4920,2564,12,กุสุมาลย์,การปลูกข้าว (Rice),1,80.7,ไร่ (rai),99.64
4921,2564,2,วาริชภูมิ,การขนส่งทางถนน (On-road),1,21.6,1000 L,62.93
4922,2564,1,เต่างอย,การปลูกข้าว (Rice),1,38.2,ไร่ (rai),51.19
4923,2562,6,คำตากล้า,พลังงานธุรกิจ (Commercial),2,125.8,unit,72.52
4924,2563,12,ส่องดาว,การขนส่งทางถนน (On-road),1,55.9,1000 L,162.24
4925,2562,2,โพนนาแก้ว,พลังงานที่พักอาศัย (Residential),2,218.7,1000 kWh,99.26
4926,2563,5,คำตากล้า,การปลูกข้าว (Rice),1,46.5,ไร่ (rai),51.49
4927,2564,6,พรรณานิคม,พลังงานที่พักอาศัย (Residential),2,421.2,1000 kWh,201.59
4928,2563,12,เมืองสกลนคร,การขนส่งทางถนน (On-road),1,54.8,1000 L,164.42
4929,2562,10,บ้านม่วง,การปลูกข้าว (Rice),1,27.7,ไร่ (rai),29.13
4930,2562,2,อากาศอำนวย,การปลูกข้าว (Rice),1,74.6,ไร่ (rai),100.56
4931,2563,8,พรรณานิคม,การขนส่งทางถนน (On-road),1,5.8,1000 L,13.88
4932,2564,6,พรรณานิคม,การขนส่งทางถนน (On-road),1,59.7,1000 L,175.6
4933,2564,10,ส่องดาว,การปลูกข้าว (Rice),1,115.3,ไร่ (rai),156.09
4934,2562,3,ส่องดาว,การปลูกข้าว (Rice),1,29.7,ไร่ (rai),33.87
4935,2564,6,กุสุมาลย์,การปลูกข้าว (Rice),1,65.7,ไร่ (rai),74.37
4936,2562,9,อากาศอำนวย,การปลูกข้าว (Rice),1,90.0,ไร่ (rai),121.47
4937,2562,9,เจริญศิลป์,การปลูกข้าว (Rice),1,123.6,ไร่ (rai),138.33
4938,2563,2,ภูพาน,การปลูกข้าว (Rice),1,137.6,ไร่ (rai),185.93
4939,2563,8,พังโคน,พลังงานที่พักอาศัย (Residential),2,216.8,1000 kWh,103.74
4940,2563,6,บ้านม่วง,การปลูกข้าว (Rice),1,148.2,ไร่ (rai),195.85
4941,2562,8,กุสุมาลย์,ฝังกลบขยะ (Landfill),1,259.5,unit,202.14
4942,2563,10,ส่องดาว,การปลูกข้าว (Rice),1,91.1,ไร่ (rai),97.45
4943,2563,10,โพนนาแก้ว,การปลูกข้าว (Rice),1,126.9,ไร่ (rai),140.49
4944,2562,2,ส่องดาว,การปลูกข้าว (Rice),1,61.5,ไร่ (rai),70.37
4945,2562,7,สว่างแดนดิน,ฝังกลบขยะ (Landfill),1,114.2,unit,83.3
4946,2564,9,พังโคน,ฝังกลบขยะ (Landfill),1,84.5,unit,61.83
4947,2562,10,เจริญศิลป์,ปศุสัตว์ (Livestock),1,137.7,unit,113.29
4948,2563,4,ภูพาน,พลังงานธุรกิจ (Commercial),2,92.3,unit,51.57
4949,2564,5,วาริชภูมิ,ปศุสัตว์ (Livestock),1,73.2,unit,52.52
4950,2564,8,ภูพาน,การปลูกข้าว (Rice),1,134.1,ไร่ (rai),150.59
4951,2562,10,โคกศรีสุพรรณ,ปศุสัตว์ (Livestock),1,61.1,unit,49.95
4952,2563,8,เมืองสกลนคร,การขนส่งทางถนน (On-road),1,34.4,1000 L,89.21
4953,2562,7,เต่างอย,การปลูกข้าว (Rice),1,118.1,ไร่ (rai),128.38
4954,2562,7,โคกศรีสุพรรณ,ดินที่จัดการ (Managed soil),1,312.4,unit,170.54
4955,2564,12,ภูพาน,ปศุสัตว์ (Livestock),1,129.1,unit,110.15
4956,2563,8,คำตากล้า,การปลูกข้าว (Rice),1,7.8,ไร่ (rai),9.64
4957,2563,7,พรรณานิคม,การปลูกข้าว (Rice),1,100.7,ไร่ (rai),117.27
4958,2562,9,ภูพาน,การปลูกข้าว (Rice),1,52.3,ไร่ (rai),71.13
4959,2562,4,อากาศอำนวย,ปศุสัตว์ (Livestock),1,196.1,unit,138.43
4960,2564,2,นิคมน้ำอูน,ฝังกลบขยะ (Landfill),1,188.8,unit,173.29
4961,2563,12,อากาศอำนวย,การปลูกข้าว (Rice),1,80.3,ไร่ (rai),103.19
4962,2564,10,คำตากล้า,การปลูกข้าว (Rice),1,44.3,ไร่ (rai),50.96
4963,2564,4,นิคมน้ำอูน,การปลูกข้าว (Rice),1,127.2,ไร่ (rai),164.23
4964,2562,4,โคกศรีสุพรรณ,การปลูกข้าว (Rice),1,131.1,ไร่ (rai),158.81
4965,2562,4,อากาศอำนวย,การขนส่งทางถนน (On-road),1,45.1,1000 L,118.57
4966,2562,8,ภูพาน,การขนส่งทางถนน (On-road),1,30.8,1000 L,77.65
4967,2562,9,เจริญศิลป์,การปลูกข้าว (Rice),1,46.5,ไร่ (rai),52.72
4968,2564,8,อากาศอำนวย,การปลูกข้าว (Rice),1,94.4,ไร่ (rai),100.61
4969,2562,6,อากาศอำนวย,การปลูกข้าว (Rice),1,89.0,ไร่ (rai),107.69
4970,2563,10,บ้านม่วง,ฝังกลบขยะ (Landfill),1,145.1,unit,121.01
4971,2562,4,พรรณานิคม,ปศุสัตว์ (Livestock),1,107.4,unit,76.45
4972,2563,9,พรรณานิคม,การปลูกข้าว (Rice),1,81.3,ไร่ (rai),99.51
4973,2562,4,เจริญศิลป์,การขนส่งทางถนน (On-road),1,51.3,1000 L,149.04
4974,2564,10,ค้อวัง,การปลูกข้าว (Rice),1,69.4,ไร่ (rai),93.9
4975,2562,6,เมืองสกลนคร,การขนส่งทางถนน (On-road),1,59.4,1000 L,157.48
4976,2562,11,เจริญศิลป์,การปลูกข้าว (Rice),1,81.2,ไร่ (rai),93.1
4977,2564,10,เจริญศิลป์,การขนส่งทางถนน (On-road),1,22.0,1000 L,51.21
4978,2562,9,วาริชภูมิ,การขนส่งทางถนน (On-road),1,31.9,1000 L,92.91
4979,2562,10,เมืองสกลนคร,การปลูกข้าว (Rice),1,87.6,ไร่ (rai),113.23
4980,2562,7,พังโคน,การปลูกข้าว (Rice),1,136.0,ไร่ (rai),147.33
4981,2564,2,เจริญศิลป์,พลังงานที่พักอาศัย (Residential),2,270.7,1000 kWh,117.75
4982,2562,6,วาริชภูมิ,พลังงานที่พักอาศัย (Residential),2,132.0,1000 kWh,60.53
4983,2564,3,สว่างแดนดิน,ปศุสัตว์ (Livestock),1,104.4,unit,94.7
4984,2564,5,กุสุมาลย์,การปลูกข้าว (Rice),1,87.6,ไร่ (rai),105.72
4985,2563,3,เมืองสกลนคร,การปลูกข้าว (Rice),1,97.8,ไร่ (rai),123.21
4986,2564,7,ภูพาน,การขนส่งทางถนน (On-road),1,58.5,1000 L,152.95
4987,2562,1,เจริญศิลป์,พลังงานที่พักอาศัย (Residential),2,361.4,1000 kWh,165.31
4988,2564,9,โคกศรีสุพรรณ,พลังงานที่พักอาศัย (Residential),2,165.6,1000 kWh,92.76
4989,2563,12,พรรณานิคม,การขนส่งทางถนน (On-road),1,19.2,1000 L,58.09
4990,2564,2,สว่างแดนดิน,ดินที่จัดการ (Managed soil),1,180.7,unit,102.65
4991,2562,6,ค้อวัง,การปลูกข้าว (Rice),1,41.2,ไร่ (rai),44.21
4992,2563,8,โคกศรีสุพรรณ,การปลูกข้าว (Rice),1,108.0,ไร่ (rai),146.96
4993,2562,11,เจริญศิลป์,การปลูกข้าว (Rice),1,56.5,ไร่ (rai),72.59
4994,2563,1,พังโคน,การขนส่งทางถนน (On-road),1,34.7,1000 L,99.68
4995,2562,1,เมืองสกลนคร,การขนส่งทางถนน (On-road),1,45.8,1000 L,112.0
4996,2562,5,คำตากล้า,น้ำเสีย (Wastewater),1,313.3,unit,146.66
4997,2562,3,โพนนาแก้ว,การปลูกข้าว (Rice),1,156.3,ไร่ (rai),171.29
4998,2563,2,โคกศรีสุพรรณ,การปลูกข้าว (Rice),1,79.2,ไร่ (rai),106.74
4999,2564,1,เมืองสกลนคร,พลังงานที่พักอาศัย (Residential),2,201.3,1000 kWh,105.43
5000,2564,1,พรรณานิคม,การปลูกข้าว (Rice),1,58.5,ไร่ (rai),77.27
